开始时间: Mon Oct  5 03:08:02 UTC 2026
模式: ACCESS-CM2
集合: ENSO_tel
开始时间: Mon Oct  5 03:08:02 UTC 2026
模式: ACCESS-ESM1-5
集合: ENSO_perf
开始时间: Mon Oct  5 03:08:02 UTC 2026
模式: ACCESS-ESM1-5
集合: ENSO_proc
Python: Python 3.11.16
Python: Python 3.11.16
Python: Python 3.11.16
开始时间: Mon Oct  5 03:08:02 UTC 2026
模式: CESM2
集合: ENSO_perf
数据清单: /g/data/p66/ars599/ENSO_metrics/results_gadi_full/manifests/inventory.json
ACCESS-ESM1-5: root=/g/data/fs38/publications/CMIP6/CMIP/CSIRO/ACCESS-ESM1-5/historical/r1i1p1f1, variables=['lhf', 'lwr', 'pr', 'shf', 'ssh', 'sst', 'swr', 'taux', 'tauy', 'thf'], split=[]
数据清单: /g/data/p66/ars599/ENSO_metrics/results_gadi_full/manifests/inventory.json
ACCESS-ESM1-5: root=/g/data/fs38/publications/CMIP6/CMIP/CSIRO/ACCESS-ESM1-5/historical/r1i1p1f1, variables=['lhf', 'lwr', 'pr', 'shf', 'ssh', 'sst', 'swr', 'taux', 'tauy', 'thf'], split=[]
数据清单: /g/data/p66/ars599/ENSO_metrics/results_gadi_full/manifests/inventory.json
ACCESS-CM2: root=/g/data/fs38/publications/CMIP6/CMIP/CSIRO-ARCCSS/ACCESS-CM2/historical/r1i1p1f1, variables=['lhf', 'lwr', 'pr', 'shf', 'ssh', 'sst', 'swr', 'taux', 'tauy', 'thf'], split=[]
开始时间: Mon Oct  5 03:08:02 UTC 2026
模式: TaiESM1
集合: ENSO_tel
开始时间: Mon Oct  5 03:08:02 UTC 2026
模式: CESM2
集合: ENSO_proc
Python: Python 3.11.16
Python: Python 3.11.16
Python: Python 3.11.16
数据清单: /g/data/p66/ars599/ENSO_metrics/results_gadi_full/manifests/inventory.json
CESM2: root=/g/data/oi10/replicas/CMIP6/CMIP/NCAR/CESM2/historical/r1i1p1f1, variables=['lhf', 'lwr', 'pr', 'shf', 'ssh', 'sst', 'swr', 'taux', 'tauy', 'thf'], split=[]
数据清单: /g/data/p66/ars599/ENSO_metrics/results_gadi_full/manifests/inventory.json
TaiESM1: root=/g/data/oi10/replicas/CMIP6/CMIP/AS-RCEC/TaiESM1/historical/r1i1p1f1, variables=['lhf', 'lwr', 'pr', 'shf', 'ssh', 'sst', 'swr', 'taux', 'tauy', 'thf'], split=[]
数据清单: /g/data/p66/ars599/ENSO_metrics/results_gadi_full/manifests/inventory.json
CESM2: root=/g/data/oi10/replicas/CMIP6/CMIP/NCAR/CESM2/historical/r1i1p1f1, variables=['lhf', 'lwr', 'pr', 'shf', 'ssh', 'sst', 'swr', 'taux', 'tauy', 'thf'], split=[]
numpy: 2.3.5
scipy: 1.17.1
xarray: 2026.9.0
cftime: 1.6.6
netCDF4: 1.7.4
matplotlib: 3.11.2
cartopy: 0.26.0
xesmf: 0.9.2
xcdat: 0.11.4
regionmask: 0.13.0
cmocean: v3.0.3
numpy: 2.3.5
scipy: 1.17.1
xarray: 2026.9.0
cftime: 1.6.6
netCDF4: 1.7.4
matplotlib: 3.11.2
cartopy: 0.26.0
xesmf: 0.9.2
xcdat: 0.11.4
regionmask: 0.13.0
cmocean: v3.0.3
numpy: 2.3.5
scipy: 1.17.1
xarray: 2026.9.0
cftime: 1.6.6
netCDF4: 1.7.4
matplotlib: 3.11.2
cartopy: 0.26.0
xesmf: 0.9.2
xcdat: 0.11.4
regionmask: 0.13.0
cmocean: v3.0.3
numpy: 2.3.5
scipy: 1.17.1
xarray: 2026.9.0
cftime: 1.6.6
netCDF4: 1.7.4
matplotlib: 3.11.2
cartopy: 0.26.0
xesmf: 0.9.2
xcdat: 0.11.4
regionmask: 0.13.0
cmocean: v3.0.3
numpy: 2.3.5
scipy: 1.17.1
xarray: 2026.9.0
cftime: 1.6.6
netCDF4: 1.7.4
matplotlib: 3.11.2
cartopy: 0.26.0
xesmf: 0.9.2
xcdat: 0.11.4
regionmask: 0.13.0
cmocean: v3.0.3
numpy: 2.3.5
scipy: 1.17.1
xarray: 2026.9.0
cftime: 1.6.6
netCDF4: 1.7.4
matplotlib: 3.11.2
cartopy: 0.26.0
xesmf: 0.9.2
xcdat: 0.11.4
regionmask: 0.13.0
cmocean: v3.0.3
Traceback (most recent call last):
  File "/scratch/p66/ars599/enso_metrics_env/lib/python3.11/site-packages/EnsoMetrics/EnsoComputeMetricsLib.py", line 456, in ComputeCollection
    valu, vame, dive, dime = ComputeMetric(
                             ^^^^^^^^^^^^^^
  File "/scratch/p66/ars599/enso_metrics_env/lib/python3.11/site-packages/EnsoMetrics/EnsoComputeMetricsLib.py", line 1195, in ComputeMetric
    diagnostic1 = dict_oneVar[metric](
                  ^^^^^^^^^^^^^^^^^^^^
  File "/scratch/p66/ars599/enso_metrics_env/lib/python3.11/site-packages/EnsoMetrics/EnsoMetricsLib.py", line 6870, in EnsoAmpl
    sst, sst_areacell, keyerror = Read_data_mask_area(
                                  ^^^^^^^^^^^^^^^^^^^^
  File "/scratch/p66/ars599/enso_metrics_env/lib/python3.11/site-packages/EnsoMetrics/EnsoUvcdatToolsLib.py", line 7371, in Read_data_mask_area
    variable, keyerror1 = ReadSelectRegionCheckUnits(file_data, name_data, type_data, box=region,
                          ^^^^^^^^^^^^^^^^^^^^^^^^^^^^^^^^^^^^^^^^^^^^^^^^^^^^^^^^^^^^^^^^^^^^^^^
  File "/scratch/p66/ars599/enso_metrics_env/lib/python3.11/site-packages/EnsoMetrics/EnsoUvcdatToolsLib.py", line 7353, in ReadSelectRegionCheckUnits
    tab = ReadAndSelectRegion(filename, varname, box=box, time_bounds=time_bounds, frequency=frequency)
          ^^^^^^^^^^^^^^^^^^^^^^^^^^^^^^^^^^^^^^^^^^^^^^^^^^^^^^^^^^^^^^^^^^^^^^^^^^^^^^^^^^^^^^^^^^^^^
  File "/scratch/p66/ars599/enso_metrics_env/lib/python3.11/site-packages/EnsoMetrics/EnsoUvcdatToolsLib.py", line 5420, in ReadAndSelectRegion
    tab = fi(varname, time=time_bounds, latitude=region_ref["latitude"], longitude=region_ref["longitude"])
          ^^^^^^^^^^^^^^^^^^^^^^^^^^^^^^^^^^^^^^^^^^^^^^^^^^^^^^^^^^^^^^^^^^^^^^^^^^^^^^^^^^^^^^^^^^^^^^^^^
  File "/scratch/p66/ars599/enso_metrics_env/lib/python3.11/site-packages/EnsoMetrics/EnsoUvcdatToolsLib.py", line 2075, in __call__
    raise OSError(
OSError: File not open for reading: ['/g/data/oi10/replicas/CMIP6/CMIP/AS-RCEC/TaiESM1/historical/r1i1p1f1/Omon/tos/gn/v20200630/tos_Omon_TaiESM1_historical_r1i1p1f1_gn_185001-185012.nc', '/g/data/oi10/replicas/CMIP6/CMIP/AS-RCEC/TaiESM1/historical/r1i1p1f1/Omon/tos/gn/v20200630/tos_Omon_TaiESM1_historical_r1i1p1f1_gn_185101-185112.nc', '/g/data/oi10/replicas/CMIP6/CMIP/AS-RCEC/TaiESM1/historical/r1i1p1f1/Omon/tos/gn/v20200630/tos_Omon_TaiESM1_historical_r1i1p1f1_gn_185201-185212.nc', '/g/data/oi10/replicas/CMIP6/CMIP/AS-RCEC/TaiESM1/historical/r1i1p1f1/Omon/tos/gn/v20200630/tos_Omon_TaiESM1_historical_r1i1p1f1_gn_185301-185312.nc', '/g/data/oi10/replicas/CMIP6/CMIP/AS-RCEC/TaiESM1/historical/r1i1p1f1/Omon/tos/gn/v20200630/tos_Omon_TaiESM1_historical_r1i1p1f1_gn_185401-185412.nc', '/g/data/oi10/replicas/CMIP6/CMIP/AS-RCEC/TaiESM1/historical/r1i1p1f1/Omon/tos/gn/v20200630/tos_Omon_TaiESM1_historical_r1i1p1f1_gn_185501-185512.nc', '/g/data/oi10/replicas/CMIP6/CMIP/AS-RCEC/TaiESM1/historical/r1i1p1f1/Omon/tos/gn/v20200630/tos_Omon_TaiESM1_historical_r1i1p1f1_gn_185601-185612.nc', '/g/data/oi10/replicas/CMIP6/CMIP/AS-RCEC/TaiESM1/historical/r1i1p1f1/Omon/tos/gn/v20200630/tos_Omon_TaiESM1_historical_r1i1p1f1_gn_185701-185712.nc', '/g/data/oi10/replicas/CMIP6/CMIP/AS-RCEC/TaiESM1/historical/r1i1p1f1/Omon/tos/gn/v20200630/tos_Omon_TaiESM1_historical_r1i1p1f1_gn_185801-185812.nc', '/g/data/oi10/replicas/CMIP6/CMIP/AS-RCEC/TaiESM1/historical/r1i1p1f1/Omon/tos/gn/v20200630/tos_Omon_TaiESM1_historical_r1i1p1f1_gn_185901-185912.nc', '/g/data/oi10/replicas/CMIP6/CMIP/AS-RCEC/TaiESM1/historical/r1i1p1f1/Omon/tos/gn/v20200630/tos_Omon_TaiESM1_historical_r1i1p1f1_gn_186001-186012.nc', '/g/data/oi10/replicas/CMIP6/CMIP/AS-RCEC/TaiESM1/historical/r1i1p1f1/Omon/tos/gn/v20200630/tos_Omon_TaiESM1_historical_r1i1p1f1_gn_186101-186112.nc', '/g/data/oi10/replicas/CMIP6/CMIP/AS-RCEC/TaiESM1/historical/r1i1p1f1/Omon/tos/gn/v20200630/tos_Omon_TaiESM1_historical_r1i1p1f1_gn_186201-186212.nc', '/g/data/oi10/replicas/CMIP6/CMIP/AS-RCEC/TaiESM1/historical/r1i1p1f1/Omon/tos/gn/v20200630/tos_Omon_TaiESM1_historical_r1i1p1f1_gn_186301-186312.nc', '/g/data/oi10/replicas/CMIP6/CMIP/AS-RCEC/TaiESM1/historical/r1i1p1f1/Omon/tos/gn/v20200630/tos_Omon_TaiESM1_historical_r1i1p1f1_gn_186401-186412.nc', '/g/data/oi10/replicas/CMIP6/CMIP/AS-RCEC/TaiESM1/historical/r1i1p1f1/Omon/tos/gn/v20200630/tos_Omon_TaiESM1_historical_r1i1p1f1_gn_186501-186512.nc', '/g/data/oi10/replicas/CMIP6/CMIP/AS-RCEC/TaiESM1/historical/r1i1p1f1/Omon/tos/gn/v20200630/tos_Omon_TaiESM1_historical_r1i1p1f1_gn_186601-186612.nc', '/g/data/oi10/replicas/CMIP6/CMIP/AS-RCEC/TaiESM1/historical/r1i1p1f1/Omon/tos/gn/v20200630/tos_Omon_TaiESM1_historical_r1i1p1f1_gn_186701-186712.nc', '/g/data/oi10/replicas/CMIP6/CMIP/AS-RCEC/TaiESM1/historical/r1i1p1f1/Omon/tos/gn/v20200630/tos_Omon_TaiESM1_historical_r1i1p1f1_gn_186801-186812.nc', '/g/data/oi10/replicas/CMIP6/CMIP/AS-RCEC/TaiESM1/historical/r1i1p1f1/Omon/tos/gn/v20200630/tos_Omon_TaiESM1_historical_r1i1p1f1_gn_186901-186912.nc', '/g/data/oi10/replicas/CMIP6/CMIP/AS-RCEC/TaiESM1/historical/r1i1p1f1/Omon/tos/gn/v20200630/tos_Omon_TaiESM1_historical_r1i1p1f1_gn_187001-187012.nc', '/g/data/oi10/replicas/CMIP6/CMIP/AS-RCEC/TaiESM1/historical/r1i1p1f1/Omon/tos/gn/v20200630/tos_Omon_TaiESM1_historical_r1i1p1f1_gn_187101-187112.nc', '/g/data/oi10/replicas/CMIP6/CMIP/AS-RCEC/TaiESM1/historical/r1i1p1f1/Omon/tos/gn/v20200630/tos_Omon_TaiESM1_historical_r1i1p1f1_gn_187201-187212.nc', '/g/data/oi10/replicas/CMIP6/CMIP/AS-RCEC/TaiESM1/historical/r1i1p1f1/Omon/tos/gn/v20200630/tos_Omon_TaiESM1_historical_r1i1p1f1_gn_187301-187312.nc', '/g/data/oi10/replicas/CMIP6/CMIP/AS-RCEC/TaiESM1/historical/r1i1p1f1/Omon/tos/gn/v20200630/tos_Omon_TaiESM1_historical_r1i1p1f1_gn_187401-187412.nc', '/g/data/oi10/replicas/CMIP6/CMIP/AS-RCEC/TaiESM1/historical/r1i1p1f1/Omon/tos/gn/v20200630/tos_Omon_TaiESM1_historical_r1i1p1f1_gn_187501-187512.nc', '/g/data/oi10/replicas/CMIP6/CMIP/AS-RCEC/TaiESM1/historical/r1i1p1f1/Omon/tos/gn/v20200630/tos_Omon_TaiESM1_historical_r1i1p1f1_gn_187601-187612.nc', '/g/data/oi10/replicas/CMIP6/CMIP/AS-RCEC/TaiESM1/historical/r1i1p1f1/Omon/tos/gn/v20200630/tos_Omon_TaiESM1_historical_r1i1p1f1_gn_187701-187712.nc', '/g/data/oi10/replicas/CMIP6/CMIP/AS-RCEC/TaiESM1/historical/r1i1p1f1/Omon/tos/gn/v20200630/tos_Omon_TaiESM1_historical_r1i1p1f1_gn_187801-187812.nc', '/g/data/oi10/replicas/CMIP6/CMIP/AS-RCEC/TaiESM1/historical/r1i1p1f1/Omon/tos/gn/v20200630/tos_Omon_TaiESM1_historical_r1i1p1f1_gn_187901-187912.nc', '/g/data/oi10/replicas/CMIP6/CMIP/AS-RCEC/TaiESM1/historical/r1i1p1f1/Omon/tos/gn/v20200630/tos_Omon_TaiESM1_historical_r1i1p1f1_gn_188001-188012.nc', '/g/data/oi10/replicas/CMIP6/CMIP/AS-RCEC/TaiESM1/historical/r1i1p1f1/Omon/tos/gn/v20200630/tos_Omon_TaiESM1_historical_r1i1p1f1_gn_188101-188112.nc', '/g/data/oi10/replicas/CMIP6/CMIP/AS-RCEC/TaiESM1/historical/r1i1p1f1/Omon/tos/gn/v20200630/tos_Omon_TaiESM1_historical_r1i1p1f1_gn_188201-188212.nc', '/g/data/oi10/replicas/CMIP6/CMIP/AS-RCEC/TaiESM1/historical/r1i1p1f1/Omon/tos/gn/v20200630/tos_Omon_TaiESM1_historical_r1i1p1f1_gn_188301-188312.nc', '/g/data/oi10/replicas/CMIP6/CMIP/AS-RCEC/TaiESM1/historical/r1i1p1f1/Omon/tos/gn/v20200630/tos_Omon_TaiESM1_historical_r1i1p1f1_gn_188401-188412.nc', '/g/data/oi10/replicas/CMIP6/CMIP/AS-RCEC/TaiESM1/historical/r1i1p1f1/Omon/tos/gn/v20200630/tos_Omon_TaiESM1_historical_r1i1p1f1_gn_188501-188512.nc', '/g/data/oi10/replicas/CMIP6/CMIP/AS-RCEC/TaiESM1/historical/r1i1p1f1/Omon/tos/gn/v20200630/tos_Omon_TaiESM1_historical_r1i1p1f1_gn_188601-188612.nc', '/g/data/oi10/replicas/CMIP6/CMIP/AS-RCEC/TaiESM1/historical/r1i1p1f1/Omon/tos/gn/v20200630/tos_Omon_TaiESM1_historical_r1i1p1f1_gn_188701-188712.nc', '/g/data/oi10/replicas/CMIP6/CMIP/AS-RCEC/TaiESM1/historical/r1i1p1f1/Omon/tos/gn/v20200630/tos_Omon_TaiESM1_historical_r1i1p1f1_gn_188801-188812.nc', '/g/data/oi10/replicas/CMIP6/CMIP/AS-RCEC/TaiESM1/historical/r1i1p1f1/Omon/tos/gn/v20200630/tos_Omon_TaiESM1_historical_r1i1p1f1_gn_188901-188912.nc', '/g/data/oi10/replicas/CMIP6/CMIP/AS-RCEC/TaiESM1/historical/r1i1p1f1/Omon/tos/gn/v20200630/tos_Omon_TaiESM1_historical_r1i1p1f1_gn_189001-189012.nc', '/g/data/oi10/replicas/CMIP6/CMIP/AS-RCEC/TaiESM1/historical/r1i1p1f1/Omon/tos/gn/v20200630/tos_Omon_TaiESM1_historical_r1i1p1f1_gn_189101-189112.nc', '/g/data/oi10/replicas/CMIP6/CMIP/AS-RCEC/TaiESM1/historical/r1i1p1f1/Omon/tos/gn/v20200630/tos_Omon_TaiESM1_historical_r1i1p1f1_gn_189201-189212.nc', '/g/data/oi10/replicas/CMIP6/CMIP/AS-RCEC/TaiESM1/historical/r1i1p1f1/Omon/tos/gn/v20200630/tos_Omon_TaiESM1_historical_r1i1p1f1_gn_189301-189312.nc', '/g/data/oi10/replicas/CMIP6/CMIP/AS-RCEC/TaiESM1/historical/r1i1p1f1/Omon/tos/gn/v20200630/tos_Omon_TaiESM1_historical_r1i1p1f1_gn_189401-189412.nc', '/g/data/oi10/replicas/CMIP6/CMIP/AS-RCEC/TaiESM1/historical/r1i1p1f1/Omon/tos/gn/v20200630/tos_Omon_TaiESM1_historical_r1i1p1f1_gn_189501-189512.nc', '/g/data/oi10/replicas/CMIP6/CMIP/AS-RCEC/TaiESM1/historical/r1i1p1f1/Omon/tos/gn/v20200630/tos_Omon_TaiESM1_historical_r1i1p1f1_gn_189601-189612.nc', '/g/data/oi10/replicas/CMIP6/CMIP/AS-RCEC/TaiESM1/historical/r1i1p1f1/Omon/tos/gn/v20200630/tos_Omon_TaiESM1_historical_r1i1p1f1_gn_189701-189712.nc', '/g/data/oi10/replicas/CMIP6/CMIP/AS-RCEC/TaiESM1/historical/r1i1p1f1/Omon/tos/gn/v20200630/tos_Omon_TaiESM1_historical_r1i1p1f1_gn_189801-189812.nc', '/g/data/oi10/replicas/CMIP6/CMIP/AS-RCEC/TaiESM1/historical/r1i1p1f1/Omon/tos/gn/v20200630/tos_Omon_TaiESM1_historical_r1i1p1f1_gn_189901-189912.nc', '/g/data/oi10/replicas/CMIP6/CMIP/AS-RCEC/TaiESM1/historical/r1i1p1f1/Omon/tos/gn/v20200630/tos_Omon_TaiESM1_historical_r1i1p1f1_gn_190001-190012.nc', '/g/data/oi10/replicas/CMIP6/CMIP/AS-RCEC/TaiESM1/historical/r1i1p1f1/Omon/tos/gn/v20200630/tos_Omon_TaiESM1_historical_r1i1p1f1_gn_190101-190112.nc', '/g/data/oi10/replicas/CMIP6/CMIP/AS-RCEC/TaiESM1/historical/r1i1p1f1/Omon/tos/gn/v20200630/tos_Omon_TaiESM1_historical_r1i1p1f1_gn_190201-190212.nc', '/g/data/oi10/replicas/CMIP6/CMIP/AS-RCEC/TaiESM1/historical/r1i1p1f1/Omon/tos/gn/v20200630/tos_Omon_TaiESM1_historical_r1i1p1f1_gn_190301-190312.nc', '/g/data/oi10/replicas/CMIP6/CMIP/AS-RCEC/TaiESM1/historical/r1i1p1f1/Omon/tos/gn/v20200630/tos_Omon_TaiESM1_historical_r1i1p1f1_gn_190401-190412.nc', '/g/data/oi10/replicas/CMIP6/CMIP/AS-RCEC/TaiESM1/historical/r1i1p1f1/Omon/tos/gn/v20200630/tos_Omon_TaiESM1_historical_r1i1p1f1_gn_190501-190512.nc', '/g/data/oi10/replicas/CMIP6/CMIP/AS-RCEC/TaiESM1/historical/r1i1p1f1/Omon/tos/gn/v20200630/tos_Omon_TaiESM1_historical_r1i1p1f1_gn_190601-190612.nc', '/g/data/oi10/replicas/CMIP6/CMIP/AS-RCEC/TaiESM1/historical/r1i1p1f1/Omon/tos/gn/v20200630/tos_Omon_TaiESM1_historical_r1i1p1f1_gn_190701-190712.nc', '/g/data/oi10/replicas/CMIP6/CMIP/AS-RCEC/TaiESM1/historical/r1i1p1f1/Omon/tos/gn/v20200630/tos_Omon_TaiESM1_historical_r1i1p1f1_gn_190801-190812.nc', '/g/data/oi10/replicas/CMIP6/CMIP/AS-RCEC/TaiESM1/historical/r1i1p1f1/Omon/tos/gn/v20200630/tos_Omon_TaiESM1_historical_r1i1p1f1_gn_190901-190912.nc', '/g/data/oi10/replicas/CMIP6/CMIP/AS-RCEC/TaiESM1/historical/r1i1p1f1/Omon/tos/gn/v20200630/tos_Omon_TaiESM1_historical_r1i1p1f1_gn_191001-191012.nc', '/g/data/oi10/replicas/CMIP6/CMIP/AS-RCEC/TaiESM1/historical/r1i1p1f1/Omon/tos/gn/v20200630/tos_Omon_TaiESM1_historical_r1i1p1f1_gn_191101-191112.nc', '/g/data/oi10/replicas/CMIP6/CMIP/AS-RCEC/TaiESM1/historical/r1i1p1f1/Omon/tos/gn/v20200630/tos_Omon_TaiESM1_historical_r1i1p1f1_gn_191201-191212.nc', '/g/data/oi10/replicas/CMIP6/CMIP/AS-RCEC/TaiESM1/historical/r1i1p1f1/Omon/tos/gn/v20200630/tos_Omon_TaiESM1_historical_r1i1p1f1_gn_191301-191312.nc', '/g/data/oi10/replicas/CMIP6/CMIP/AS-RCEC/TaiESM1/historical/r1i1p1f1/Omon/tos/gn/v20200630/tos_Omon_TaiESM1_historical_r1i1p1f1_gn_191401-191412.nc', '/g/data/oi10/replicas/CMIP6/CMIP/AS-RCEC/TaiESM1/historical/r1i1p1f1/Omon/tos/gn/v20200630/tos_Omon_TaiESM1_historical_r1i1p1f1_gn_191501-191512.nc', '/g/data/oi10/replicas/CMIP6/CMIP/AS-RCEC/TaiESM1/historical/r1i1p1f1/Omon/tos/gn/v20200630/tos_Omon_TaiESM1_historical_r1i1p1f1_gn_191601-191612.nc', '/g/data/oi10/replicas/CMIP6/CMIP/AS-RCEC/TaiESM1/historical/r1i1p1f1/Omon/tos/gn/v20200630/tos_Omon_TaiESM1_historical_r1i1p1f1_gn_191701-191712.nc', '/g/data/oi10/replicas/CMIP6/CMIP/AS-RCEC/TaiESM1/historical/r1i1p1f1/Omon/tos/gn/v20200630/tos_Omon_TaiESM1_historical_r1i1p1f1_gn_191801-191812.nc', '/g/data/oi10/replicas/CMIP6/CMIP/AS-RCEC/TaiESM1/historical/r1i1p1f1/Omon/tos/gn/v20200630/tos_Omon_TaiESM1_historical_r1i1p1f1_gn_191901-191912.nc', '/g/data/oi10/replicas/CMIP6/CMIP/AS-RCEC/TaiESM1/historical/r1i1p1f1/Omon/tos/gn/v20200630/tos_Omon_TaiESM1_historical_r1i1p1f1_gn_192001-192012.nc', '/g/data/oi10/replicas/CMIP6/CMIP/AS-RCEC/TaiESM1/historical/r1i1p1f1/Omon/tos/gn/v20200630/tos_Omon_TaiESM1_historical_r1i1p1f1_gn_192101-192112.nc', '/g/data/oi10/replicas/CMIP6/CMIP/AS-RCEC/TaiESM1/historical/r1i1p1f1/Omon/tos/gn/v20200630/tos_Omon_TaiESM1_historical_r1i1p1f1_gn_192201-192212.nc', '/g/data/oi10/replicas/CMIP6/CMIP/AS-RCEC/TaiESM1/historical/r1i1p1f1/Omon/tos/gn/v20200630/tos_Omon_TaiESM1_historical_r1i1p1f1_gn_192301-192312.nc', '/g/data/oi10/replicas/CMIP6/CMIP/AS-RCEC/TaiESM1/historical/r1i1p1f1/Omon/tos/gn/v20200630/tos_Omon_TaiESM1_historical_r1i1p1f1_gn_192401-192412.nc', '/g/data/oi10/replicas/CMIP6/CMIP/AS-RCEC/TaiESM1/historical/r1i1p1f1/Omon/tos/gn/v20200630/tos_Omon_TaiESM1_historical_r1i1p1f1_gn_192501-192512.nc', '/g/data/oi10/replicas/CMIP6/CMIP/AS-RCEC/TaiESM1/historical/r1i1p1f1/Omon/tos/gn/v20200630/tos_Omon_TaiESM1_historical_r1i1p1f1_gn_192601-192612.nc', '/g/data/oi10/replicas/CMIP6/CMIP/AS-RCEC/TaiESM1/historical/r1i1p1f1/Omon/tos/gn/v20200630/tos_Omon_TaiESM1_historical_r1i1p1f1_gn_192701-192712.nc', '/g/data/oi10/replicas/CMIP6/CMIP/AS-RCEC/TaiESM1/historical/r1i1p1f1/Omon/tos/gn/v20200630/tos_Omon_TaiESM1_historical_r1i1p1f1_gn_192801-192812.nc', '/g/data/oi10/replicas/CMIP6/CMIP/AS-RCEC/TaiESM1/historical/r1i1p1f1/Omon/tos/gn/v20200630/tos_Omon_TaiESM1_historical_r1i1p1f1_gn_192901-192912.nc', '/g/data/oi10/replicas/CMIP6/CMIP/AS-RCEC/TaiESM1/historical/r1i1p1f1/Omon/tos/gn/v20200630/tos_Omon_TaiESM1_historical_r1i1p1f1_gn_193001-193012.nc', '/g/data/oi10/replicas/CMIP6/CMIP/AS-RCEC/TaiESM1/historical/r1i1p1f1/Omon/tos/gn/v20200630/tos_Omon_TaiESM1_historical_r1i1p1f1_gn_193101-193112.nc', '/g/data/oi10/replicas/CMIP6/CMIP/AS-RCEC/TaiESM1/historical/r1i1p1f1/Omon/tos/gn/v20200630/tos_Omon_TaiESM1_historical_r1i1p1f1_gn_193201-193212.nc', '/g/data/oi10/replicas/CMIP6/CMIP/AS-RCEC/TaiESM1/historical/r1i1p1f1/Omon/tos/gn/v20200630/tos_Omon_TaiESM1_historical_r1i1p1f1_gn_193301-193312.nc', '/g/data/oi10/replicas/CMIP6/CMIP/AS-RCEC/TaiESM1/historical/r1i1p1f1/Omon/tos/gn/v20200630/tos_Omon_TaiESM1_historical_r1i1p1f1_gn_193401-193412.nc', '/g/data/oi10/replicas/CMIP6/CMIP/AS-RCEC/TaiESM1/historical/r1i1p1f1/Omon/tos/gn/v20200630/tos_Omon_TaiESM1_historical_r1i1p1f1_gn_193501-193512.nc', '/g/data/oi10/replicas/CMIP6/CMIP/AS-RCEC/TaiESM1/historical/r1i1p1f1/Omon/tos/gn/v20200630/tos_Omon_TaiESM1_historical_r1i1p1f1_gn_193601-193612.nc', '/g/data/oi10/replicas/CMIP6/CMIP/AS-RCEC/TaiESM1/historical/r1i1p1f1/Omon/tos/gn/v20200630/tos_Omon_TaiESM1_historical_r1i1p1f1_gn_193701-193712.nc', '/g/data/oi10/replicas/CMIP6/CMIP/AS-RCEC/TaiESM1/historical/r1i1p1f1/Omon/tos/gn/v20200630/tos_Omon_TaiESM1_historical_r1i1p1f1_gn_193801-193812.nc', '/g/data/oi10/replicas/CMIP6/CMIP/AS-RCEC/TaiESM1/historical/r1i1p1f1/Omon/tos/gn/v20200630/tos_Omon_TaiESM1_historical_r1i1p1f1_gn_193901-193912.nc', '/g/data/oi10/replicas/CMIP6/CMIP/AS-RCEC/TaiESM1/historical/r1i1p1f1/Omon/tos/gn/v20200630/tos_Omon_TaiESM1_historical_r1i1p1f1_gn_194001-194012.nc', '/g/data/oi10/replicas/CMIP6/CMIP/AS-RCEC/TaiESM1/historical/r1i1p1f1/Omon/tos/gn/v20200630/tos_Omon_TaiESM1_historical_r1i1p1f1_gn_194101-194112.nc', '/g/data/oi10/replicas/CMIP6/CMIP/AS-RCEC/TaiESM1/historical/r1i1p1f1/Omon/tos/gn/v20200630/tos_Omon_TaiESM1_historical_r1i1p1f1_gn_194201-194212.nc', '/g/data/oi10/replicas/CMIP6/CMIP/AS-RCEC/TaiESM1/historical/r1i1p1f1/Omon/tos/gn/v20200630/tos_Omon_TaiESM1_historical_r1i1p1f1_gn_194301-194312.nc', '/g/data/oi10/replicas/CMIP6/CMIP/AS-RCEC/TaiESM1/historical/r1i1p1f1/Omon/tos/gn/v20200630/tos_Omon_TaiESM1_historical_r1i1p1f1_gn_194401-194412.nc', '/g/data/oi10/replicas/CMIP6/CMIP/AS-RCEC/TaiESM1/historical/r1i1p1f1/Omon/tos/gn/v20200630/tos_Omon_TaiESM1_historical_r1i1p1f1_gn_194501-194512.nc', '/g/data/oi10/replicas/CMIP6/CMIP/AS-RCEC/TaiESM1/historical/r1i1p1f1/Omon/tos/gn/v20200630/tos_Omon_TaiESM1_historical_r1i1p1f1_gn_194601-194612.nc', '/g/data/oi10/replicas/CMIP6/CMIP/AS-RCEC/TaiESM1/historical/r1i1p1f1/Omon/tos/gn/v20200630/tos_Omon_TaiESM1_historical_r1i1p1f1_gn_194701-194712.nc', '/g/data/oi10/replicas/CMIP6/CMIP/AS-RCEC/TaiESM1/historical/r1i1p1f1/Omon/tos/gn/v20200630/tos_Omon_TaiESM1_historical_r1i1p1f1_gn_194801-194812.nc', '/g/data/oi10/replicas/CMIP6/CMIP/AS-RCEC/TaiESM1/historical/r1i1p1f1/Omon/tos/gn/v20200630/tos_Omon_TaiESM1_historical_r1i1p1f1_gn_194901-194912.nc', '/g/data/oi10/replicas/CMIP6/CMIP/AS-RCEC/TaiESM1/historical/r1i1p1f1/Omon/tos/gn/v20200630/tos_Omon_TaiESM1_historical_r1i1p1f1_gn_195001-195012.nc', '/g/data/oi10/replicas/CMIP6/CMIP/AS-RCEC/TaiESM1/historical/r1i1p1f1/Omon/tos/gn/v20200630/tos_Omon_TaiESM1_historical_r1i1p1f1_gn_195101-195112.nc', '/g/data/oi10/replicas/CMIP6/CMIP/AS-RCEC/TaiESM1/historical/r1i1p1f1/Omon/tos/gn/v20200630/tos_Omon_TaiESM1_historical_r1i1p1f1_gn_195201-195212.nc', '/g/data/oi10/replicas/CMIP6/CMIP/AS-RCEC/TaiESM1/historical/r1i1p1f1/Omon/tos/gn/v20200630/tos_Omon_TaiESM1_historical_r1i1p1f1_gn_195301-195312.nc', '/g/data/oi10/replicas/CMIP6/CMIP/AS-RCEC/TaiESM1/historical/r1i1p1f1/Omon/tos/gn/v20200630/tos_Omon_TaiESM1_historical_r1i1p1f1_gn_195401-195412.nc', '/g/data/oi10/replicas/CMIP6/CMIP/AS-RCEC/TaiESM1/historical/r1i1p1f1/Omon/tos/gn/v20200630/tos_Omon_TaiESM1_historical_r1i1p1f1_gn_195501-195512.nc', '/g/data/oi10/replicas/CMIP6/CMIP/AS-RCEC/TaiESM1/historical/r1i1p1f1/Omon/tos/gn/v20200630/tos_Omon_TaiESM1_historical_r1i1p1f1_gn_195601-195612.nc', '/g/data/oi10/replicas/CMIP6/CMIP/AS-RCEC/TaiESM1/historical/r1i1p1f1/Omon/tos/gn/v20200630/tos_Omon_TaiESM1_historical_r1i1p1f1_gn_195701-195712.nc', '/g/data/oi10/replicas/CMIP6/CMIP/AS-RCEC/TaiESM1/historical/r1i1p1f1/Omon/tos/gn/v20200630/tos_Omon_TaiESM1_historical_r1i1p1f1_gn_195801-195812.nc', '/g/data/oi10/replicas/CMIP6/CMIP/AS-RCEC/TaiESM1/historical/r1i1p1f1/Omon/tos/gn/v20200630/tos_Omon_TaiESM1_historical_r1i1p1f1_gn_195901-195912.nc', '/g/data/oi10/replicas/CMIP6/CMIP/AS-RCEC/TaiESM1/historical/r1i1p1f1/Omon/tos/gn/v20200630/tos_Omon_TaiESM1_historical_r1i1p1f1_gn_196001-196012.nc', '/g/data/oi10/replicas/CMIP6/CMIP/AS-RCEC/TaiESM1/historical/r1i1p1f1/Omon/tos/gn/v20200630/tos_Omon_TaiESM1_historical_r1i1p1f1_gn_196101-196112.nc', '/g/data/oi10/replicas/CMIP6/CMIP/AS-RCEC/TaiESM1/historical/r1i1p1f1/Omon/tos/gn/v20200630/tos_Omon_TaiESM1_historical_r1i1p1f1_gn_196201-196212.nc', '/g/data/oi10/replicas/CMIP6/CMIP/AS-RCEC/TaiESM1/historical/r1i1p1f1/Omon/tos/gn/v20200630/tos_Omon_TaiESM1_historical_r1i1p1f1_gn_196301-196312.nc', '/g/data/oi10/replicas/CMIP6/CMIP/AS-RCEC/TaiESM1/historical/r1i1p1f1/Omon/tos/gn/v20200630/tos_Omon_TaiESM1_historical_r1i1p1f1_gn_196401-196412.nc', '/g/data/oi10/replicas/CMIP6/CMIP/AS-RCEC/TaiESM1/historical/r1i1p1f1/Omon/tos/gn/v20200630/tos_Omon_TaiESM1_historical_r1i1p1f1_gn_196501-196512.nc', '/g/data/oi10/replicas/CMIP6/CMIP/AS-RCEC/TaiESM1/historical/r1i1p1f1/Omon/tos/gn/v20200630/tos_Omon_TaiESM1_historical_r1i1p1f1_gn_196601-196612.nc', '/g/data/oi10/replicas/CMIP6/CMIP/AS-RCEC/TaiESM1/historical/r1i1p1f1/Omon/tos/gn/v20200630/tos_Omon_TaiESM1_historical_r1i1p1f1_gn_196701-196712.nc', '/g/data/oi10/replicas/CMIP6/CMIP/AS-RCEC/TaiESM1/historical/r1i1p1f1/Omon/tos/gn/v20200630/tos_Omon_TaiESM1_historical_r1i1p1f1_gn_196801-196812.nc', '/g/data/oi10/replicas/CMIP6/CMIP/AS-RCEC/TaiESM1/historical/r1i1p1f1/Omon/tos/gn/v20200630/tos_Omon_TaiESM1_historical_r1i1p1f1_gn_196901-196912.nc', '/g/data/oi10/replicas/CMIP6/CMIP/AS-RCEC/TaiESM1/historical/r1i1p1f1/Omon/tos/gn/v20200630/tos_Omon_TaiESM1_historical_r1i1p1f1_gn_197001-197012.nc', '/g/data/oi10/replicas/CMIP6/CMIP/AS-RCEC/TaiESM1/historical/r1i1p1f1/Omon/tos/gn/v20200630/tos_Omon_TaiESM1_historical_r1i1p1f1_gn_197101-197112.nc', '/g/data/oi10/replicas/CMIP6/CMIP/AS-RCEC/TaiESM1/historical/r1i1p1f1/Omon/tos/gn/v20200630/tos_Omon_TaiESM1_historical_r1i1p1f1_gn_197201-197212.nc', '/g/data/oi10/replicas/CMIP6/CMIP/AS-RCEC/TaiESM1/historical/r1i1p1f1/Omon/tos/gn/v20200630/tos_Omon_TaiESM1_historical_r1i1p1f1_gn_197301-197312.nc', '/g/data/oi10/replicas/CMIP6/CMIP/AS-RCEC/TaiESM1/historical/r1i1p1f1/Omon/tos/gn/v20200630/tos_Omon_TaiESM1_historical_r1i1p1f1_gn_197401-197412.nc', '/g/data/oi10/replicas/CMIP6/CMIP/AS-RCEC/TaiESM1/historical/r1i1p1f1/Omon/tos/gn/v20200630/tos_Omon_TaiESM1_historical_r1i1p1f1_gn_197501-197512.nc', '/g/data/oi10/replicas/CMIP6/CMIP/AS-RCEC/TaiESM1/historical/r1i1p1f1/Omon/tos/gn/v20200630/tos_Omon_TaiESM1_historical_r1i1p1f1_gn_197601-197612.nc', '/g/data/oi10/replicas/CMIP6/CMIP/AS-RCEC/TaiESM1/historical/r1i1p1f1/Omon/tos/gn/v20200630/tos_Omon_TaiESM1_historical_r1i1p1f1_gn_197701-197712.nc', '/g/data/oi10/replicas/CMIP6/CMIP/AS-RCEC/TaiESM1/historical/r1i1p1f1/Omon/tos/gn/v20200630/tos_Omon_TaiESM1_historical_r1i1p1f1_gn_197801-197812.nc', '/g/data/oi10/replicas/CMIP6/CMIP/AS-RCEC/TaiESM1/historical/r1i1p1f1/Omon/tos/gn/v20200630/tos_Omon_TaiESM1_historical_r1i1p1f1_gn_197901-197912.nc', '/g/data/oi10/replicas/CMIP6/CMIP/AS-RCEC/TaiESM1/historical/r1i1p1f1/Omon/tos/gn/v20200630/tos_Omon_TaiESM1_historical_r1i1p1f1_gn_198001-198012.nc', '/g/data/oi10/replicas/CMIP6/CMIP/AS-RCEC/TaiESM1/historical/r1i1p1f1/Omon/tos/gn/v20200630/tos_Omon_TaiESM1_historical_r1i1p1f1_gn_198101-198112.nc', '/g/data/oi10/replicas/CMIP6/CMIP/AS-RCEC/TaiESM1/historical/r1i1p1f1/Omon/tos/gn/v20200630/tos_Omon_TaiESM1_historical_r1i1p1f1_gn_198201-198212.nc', '/g/data/oi10/replicas/CMIP6/CMIP/AS-RCEC/TaiESM1/historical/r1i1p1f1/Omon/tos/gn/v20200630/tos_Omon_TaiESM1_historical_r1i1p1f1_gn_198301-198312.nc', '/g/data/oi10/replicas/CMIP6/CMIP/AS-RCEC/TaiESM1/historical/r1i1p1f1/Omon/tos/gn/v20200630/tos_Omon_TaiESM1_historical_r1i1p1f1_gn_198401-198412.nc', '/g/data/oi10/replicas/CMIP6/CMIP/AS-RCEC/TaiESM1/historical/r1i1p1f1/Omon/tos/gn/v20200630/tos_Omon_TaiESM1_historical_r1i1p1f1_gn_198501-198512.nc', '/g/data/oi10/replicas/CMIP6/CMIP/AS-RCEC/TaiESM1/historical/r1i1p1f1/Omon/tos/gn/v20200630/tos_Omon_TaiESM1_historical_r1i1p1f1_gn_198601-198612.nc', '/g/data/oi10/replicas/CMIP6/CMIP/AS-RCEC/TaiESM1/historical/r1i1p1f1/Omon/tos/gn/v20200630/tos_Omon_TaiESM1_historical_r1i1p1f1_gn_198701-198712.nc', '/g/data/oi10/replicas/CMIP6/CMIP/AS-RCEC/TaiESM1/historical/r1i1p1f1/Omon/tos/gn/v20200630/tos_Omon_TaiESM1_historical_r1i1p1f1_gn_198801-198812.nc', '/g/data/oi10/replicas/CMIP6/CMIP/AS-RCEC/TaiESM1/historical/r1i1p1f1/Omon/tos/gn/v20200630/tos_Omon_TaiESM1_historical_r1i1p1f1_gn_198901-198912.nc', '/g/data/oi10/replicas/CMIP6/CMIP/AS-RCEC/TaiESM1/historical/r1i1p1f1/Omon/tos/gn/v20200630/tos_Omon_TaiESM1_historical_r1i1p1f1_gn_199001-199012.nc', '/g/data/oi10/replicas/CMIP6/CMIP/AS-RCEC/TaiESM1/historical/r1i1p1f1/Omon/tos/gn/v20200630/tos_Omon_TaiESM1_historical_r1i1p1f1_gn_199101-199112.nc', '/g/data/oi10/replicas/CMIP6/CMIP/AS-RCEC/TaiESM1/historical/r1i1p1f1/Omon/tos/gn/v20200630/tos_Omon_TaiESM1_historical_r1i1p1f1_gn_199201-199212.nc', '/g/data/oi10/replicas/CMIP6/CMIP/AS-RCEC/TaiESM1/historical/r1i1p1f1/Omon/tos/gn/v20200630/tos_Omon_TaiESM1_historical_r1i1p1f1_gn_199301-199312.nc', '/g/data/oi10/replicas/CMIP6/CMIP/AS-RCEC/TaiESM1/historical/r1i1p1f1/Omon/tos/gn/v20200630/tos_Omon_TaiESM1_historical_r1i1p1f1_gn_199401-199412.nc', '/g/data/oi10/replicas/CMIP6/CMIP/AS-RCEC/TaiESM1/historical/r1i1p1f1/Omon/tos/gn/v20200630/tos_Omon_TaiESM1_historical_r1i1p1f1_gn_199501-199512.nc', '/g/data/oi10/replicas/CMIP6/CMIP/AS-RCEC/TaiESM1/historical/r1i1p1f1/Omon/tos/gn/v20200630/tos_Omon_TaiESM1_historical_r1i1p1f1_gn_199601-199612.nc', '/g/data/oi10/replicas/CMIP6/CMIP/AS-RCEC/TaiESM1/historical/r1i1p1f1/Omon/tos/gn/v20200630/tos_Omon_TaiESM1_historical_r1i1p1f1_gn_199701-199712.nc', '/g/data/oi10/replicas/CMIP6/CMIP/AS-RCEC/TaiESM1/historical/r1i1p1f1/Omon/tos/gn/v20200630/tos_Omon_TaiESM1_historical_r1i1p1f1_gn_199801-199812.nc', '/g/data/oi10/replicas/CMIP6/CMIP/AS-RCEC/TaiESM1/historical/r1i1p1f1/Omon/tos/gn/v20200630/tos_Omon_TaiESM1_historical_r1i1p1f1_gn_199901-199912.nc', '/g/data/oi10/replicas/CMIP6/CMIP/AS-RCEC/TaiESM1/historical/r1i1p1f1/Omon/tos/gn/v20200630/tos_Omon_TaiESM1_historical_r1i1p1f1_gn_200001-200012.nc', '/g/data/oi10/replicas/CMIP6/CMIP/AS-RCEC/TaiESM1/historical/r1i1p1f1/Omon/tos/gn/v20200630/tos_Omon_TaiESM1_historical_r1i1p1f1_gn_200101-200112.nc', '/g/data/oi10/replicas/CMIP6/CMIP/AS-RCEC/TaiESM1/historical/r1i1p1f1/Omon/tos/gn/v20200630/tos_Omon_TaiESM1_historical_r1i1p1f1_gn_200201-200212.nc', '/g/data/oi10/replicas/CMIP6/CMIP/AS-RCEC/TaiESM1/historical/r1i1p1f1/Omon/tos/gn/v20200630/tos_Omon_TaiESM1_historical_r1i1p1f1_gn_200301-200312.nc', '/g/data/oi10/replicas/CMIP6/CMIP/AS-RCEC/TaiESM1/historical/r1i1p1f1/Omon/tos/gn/v20200630/tos_Omon_TaiESM1_historical_r1i1p1f1_gn_200401-200412.nc', '/g/data/oi10/replicas/CMIP6/CMIP/AS-RCEC/TaiESM1/historical/r1i1p1f1/Omon/tos/gn/v20200630/tos_Omon_TaiESM1_historical_r1i1p1f1_gn_200501-200512.nc', '/g/data/oi10/replicas/CMIP6/CMIP/AS-RCEC/TaiESM1/historical/r1i1p1f1/Omon/tos/gn/v20200630/tos_Omon_TaiESM1_historical_r1i1p1f1_gn_200601-200612.nc', '/g/data/oi10/replicas/CMIP6/CMIP/AS-RCEC/TaiESM1/historical/r1i1p1f1/Omon/tos/gn/v20200630/tos_Omon_TaiESM1_historical_r1i1p1f1_gn_200701-200712.nc', '/g/data/oi10/replicas/CMIP6/CMIP/AS-RCEC/TaiESM1/historical/r1i1p1f1/Omon/tos/gn/v20200630/tos_Omon_TaiESM1_historical_r1i1p1f1_gn_200801-200812.nc', '/g/data/oi10/replicas/CMIP6/CMIP/AS-RCEC/TaiESM1/historical/r1i1p1f1/Omon/tos/gn/v20200630/tos_Omon_TaiESM1_historical_r1i1p1f1_gn_200901-200912.nc', '/g/data/oi10/replicas/CMIP6/CMIP/AS-RCEC/TaiESM1/historical/r1i1p1f1/Omon/tos/gn/v20200630/tos_Omon_TaiESM1_historical_r1i1p1f1_gn_201001-201012.nc', '/g/data/oi10/replicas/CMIP6/CMIP/AS-RCEC/TaiESM1/historical/r1i1p1f1/Omon/tos/gn/v20200630/tos_Omon_TaiESM1_historical_r1i1p1f1_gn_201101-201112.nc', '/g/data/oi10/replicas/CMIP6/CMIP/AS-RCEC/TaiESM1/historical/r1i1p1f1/Omon/tos/gn/v20200630/tos_Omon_TaiESM1_historical_r1i1p1f1_gn_201201-201212.nc', '/g/data/oi10/replicas/CMIP6/CMIP/AS-RCEC/TaiESM1/historical/r1i1p1f1/Omon/tos/gn/v20200630/tos_Omon_TaiESM1_historical_r1i1p1f1_gn_201301-201312.nc', '/g/data/oi10/replicas/CMIP6/CMIP/AS-RCEC/TaiESM1/historical/r1i1p1f1/Omon/tos/gn/v20200630/tos_Omon_TaiESM1_historical_r1i1p1f1_gn_201401-201412.nc']; original error: did not find a match in any of xarray's currently installed IO backends ['netcdf4', 'scipy']. Consider explicitly selecting one of the installed engines via the ``engine`` parameter, or installing additional IO dependencies, see:
https://docs.xarray.dev/en/stable/getting-started-guide/installing.html
https://docs.xarray.dev/en/stable/user-guide/io.html
Traceback (most recent call last):
  File "/scratch/p66/ars599/enso_metrics_env/lib/python3.11/site-packages/EnsoMetrics/EnsoComputeMetricsLib.py", line 456, in ComputeCollection
    valu, vame, dive, dime = ComputeMetric(
                             ^^^^^^^^^^^^^^
  File "/scratch/p66/ars599/enso_metrics_env/lib/python3.11/site-packages/EnsoMetrics/EnsoComputeMetricsLib.py", line 1125, in ComputeMetric
    diagnostic1[output_name] = dict_twoVar_modelAndObs[metric](
                               ^^^^^^^^^^^^^^^^^^^^^^^^^^^^^^^^
  File "/scratch/p66/ars599/enso_metrics_env/lib/python3.11/site-packages/EnsoMetrics/EnsoMetricsLib.py", line 9623, in EnsoPrMapDjf
    sst_mod_box, mod_areacell, keyerror_mod1 = Read_data_mask_area(
                                               ^^^^^^^^^^^^^^^^^^^^
  File "/scratch/p66/ars599/enso_metrics_env/lib/python3.11/site-packages/EnsoMetrics/EnsoUvcdatToolsLib.py", line 7371, in Read_data_mask_area
    variable, keyerror1 = ReadSelectRegionCheckUnits(file_data, name_data, type_data, box=region,
                          ^^^^^^^^^^^^^^^^^^^^^^^^^^^^^^^^^^^^^^^^^^^^^^^^^^^^^^^^^^^^^^^^^^^^^^^
  File "/scratch/p66/ars599/enso_metrics_env/lib/python3.11/site-packages/EnsoMetrics/EnsoUvcdatToolsLib.py", line 7353, in ReadSelectRegionCheckUnits
    tab = ReadAndSelectRegion(filename, varname, box=box, time_bounds=time_bounds, frequency=frequency)
          ^^^^^^^^^^^^^^^^^^^^^^^^^^^^^^^^^^^^^^^^^^^^^^^^^^^^^^^^^^^^^^^^^^^^^^^^^^^^^^^^^^^^^^^^^^^^^
  File "/scratch/p66/ars599/enso_metrics_env/lib/python3.11/site-packages/EnsoMetrics/EnsoUvcdatToolsLib.py", line 5420, in ReadAndSelectRegion
    tab = fi(varname, time=time_bounds, latitude=region_ref["latitude"], longitude=region_ref["longitude"])
          ^^^^^^^^^^^^^^^^^^^^^^^^^^^^^^^^^^^^^^^^^^^^^^^^^^^^^^^^^^^^^^^^^^^^^^^^^^^^^^^^^^^^^^^^^^^^^^^^^
  File "/scratch/p66/ars599/enso_metrics_env/lib/python3.11/site-packages/EnsoMetrics/EnsoUvcdatToolsLib.py", line 2075, in __call__
    raise OSError(
OSError: File not open for reading: ['/g/data/oi10/replicas/CMIP6/CMIP/AS-RCEC/TaiESM1/historical/r1i1p1f1/Omon/tos/gn/v20200630/tos_Omon_TaiESM1_historical_r1i1p1f1_gn_185001-185012.nc', '/g/data/oi10/replicas/CMIP6/CMIP/AS-RCEC/TaiESM1/historical/r1i1p1f1/Omon/tos/gn/v20200630/tos_Omon_TaiESM1_historical_r1i1p1f1_gn_185101-185112.nc', '/g/data/oi10/replicas/CMIP6/CMIP/AS-RCEC/TaiESM1/historical/r1i1p1f1/Omon/tos/gn/v20200630/tos_Omon_TaiESM1_historical_r1i1p1f1_gn_185201-185212.nc', '/g/data/oi10/replicas/CMIP6/CMIP/AS-RCEC/TaiESM1/historical/r1i1p1f1/Omon/tos/gn/v20200630/tos_Omon_TaiESM1_historical_r1i1p1f1_gn_185301-185312.nc', '/g/data/oi10/replicas/CMIP6/CMIP/AS-RCEC/TaiESM1/historical/r1i1p1f1/Omon/tos/gn/v20200630/tos_Omon_TaiESM1_historical_r1i1p1f1_gn_185401-185412.nc', '/g/data/oi10/replicas/CMIP6/CMIP/AS-RCEC/TaiESM1/historical/r1i1p1f1/Omon/tos/gn/v20200630/tos_Omon_TaiESM1_historical_r1i1p1f1_gn_185501-185512.nc', '/g/data/oi10/replicas/CMIP6/CMIP/AS-RCEC/TaiESM1/historical/r1i1p1f1/Omon/tos/gn/v20200630/tos_Omon_TaiESM1_historical_r1i1p1f1_gn_185601-185612.nc', '/g/data/oi10/replicas/CMIP6/CMIP/AS-RCEC/TaiESM1/historical/r1i1p1f1/Omon/tos/gn/v20200630/tos_Omon_TaiESM1_historical_r1i1p1f1_gn_185701-185712.nc', '/g/data/oi10/replicas/CMIP6/CMIP/AS-RCEC/TaiESM1/historical/r1i1p1f1/Omon/tos/gn/v20200630/tos_Omon_TaiESM1_historical_r1i1p1f1_gn_185801-185812.nc', '/g/data/oi10/replicas/CMIP6/CMIP/AS-RCEC/TaiESM1/historical/r1i1p1f1/Omon/tos/gn/v20200630/tos_Omon_TaiESM1_historical_r1i1p1f1_gn_185901-185912.nc', '/g/data/oi10/replicas/CMIP6/CMIP/AS-RCEC/TaiESM1/historical/r1i1p1f1/Omon/tos/gn/v20200630/tos_Omon_TaiESM1_historical_r1i1p1f1_gn_186001-186012.nc', '/g/data/oi10/replicas/CMIP6/CMIP/AS-RCEC/TaiESM1/historical/r1i1p1f1/Omon/tos/gn/v20200630/tos_Omon_TaiESM1_historical_r1i1p1f1_gn_186101-186112.nc', '/g/data/oi10/replicas/CMIP6/CMIP/AS-RCEC/TaiESM1/historical/r1i1p1f1/Omon/tos/gn/v20200630/tos_Omon_TaiESM1_historical_r1i1p1f1_gn_186201-186212.nc', '/g/data/oi10/replicas/CMIP6/CMIP/AS-RCEC/TaiESM1/historical/r1i1p1f1/Omon/tos/gn/v20200630/tos_Omon_TaiESM1_historical_r1i1p1f1_gn_186301-186312.nc', '/g/data/oi10/replicas/CMIP6/CMIP/AS-RCEC/TaiESM1/historical/r1i1p1f1/Omon/tos/gn/v20200630/tos_Omon_TaiESM1_historical_r1i1p1f1_gn_186401-186412.nc', '/g/data/oi10/replicas/CMIP6/CMIP/AS-RCEC/TaiESM1/historical/r1i1p1f1/Omon/tos/gn/v20200630/tos_Omon_TaiESM1_historical_r1i1p1f1_gn_186501-186512.nc', '/g/data/oi10/replicas/CMIP6/CMIP/AS-RCEC/TaiESM1/historical/r1i1p1f1/Omon/tos/gn/v20200630/tos_Omon_TaiESM1_historical_r1i1p1f1_gn_186601-186612.nc', '/g/data/oi10/replicas/CMIP6/CMIP/AS-RCEC/TaiESM1/historical/r1i1p1f1/Omon/tos/gn/v20200630/tos_Omon_TaiESM1_historical_r1i1p1f1_gn_186701-186712.nc', '/g/data/oi10/replicas/CMIP6/CMIP/AS-RCEC/TaiESM1/historical/r1i1p1f1/Omon/tos/gn/v20200630/tos_Omon_TaiESM1_historical_r1i1p1f1_gn_186801-186812.nc', '/g/data/oi10/replicas/CMIP6/CMIP/AS-RCEC/TaiESM1/historical/r1i1p1f1/Omon/tos/gn/v20200630/tos_Omon_TaiESM1_historical_r1i1p1f1_gn_186901-186912.nc', '/g/data/oi10/replicas/CMIP6/CMIP/AS-RCEC/TaiESM1/historical/r1i1p1f1/Omon/tos/gn/v20200630/tos_Omon_TaiESM1_historical_r1i1p1f1_gn_187001-187012.nc', '/g/data/oi10/replicas/CMIP6/CMIP/AS-RCEC/TaiESM1/historical/r1i1p1f1/Omon/tos/gn/v20200630/tos_Omon_TaiESM1_historical_r1i1p1f1_gn_187101-187112.nc', '/g/data/oi10/replicas/CMIP6/CMIP/AS-RCEC/TaiESM1/historical/r1i1p1f1/Omon/tos/gn/v20200630/tos_Omon_TaiESM1_historical_r1i1p1f1_gn_187201-187212.nc', '/g/data/oi10/replicas/CMIP6/CMIP/AS-RCEC/TaiESM1/historical/r1i1p1f1/Omon/tos/gn/v20200630/tos_Omon_TaiESM1_historical_r1i1p1f1_gn_187301-187312.nc', '/g/data/oi10/replicas/CMIP6/CMIP/AS-RCEC/TaiESM1/historical/r1i1p1f1/Omon/tos/gn/v20200630/tos_Omon_TaiESM1_historical_r1i1p1f1_gn_187401-187412.nc', '/g/data/oi10/replicas/CMIP6/CMIP/AS-RCEC/TaiESM1/historical/r1i1p1f1/Omon/tos/gn/v20200630/tos_Omon_TaiESM1_historical_r1i1p1f1_gn_187501-187512.nc', '/g/data/oi10/replicas/CMIP6/CMIP/AS-RCEC/TaiESM1/historical/r1i1p1f1/Omon/tos/gn/v20200630/tos_Omon_TaiESM1_historical_r1i1p1f1_gn_187601-187612.nc', '/g/data/oi10/replicas/CMIP6/CMIP/AS-RCEC/TaiESM1/historical/r1i1p1f1/Omon/tos/gn/v20200630/tos_Omon_TaiESM1_historical_r1i1p1f1_gn_187701-187712.nc', '/g/data/oi10/replicas/CMIP6/CMIP/AS-RCEC/TaiESM1/historical/r1i1p1f1/Omon/tos/gn/v20200630/tos_Omon_TaiESM1_historical_r1i1p1f1_gn_187801-187812.nc', '/g/data/oi10/replicas/CMIP6/CMIP/AS-RCEC/TaiESM1/historical/r1i1p1f1/Omon/tos/gn/v20200630/tos_Omon_TaiESM1_historical_r1i1p1f1_gn_187901-187912.nc', '/g/data/oi10/replicas/CMIP6/CMIP/AS-RCEC/TaiESM1/historical/r1i1p1f1/Omon/tos/gn/v20200630/tos_Omon_TaiESM1_historical_r1i1p1f1_gn_188001-188012.nc', '/g/data/oi10/replicas/CMIP6/CMIP/AS-RCEC/TaiESM1/historical/r1i1p1f1/Omon/tos/gn/v20200630/tos_Omon_TaiESM1_historical_r1i1p1f1_gn_188101-188112.nc', '/g/data/oi10/replicas/CMIP6/CMIP/AS-RCEC/TaiESM1/historical/r1i1p1f1/Omon/tos/gn/v20200630/tos_Omon_TaiESM1_historical_r1i1p1f1_gn_188201-188212.nc', '/g/data/oi10/replicas/CMIP6/CMIP/AS-RCEC/TaiESM1/historical/r1i1p1f1/Omon/tos/gn/v20200630/tos_Omon_TaiESM1_historical_r1i1p1f1_gn_188301-188312.nc', '/g/data/oi10/replicas/CMIP6/CMIP/AS-RCEC/TaiESM1/historical/r1i1p1f1/Omon/tos/gn/v20200630/tos_Omon_TaiESM1_historical_r1i1p1f1_gn_188401-188412.nc', '/g/data/oi10/replicas/CMIP6/CMIP/AS-RCEC/TaiESM1/historical/r1i1p1f1/Omon/tos/gn/v20200630/tos_Omon_TaiESM1_historical_r1i1p1f1_gn_188501-188512.nc', '/g/data/oi10/replicas/CMIP6/CMIP/AS-RCEC/TaiESM1/historical/r1i1p1f1/Omon/tos/gn/v20200630/tos_Omon_TaiESM1_historical_r1i1p1f1_gn_188601-188612.nc', '/g/data/oi10/replicas/CMIP6/CMIP/AS-RCEC/TaiESM1/historical/r1i1p1f1/Omon/tos/gn/v20200630/tos_Omon_TaiESM1_historical_r1i1p1f1_gn_188701-188712.nc', '/g/data/oi10/replicas/CMIP6/CMIP/AS-RCEC/TaiESM1/historical/r1i1p1f1/Omon/tos/gn/v20200630/tos_Omon_TaiESM1_historical_r1i1p1f1_gn_188801-188812.nc', '/g/data/oi10/replicas/CMIP6/CMIP/AS-RCEC/TaiESM1/historical/r1i1p1f1/Omon/tos/gn/v20200630/tos_Omon_TaiESM1_historical_r1i1p1f1_gn_188901-188912.nc', '/g/data/oi10/replicas/CMIP6/CMIP/AS-RCEC/TaiESM1/historical/r1i1p1f1/Omon/tos/gn/v20200630/tos_Omon_TaiESM1_historical_r1i1p1f1_gn_189001-189012.nc', '/g/data/oi10/replicas/CMIP6/CMIP/AS-RCEC/TaiESM1/historical/r1i1p1f1/Omon/tos/gn/v20200630/tos_Omon_TaiESM1_historical_r1i1p1f1_gn_189101-189112.nc', '/g/data/oi10/replicas/CMIP6/CMIP/AS-RCEC/TaiESM1/historical/r1i1p1f1/Omon/tos/gn/v20200630/tos_Omon_TaiESM1_historical_r1i1p1f1_gn_189201-189212.nc', '/g/data/oi10/replicas/CMIP6/CMIP/AS-RCEC/TaiESM1/historical/r1i1p1f1/Omon/tos/gn/v20200630/tos_Omon_TaiESM1_historical_r1i1p1f1_gn_189301-189312.nc', '/g/data/oi10/replicas/CMIP6/CMIP/AS-RCEC/TaiESM1/historical/r1i1p1f1/Omon/tos/gn/v20200630/tos_Omon_TaiESM1_historical_r1i1p1f1_gn_189401-189412.nc', '/g/data/oi10/replicas/CMIP6/CMIP/AS-RCEC/TaiESM1/historical/r1i1p1f1/Omon/tos/gn/v20200630/tos_Omon_TaiESM1_historical_r1i1p1f1_gn_189501-189512.nc', '/g/data/oi10/replicas/CMIP6/CMIP/AS-RCEC/TaiESM1/historical/r1i1p1f1/Omon/tos/gn/v20200630/tos_Omon_TaiESM1_historical_r1i1p1f1_gn_189601-189612.nc', '/g/data/oi10/replicas/CMIP6/CMIP/AS-RCEC/TaiESM1/historical/r1i1p1f1/Omon/tos/gn/v20200630/tos_Omon_TaiESM1_historical_r1i1p1f1_gn_189701-189712.nc', '/g/data/oi10/replicas/CMIP6/CMIP/AS-RCEC/TaiESM1/historical/r1i1p1f1/Omon/tos/gn/v20200630/tos_Omon_TaiESM1_historical_r1i1p1f1_gn_189801-189812.nc', '/g/data/oi10/replicas/CMIP6/CMIP/AS-RCEC/TaiESM1/historical/r1i1p1f1/Omon/tos/gn/v20200630/tos_Omon_TaiESM1_historical_r1i1p1f1_gn_189901-189912.nc', '/g/data/oi10/replicas/CMIP6/CMIP/AS-RCEC/TaiESM1/historical/r1i1p1f1/Omon/tos/gn/v20200630/tos_Omon_TaiESM1_historical_r1i1p1f1_gn_190001-190012.nc', '/g/data/oi10/replicas/CMIP6/CMIP/AS-RCEC/TaiESM1/historical/r1i1p1f1/Omon/tos/gn/v20200630/tos_Omon_TaiESM1_historical_r1i1p1f1_gn_190101-190112.nc', '/g/data/oi10/replicas/CMIP6/CMIP/AS-RCEC/TaiESM1/historical/r1i1p1f1/Omon/tos/gn/v20200630/tos_Omon_TaiESM1_historical_r1i1p1f1_gn_190201-190212.nc', '/g/data/oi10/replicas/CMIP6/CMIP/AS-RCEC/TaiESM1/historical/r1i1p1f1/Omon/tos/gn/v20200630/tos_Omon_TaiESM1_historical_r1i1p1f1_gn_190301-190312.nc', '/g/data/oi10/replicas/CMIP6/CMIP/AS-RCEC/TaiESM1/historical/r1i1p1f1/Omon/tos/gn/v20200630/tos_Omon_TaiESM1_historical_r1i1p1f1_gn_190401-190412.nc', '/g/data/oi10/replicas/CMIP6/CMIP/AS-RCEC/TaiESM1/historical/r1i1p1f1/Omon/tos/gn/v20200630/tos_Omon_TaiESM1_historical_r1i1p1f1_gn_190501-190512.nc', '/g/data/oi10/replicas/CMIP6/CMIP/AS-RCEC/TaiESM1/historical/r1i1p1f1/Omon/tos/gn/v20200630/tos_Omon_TaiESM1_historical_r1i1p1f1_gn_190601-190612.nc', '/g/data/oi10/replicas/CMIP6/CMIP/AS-RCEC/TaiESM1/historical/r1i1p1f1/Omon/tos/gn/v20200630/tos_Omon_TaiESM1_historical_r1i1p1f1_gn_190701-190712.nc', '/g/data/oi10/replicas/CMIP6/CMIP/AS-RCEC/TaiESM1/historical/r1i1p1f1/Omon/tos/gn/v20200630/tos_Omon_TaiESM1_historical_r1i1p1f1_gn_190801-190812.nc', '/g/data/oi10/replicas/CMIP6/CMIP/AS-RCEC/TaiESM1/historical/r1i1p1f1/Omon/tos/gn/v20200630/tos_Omon_TaiESM1_historical_r1i1p1f1_gn_190901-190912.nc', '/g/data/oi10/replicas/CMIP6/CMIP/AS-RCEC/TaiESM1/historical/r1i1p1f1/Omon/tos/gn/v20200630/tos_Omon_TaiESM1_historical_r1i1p1f1_gn_191001-191012.nc', '/g/data/oi10/replicas/CMIP6/CMIP/AS-RCEC/TaiESM1/historical/r1i1p1f1/Omon/tos/gn/v20200630/tos_Omon_TaiESM1_historical_r1i1p1f1_gn_191101-191112.nc', '/g/data/oi10/replicas/CMIP6/CMIP/AS-RCEC/TaiESM1/historical/r1i1p1f1/Omon/tos/gn/v20200630/tos_Omon_TaiESM1_historical_r1i1p1f1_gn_191201-191212.nc', '/g/data/oi10/replicas/CMIP6/CMIP/AS-RCEC/TaiESM1/historical/r1i1p1f1/Omon/tos/gn/v20200630/tos_Omon_TaiESM1_historical_r1i1p1f1_gn_191301-191312.nc', '/g/data/oi10/replicas/CMIP6/CMIP/AS-RCEC/TaiESM1/historical/r1i1p1f1/Omon/tos/gn/v20200630/tos_Omon_TaiESM1_historical_r1i1p1f1_gn_191401-191412.nc', '/g/data/oi10/replicas/CMIP6/CMIP/AS-RCEC/TaiESM1/historical/r1i1p1f1/Omon/tos/gn/v20200630/tos_Omon_TaiESM1_historical_r1i1p1f1_gn_191501-191512.nc', '/g/data/oi10/replicas/CMIP6/CMIP/AS-RCEC/TaiESM1/historical/r1i1p1f1/Omon/tos/gn/v20200630/tos_Omon_TaiESM1_historical_r1i1p1f1_gn_191601-191612.nc', '/g/data/oi10/replicas/CMIP6/CMIP/AS-RCEC/TaiESM1/historical/r1i1p1f1/Omon/tos/gn/v20200630/tos_Omon_TaiESM1_historical_r1i1p1f1_gn_191701-191712.nc', '/g/data/oi10/replicas/CMIP6/CMIP/AS-RCEC/TaiESM1/historical/r1i1p1f1/Omon/tos/gn/v20200630/tos_Omon_TaiESM1_historical_r1i1p1f1_gn_191801-191812.nc', '/g/data/oi10/replicas/CMIP6/CMIP/AS-RCEC/TaiESM1/historical/r1i1p1f1/Omon/tos/gn/v20200630/tos_Omon_TaiESM1_historical_r1i1p1f1_gn_191901-191912.nc', '/g/data/oi10/replicas/CMIP6/CMIP/AS-RCEC/TaiESM1/historical/r1i1p1f1/Omon/tos/gn/v20200630/tos_Omon_TaiESM1_historical_r1i1p1f1_gn_192001-192012.nc', '/g/data/oi10/replicas/CMIP6/CMIP/AS-RCEC/TaiESM1/historical/r1i1p1f1/Omon/tos/gn/v20200630/tos_Omon_TaiESM1_historical_r1i1p1f1_gn_192101-192112.nc', '/g/data/oi10/replicas/CMIP6/CMIP/AS-RCEC/TaiESM1/historical/r1i1p1f1/Omon/tos/gn/v20200630/tos_Omon_TaiESM1_historical_r1i1p1f1_gn_192201-192212.nc', '/g/data/oi10/replicas/CMIP6/CMIP/AS-RCEC/TaiESM1/historical/r1i1p1f1/Omon/tos/gn/v20200630/tos_Omon_TaiESM1_historical_r1i1p1f1_gn_192301-192312.nc', '/g/data/oi10/replicas/CMIP6/CMIP/AS-RCEC/TaiESM1/historical/r1i1p1f1/Omon/tos/gn/v20200630/tos_Omon_TaiESM1_historical_r1i1p1f1_gn_192401-192412.nc', '/g/data/oi10/replicas/CMIP6/CMIP/AS-RCEC/TaiESM1/historical/r1i1p1f1/Omon/tos/gn/v20200630/tos_Omon_TaiESM1_historical_r1i1p1f1_gn_192501-192512.nc', '/g/data/oi10/replicas/CMIP6/CMIP/AS-RCEC/TaiESM1/historical/r1i1p1f1/Omon/tos/gn/v20200630/tos_Omon_TaiESM1_historical_r1i1p1f1_gn_192601-192612.nc', '/g/data/oi10/replicas/CMIP6/CMIP/AS-RCEC/TaiESM1/historical/r1i1p1f1/Omon/tos/gn/v20200630/tos_Omon_TaiESM1_historical_r1i1p1f1_gn_192701-192712.nc', '/g/data/oi10/replicas/CMIP6/CMIP/AS-RCEC/TaiESM1/historical/r1i1p1f1/Omon/tos/gn/v20200630/tos_Omon_TaiESM1_historical_r1i1p1f1_gn_192801-192812.nc', '/g/data/oi10/replicas/CMIP6/CMIP/AS-RCEC/TaiESM1/historical/r1i1p1f1/Omon/tos/gn/v20200630/tos_Omon_TaiESM1_historical_r1i1p1f1_gn_192901-192912.nc', '/g/data/oi10/replicas/CMIP6/CMIP/AS-RCEC/TaiESM1/historical/r1i1p1f1/Omon/tos/gn/v20200630/tos_Omon_TaiESM1_historical_r1i1p1f1_gn_193001-193012.nc', '/g/data/oi10/replicas/CMIP6/CMIP/AS-RCEC/TaiESM1/historical/r1i1p1f1/Omon/tos/gn/v20200630/tos_Omon_TaiESM1_historical_r1i1p1f1_gn_193101-193112.nc', '/g/data/oi10/replicas/CMIP6/CMIP/AS-RCEC/TaiESM1/historical/r1i1p1f1/Omon/tos/gn/v20200630/tos_Omon_TaiESM1_historical_r1i1p1f1_gn_193201-193212.nc', '/g/data/oi10/replicas/CMIP6/CMIP/AS-RCEC/TaiESM1/historical/r1i1p1f1/Omon/tos/gn/v20200630/tos_Omon_TaiESM1_historical_r1i1p1f1_gn_193301-193312.nc', '/g/data/oi10/replicas/CMIP6/CMIP/AS-RCEC/TaiESM1/historical/r1i1p1f1/Omon/tos/gn/v20200630/tos_Omon_TaiESM1_historical_r1i1p1f1_gn_193401-193412.nc', '/g/data/oi10/replicas/CMIP6/CMIP/AS-RCEC/TaiESM1/historical/r1i1p1f1/Omon/tos/gn/v20200630/tos_Omon_TaiESM1_historical_r1i1p1f1_gn_193501-193512.nc', '/g/data/oi10/replicas/CMIP6/CMIP/AS-RCEC/TaiESM1/historical/r1i1p1f1/Omon/tos/gn/v20200630/tos_Omon_TaiESM1_historical_r1i1p1f1_gn_193601-193612.nc', '/g/data/oi10/replicas/CMIP6/CMIP/AS-RCEC/TaiESM1/historical/r1i1p1f1/Omon/tos/gn/v20200630/tos_Omon_TaiESM1_historical_r1i1p1f1_gn_193701-193712.nc', '/g/data/oi10/replicas/CMIP6/CMIP/AS-RCEC/TaiESM1/historical/r1i1p1f1/Omon/tos/gn/v20200630/tos_Omon_TaiESM1_historical_r1i1p1f1_gn_193801-193812.nc', '/g/data/oi10/replicas/CMIP6/CMIP/AS-RCEC/TaiESM1/historical/r1i1p1f1/Omon/tos/gn/v20200630/tos_Omon_TaiESM1_historical_r1i1p1f1_gn_193901-193912.nc', '/g/data/oi10/replicas/CMIP6/CMIP/AS-RCEC/TaiESM1/historical/r1i1p1f1/Omon/tos/gn/v20200630/tos_Omon_TaiESM1_historical_r1i1p1f1_gn_194001-194012.nc', '/g/data/oi10/replicas/CMIP6/CMIP/AS-RCEC/TaiESM1/historical/r1i1p1f1/Omon/tos/gn/v20200630/tos_Omon_TaiESM1_historical_r1i1p1f1_gn_194101-194112.nc', '/g/data/oi10/replicas/CMIP6/CMIP/AS-RCEC/TaiESM1/historical/r1i1p1f1/Omon/tos/gn/v20200630/tos_Omon_TaiESM1_historical_r1i1p1f1_gn_194201-194212.nc', '/g/data/oi10/replicas/CMIP6/CMIP/AS-RCEC/TaiESM1/historical/r1i1p1f1/Omon/tos/gn/v20200630/tos_Omon_TaiESM1_historical_r1i1p1f1_gn_194301-194312.nc', '/g/data/oi10/replicas/CMIP6/CMIP/AS-RCEC/TaiESM1/historical/r1i1p1f1/Omon/tos/gn/v20200630/tos_Omon_TaiESM1_historical_r1i1p1f1_gn_194401-194412.nc', '/g/data/oi10/replicas/CMIP6/CMIP/AS-RCEC/TaiESM1/historical/r1i1p1f1/Omon/tos/gn/v20200630/tos_Omon_TaiESM1_historical_r1i1p1f1_gn_194501-194512.nc', '/g/data/oi10/replicas/CMIP6/CMIP/AS-RCEC/TaiESM1/historical/r1i1p1f1/Omon/tos/gn/v20200630/tos_Omon_TaiESM1_historical_r1i1p1f1_gn_194601-194612.nc', '/g/data/oi10/replicas/CMIP6/CMIP/AS-RCEC/TaiESM1/historical/r1i1p1f1/Omon/tos/gn/v20200630/tos_Omon_TaiESM1_historical_r1i1p1f1_gn_194701-194712.nc', '/g/data/oi10/replicas/CMIP6/CMIP/AS-RCEC/TaiESM1/historical/r1i1p1f1/Omon/tos/gn/v20200630/tos_Omon_TaiESM1_historical_r1i1p1f1_gn_194801-194812.nc', '/g/data/oi10/replicas/CMIP6/CMIP/AS-RCEC/TaiESM1/historical/r1i1p1f1/Omon/tos/gn/v20200630/tos_Omon_TaiESM1_historical_r1i1p1f1_gn_194901-194912.nc', '/g/data/oi10/replicas/CMIP6/CMIP/AS-RCEC/TaiESM1/historical/r1i1p1f1/Omon/tos/gn/v20200630/tos_Omon_TaiESM1_historical_r1i1p1f1_gn_195001-195012.nc', '/g/data/oi10/replicas/CMIP6/CMIP/AS-RCEC/TaiESM1/historical/r1i1p1f1/Omon/tos/gn/v20200630/tos_Omon_TaiESM1_historical_r1i1p1f1_gn_195101-195112.nc', '/g/data/oi10/replicas/CMIP6/CMIP/AS-RCEC/TaiESM1/historical/r1i1p1f1/Omon/tos/gn/v20200630/tos_Omon_TaiESM1_historical_r1i1p1f1_gn_195201-195212.nc', '/g/data/oi10/replicas/CMIP6/CMIP/AS-RCEC/TaiESM1/historical/r1i1p1f1/Omon/tos/gn/v20200630/tos_Omon_TaiESM1_historical_r1i1p1f1_gn_195301-195312.nc', '/g/data/oi10/replicas/CMIP6/CMIP/AS-RCEC/TaiESM1/historical/r1i1p1f1/Omon/tos/gn/v20200630/tos_Omon_TaiESM1_historical_r1i1p1f1_gn_195401-195412.nc', '/g/data/oi10/replicas/CMIP6/CMIP/AS-RCEC/TaiESM1/historical/r1i1p1f1/Omon/tos/gn/v20200630/tos_Omon_TaiESM1_historical_r1i1p1f1_gn_195501-195512.nc', '/g/data/oi10/replicas/CMIP6/CMIP/AS-RCEC/TaiESM1/historical/r1i1p1f1/Omon/tos/gn/v20200630/tos_Omon_TaiESM1_historical_r1i1p1f1_gn_195601-195612.nc', '/g/data/oi10/replicas/CMIP6/CMIP/AS-RCEC/TaiESM1/historical/r1i1p1f1/Omon/tos/gn/v20200630/tos_Omon_TaiESM1_historical_r1i1p1f1_gn_195701-195712.nc', '/g/data/oi10/replicas/CMIP6/CMIP/AS-RCEC/TaiESM1/historical/r1i1p1f1/Omon/tos/gn/v20200630/tos_Omon_TaiESM1_historical_r1i1p1f1_gn_195801-195812.nc', '/g/data/oi10/replicas/CMIP6/CMIP/AS-RCEC/TaiESM1/historical/r1i1p1f1/Omon/tos/gn/v20200630/tos_Omon_TaiESM1_historical_r1i1p1f1_gn_195901-195912.nc', '/g/data/oi10/replicas/CMIP6/CMIP/AS-RCEC/TaiESM1/historical/r1i1p1f1/Omon/tos/gn/v20200630/tos_Omon_TaiESM1_historical_r1i1p1f1_gn_196001-196012.nc', '/g/data/oi10/replicas/CMIP6/CMIP/AS-RCEC/TaiESM1/historical/r1i1p1f1/Omon/tos/gn/v20200630/tos_Omon_TaiESM1_historical_r1i1p1f1_gn_196101-196112.nc', '/g/data/oi10/replicas/CMIP6/CMIP/AS-RCEC/TaiESM1/historical/r1i1p1f1/Omon/tos/gn/v20200630/tos_Omon_TaiESM1_historical_r1i1p1f1_gn_196201-196212.nc', '/g/data/oi10/replicas/CMIP6/CMIP/AS-RCEC/TaiESM1/historical/r1i1p1f1/Omon/tos/gn/v20200630/tos_Omon_TaiESM1_historical_r1i1p1f1_gn_196301-196312.nc', '/g/data/oi10/replicas/CMIP6/CMIP/AS-RCEC/TaiESM1/historical/r1i1p1f1/Omon/tos/gn/v20200630/tos_Omon_TaiESM1_historical_r1i1p1f1_gn_196401-196412.nc', '/g/data/oi10/replicas/CMIP6/CMIP/AS-RCEC/TaiESM1/historical/r1i1p1f1/Omon/tos/gn/v20200630/tos_Omon_TaiESM1_historical_r1i1p1f1_gn_196501-196512.nc', '/g/data/oi10/replicas/CMIP6/CMIP/AS-RCEC/TaiESM1/historical/r1i1p1f1/Omon/tos/gn/v20200630/tos_Omon_TaiESM1_historical_r1i1p1f1_gn_196601-196612.nc', '/g/data/oi10/replicas/CMIP6/CMIP/AS-RCEC/TaiESM1/historical/r1i1p1f1/Omon/tos/gn/v20200630/tos_Omon_TaiESM1_historical_r1i1p1f1_gn_196701-196712.nc', '/g/data/oi10/replicas/CMIP6/CMIP/AS-RCEC/TaiESM1/historical/r1i1p1f1/Omon/tos/gn/v20200630/tos_Omon_TaiESM1_historical_r1i1p1f1_gn_196801-196812.nc', '/g/data/oi10/replicas/CMIP6/CMIP/AS-RCEC/TaiESM1/historical/r1i1p1f1/Omon/tos/gn/v20200630/tos_Omon_TaiESM1_historical_r1i1p1f1_gn_196901-196912.nc', '/g/data/oi10/replicas/CMIP6/CMIP/AS-RCEC/TaiESM1/historical/r1i1p1f1/Omon/tos/gn/v20200630/tos_Omon_TaiESM1_historical_r1i1p1f1_gn_197001-197012.nc', '/g/data/oi10/replicas/CMIP6/CMIP/AS-RCEC/TaiESM1/historical/r1i1p1f1/Omon/tos/gn/v20200630/tos_Omon_TaiESM1_historical_r1i1p1f1_gn_197101-197112.nc', '/g/data/oi10/replicas/CMIP6/CMIP/AS-RCEC/TaiESM1/historical/r1i1p1f1/Omon/tos/gn/v20200630/tos_Omon_TaiESM1_historical_r1i1p1f1_gn_197201-197212.nc', '/g/data/oi10/replicas/CMIP6/CMIP/AS-RCEC/TaiESM1/historical/r1i1p1f1/Omon/tos/gn/v20200630/tos_Omon_TaiESM1_historical_r1i1p1f1_gn_197301-197312.nc', '/g/data/oi10/replicas/CMIP6/CMIP/AS-RCEC/TaiESM1/historical/r1i1p1f1/Omon/tos/gn/v20200630/tos_Omon_TaiESM1_historical_r1i1p1f1_gn_197401-197412.nc', '/g/data/oi10/replicas/CMIP6/CMIP/AS-RCEC/TaiESM1/historical/r1i1p1f1/Omon/tos/gn/v20200630/tos_Omon_TaiESM1_historical_r1i1p1f1_gn_197501-197512.nc', '/g/data/oi10/replicas/CMIP6/CMIP/AS-RCEC/TaiESM1/historical/r1i1p1f1/Omon/tos/gn/v20200630/tos_Omon_TaiESM1_historical_r1i1p1f1_gn_197601-197612.nc', '/g/data/oi10/replicas/CMIP6/CMIP/AS-RCEC/TaiESM1/historical/r1i1p1f1/Omon/tos/gn/v20200630/tos_Omon_TaiESM1_historical_r1i1p1f1_gn_197701-197712.nc', '/g/data/oi10/replicas/CMIP6/CMIP/AS-RCEC/TaiESM1/historical/r1i1p1f1/Omon/tos/gn/v20200630/tos_Omon_TaiESM1_historical_r1i1p1f1_gn_197801-197812.nc', '/g/data/oi10/replicas/CMIP6/CMIP/AS-RCEC/TaiESM1/historical/r1i1p1f1/Omon/tos/gn/v20200630/tos_Omon_TaiESM1_historical_r1i1p1f1_gn_197901-197912.nc', '/g/data/oi10/replicas/CMIP6/CMIP/AS-RCEC/TaiESM1/historical/r1i1p1f1/Omon/tos/gn/v20200630/tos_Omon_TaiESM1_historical_r1i1p1f1_gn_198001-198012.nc', '/g/data/oi10/replicas/CMIP6/CMIP/AS-RCEC/TaiESM1/historical/r1i1p1f1/Omon/tos/gn/v20200630/tos_Omon_TaiESM1_historical_r1i1p1f1_gn_198101-198112.nc', '/g/data/oi10/replicas/CMIP6/CMIP/AS-RCEC/TaiESM1/historical/r1i1p1f1/Omon/tos/gn/v20200630/tos_Omon_TaiESM1_historical_r1i1p1f1_gn_198201-198212.nc', '/g/data/oi10/replicas/CMIP6/CMIP/AS-RCEC/TaiESM1/historical/r1i1p1f1/Omon/tos/gn/v20200630/tos_Omon_TaiESM1_historical_r1i1p1f1_gn_198301-198312.nc', '/g/data/oi10/replicas/CMIP6/CMIP/AS-RCEC/TaiESM1/historical/r1i1p1f1/Omon/tos/gn/v20200630/tos_Omon_TaiESM1_historical_r1i1p1f1_gn_198401-198412.nc', '/g/data/oi10/replicas/CMIP6/CMIP/AS-RCEC/TaiESM1/historical/r1i1p1f1/Omon/tos/gn/v20200630/tos_Omon_TaiESM1_historical_r1i1p1f1_gn_198501-198512.nc', '/g/data/oi10/replicas/CMIP6/CMIP/AS-RCEC/TaiESM1/historical/r1i1p1f1/Omon/tos/gn/v20200630/tos_Omon_TaiESM1_historical_r1i1p1f1_gn_198601-198612.nc', '/g/data/oi10/replicas/CMIP6/CMIP/AS-RCEC/TaiESM1/historical/r1i1p1f1/Omon/tos/gn/v20200630/tos_Omon_TaiESM1_historical_r1i1p1f1_gn_198701-198712.nc', '/g/data/oi10/replicas/CMIP6/CMIP/AS-RCEC/TaiESM1/historical/r1i1p1f1/Omon/tos/gn/v20200630/tos_Omon_TaiESM1_historical_r1i1p1f1_gn_198801-198812.nc', '/g/data/oi10/replicas/CMIP6/CMIP/AS-RCEC/TaiESM1/historical/r1i1p1f1/Omon/tos/gn/v20200630/tos_Omon_TaiESM1_historical_r1i1p1f1_gn_198901-198912.nc', '/g/data/oi10/replicas/CMIP6/CMIP/AS-RCEC/TaiESM1/historical/r1i1p1f1/Omon/tos/gn/v20200630/tos_Omon_TaiESM1_historical_r1i1p1f1_gn_199001-199012.nc', '/g/data/oi10/replicas/CMIP6/CMIP/AS-RCEC/TaiESM1/historical/r1i1p1f1/Omon/tos/gn/v20200630/tos_Omon_TaiESM1_historical_r1i1p1f1_gn_199101-199112.nc', '/g/data/oi10/replicas/CMIP6/CMIP/AS-RCEC/TaiESM1/historical/r1i1p1f1/Omon/tos/gn/v20200630/tos_Omon_TaiESM1_historical_r1i1p1f1_gn_199201-199212.nc', '/g/data/oi10/replicas/CMIP6/CMIP/AS-RCEC/TaiESM1/historical/r1i1p1f1/Omon/tos/gn/v20200630/tos_Omon_TaiESM1_historical_r1i1p1f1_gn_199301-199312.nc', '/g/data/oi10/replicas/CMIP6/CMIP/AS-RCEC/TaiESM1/historical/r1i1p1f1/Omon/tos/gn/v20200630/tos_Omon_TaiESM1_historical_r1i1p1f1_gn_199401-199412.nc', '/g/data/oi10/replicas/CMIP6/CMIP/AS-RCEC/TaiESM1/historical/r1i1p1f1/Omon/tos/gn/v20200630/tos_Omon_TaiESM1_historical_r1i1p1f1_gn_199501-199512.nc', '/g/data/oi10/replicas/CMIP6/CMIP/AS-RCEC/TaiESM1/historical/r1i1p1f1/Omon/tos/gn/v20200630/tos_Omon_TaiESM1_historical_r1i1p1f1_gn_199601-199612.nc', '/g/data/oi10/replicas/CMIP6/CMIP/AS-RCEC/TaiESM1/historical/r1i1p1f1/Omon/tos/gn/v20200630/tos_Omon_TaiESM1_historical_r1i1p1f1_gn_199701-199712.nc', '/g/data/oi10/replicas/CMIP6/CMIP/AS-RCEC/TaiESM1/historical/r1i1p1f1/Omon/tos/gn/v20200630/tos_Omon_TaiESM1_historical_r1i1p1f1_gn_199801-199812.nc', '/g/data/oi10/replicas/CMIP6/CMIP/AS-RCEC/TaiESM1/historical/r1i1p1f1/Omon/tos/gn/v20200630/tos_Omon_TaiESM1_historical_r1i1p1f1_gn_199901-199912.nc', '/g/data/oi10/replicas/CMIP6/CMIP/AS-RCEC/TaiESM1/historical/r1i1p1f1/Omon/tos/gn/v20200630/tos_Omon_TaiESM1_historical_r1i1p1f1_gn_200001-200012.nc', '/g/data/oi10/replicas/CMIP6/CMIP/AS-RCEC/TaiESM1/historical/r1i1p1f1/Omon/tos/gn/v20200630/tos_Omon_TaiESM1_historical_r1i1p1f1_gn_200101-200112.nc', '/g/data/oi10/replicas/CMIP6/CMIP/AS-RCEC/TaiESM1/historical/r1i1p1f1/Omon/tos/gn/v20200630/tos_Omon_TaiESM1_historical_r1i1p1f1_gn_200201-200212.nc', '/g/data/oi10/replicas/CMIP6/CMIP/AS-RCEC/TaiESM1/historical/r1i1p1f1/Omon/tos/gn/v20200630/tos_Omon_TaiESM1_historical_r1i1p1f1_gn_200301-200312.nc', '/g/data/oi10/replicas/CMIP6/CMIP/AS-RCEC/TaiESM1/historical/r1i1p1f1/Omon/tos/gn/v20200630/tos_Omon_TaiESM1_historical_r1i1p1f1_gn_200401-200412.nc', '/g/data/oi10/replicas/CMIP6/CMIP/AS-RCEC/TaiESM1/historical/r1i1p1f1/Omon/tos/gn/v20200630/tos_Omon_TaiESM1_historical_r1i1p1f1_gn_200501-200512.nc', '/g/data/oi10/replicas/CMIP6/CMIP/AS-RCEC/TaiESM1/historical/r1i1p1f1/Omon/tos/gn/v20200630/tos_Omon_TaiESM1_historical_r1i1p1f1_gn_200601-200612.nc', '/g/data/oi10/replicas/CMIP6/CMIP/AS-RCEC/TaiESM1/historical/r1i1p1f1/Omon/tos/gn/v20200630/tos_Omon_TaiESM1_historical_r1i1p1f1_gn_200701-200712.nc', '/g/data/oi10/replicas/CMIP6/CMIP/AS-RCEC/TaiESM1/historical/r1i1p1f1/Omon/tos/gn/v20200630/tos_Omon_TaiESM1_historical_r1i1p1f1_gn_200801-200812.nc', '/g/data/oi10/replicas/CMIP6/CMIP/AS-RCEC/TaiESM1/historical/r1i1p1f1/Omon/tos/gn/v20200630/tos_Omon_TaiESM1_historical_r1i1p1f1_gn_200901-200912.nc', '/g/data/oi10/replicas/CMIP6/CMIP/AS-RCEC/TaiESM1/historical/r1i1p1f1/Omon/tos/gn/v20200630/tos_Omon_TaiESM1_historical_r1i1p1f1_gn_201001-201012.nc', '/g/data/oi10/replicas/CMIP6/CMIP/AS-RCEC/TaiESM1/historical/r1i1p1f1/Omon/tos/gn/v20200630/tos_Omon_TaiESM1_historical_r1i1p1f1_gn_201101-201112.nc', '/g/data/oi10/replicas/CMIP6/CMIP/AS-RCEC/TaiESM1/historical/r1i1p1f1/Omon/tos/gn/v20200630/tos_Omon_TaiESM1_historical_r1i1p1f1_gn_201201-201212.nc', '/g/data/oi10/replicas/CMIP6/CMIP/AS-RCEC/TaiESM1/historical/r1i1p1f1/Omon/tos/gn/v20200630/tos_Omon_TaiESM1_historical_r1i1p1f1_gn_201301-201312.nc', '/g/data/oi10/replicas/CMIP6/CMIP/AS-RCEC/TaiESM1/historical/r1i1p1f1/Omon/tos/gn/v20200630/tos_Omon_TaiESM1_historical_r1i1p1f1_gn_201401-201412.nc']; original error: did not find a match in any of xarray's currently installed IO backends ['netcdf4', 'scipy']. Consider explicitly selecting one of the installed engines via the ``engine`` parameter, or installing additional IO dependencies, see:
https://docs.xarray.dev/en/stable/getting-started-guide/installing.html
https://docs.xarray.dev/en/stable/user-guide/io.html
Traceback (most recent call last):
  File "/scratch/p66/ars599/enso_metrics_env/lib/python3.11/site-packages/EnsoMetrics/EnsoComputeMetricsLib.py", line 456, in ComputeCollection
    valu, vame, dive, dime = ComputeMetric(
                             ^^^^^^^^^^^^^^
  File "/scratch/p66/ars599/enso_metrics_env/lib/python3.11/site-packages/EnsoMetrics/EnsoComputeMetricsLib.py", line 1125, in ComputeMetric
    diagnostic1[output_name] = dict_twoVar_modelAndObs[metric](
                               ^^^^^^^^^^^^^^^^^^^^^^^^^^^^^^^^
  File "/scratch/p66/ars599/enso_metrics_env/lib/python3.11/site-packages/EnsoMetrics/EnsoMetricsLib.py", line 10180, in EnsoPrMapJja
    sst_mod_box, mod_areacell, keyerror_mod1 = Read_data_mask_area(
                                               ^^^^^^^^^^^^^^^^^^^^
  File "/scratch/p66/ars599/enso_metrics_env/lib/python3.11/site-packages/EnsoMetrics/EnsoUvcdatToolsLib.py", line 7371, in Read_data_mask_area
    variable, keyerror1 = ReadSelectRegionCheckUnits(file_data, name_data, type_data, box=region,
                          ^^^^^^^^^^^^^^^^^^^^^^^^^^^^^^^^^^^^^^^^^^^^^^^^^^^^^^^^^^^^^^^^^^^^^^^
  File "/scratch/p66/ars599/enso_metrics_env/lib/python3.11/site-packages/EnsoMetrics/EnsoUvcdatToolsLib.py", line 7353, in ReadSelectRegionCheckUnits
    tab = ReadAndSelectRegion(filename, varname, box=box, time_bounds=time_bounds, frequency=frequency)
          ^^^^^^^^^^^^^^^^^^^^^^^^^^^^^^^^^^^^^^^^^^^^^^^^^^^^^^^^^^^^^^^^^^^^^^^^^^^^^^^^^^^^^^^^^^^^^
  File "/scratch/p66/ars599/enso_metrics_env/lib/python3.11/site-packages/EnsoMetrics/EnsoUvcdatToolsLib.py", line 5420, in ReadAndSelectRegion
    tab = fi(varname, time=time_bounds, latitude=region_ref["latitude"], longitude=region_ref["longitude"])
          ^^^^^^^^^^^^^^^^^^^^^^^^^^^^^^^^^^^^^^^^^^^^^^^^^^^^^^^^^^^^^^^^^^^^^^^^^^^^^^^^^^^^^^^^^^^^^^^^^
  File "/scratch/p66/ars599/enso_metrics_env/lib/python3.11/site-packages/EnsoMetrics/EnsoUvcdatToolsLib.py", line 2075, in __call__
    raise OSError(
OSError: File not open for reading: ['/g/data/oi10/replicas/CMIP6/CMIP/AS-RCEC/TaiESM1/historical/r1i1p1f1/Omon/tos/gn/v20200630/tos_Omon_TaiESM1_historical_r1i1p1f1_gn_185001-185012.nc', '/g/data/oi10/replicas/CMIP6/CMIP/AS-RCEC/TaiESM1/historical/r1i1p1f1/Omon/tos/gn/v20200630/tos_Omon_TaiESM1_historical_r1i1p1f1_gn_185101-185112.nc', '/g/data/oi10/replicas/CMIP6/CMIP/AS-RCEC/TaiESM1/historical/r1i1p1f1/Omon/tos/gn/v20200630/tos_Omon_TaiESM1_historical_r1i1p1f1_gn_185201-185212.nc', '/g/data/oi10/replicas/CMIP6/CMIP/AS-RCEC/TaiESM1/historical/r1i1p1f1/Omon/tos/gn/v20200630/tos_Omon_TaiESM1_historical_r1i1p1f1_gn_185301-185312.nc', '/g/data/oi10/replicas/CMIP6/CMIP/AS-RCEC/TaiESM1/historical/r1i1p1f1/Omon/tos/gn/v20200630/tos_Omon_TaiESM1_historical_r1i1p1f1_gn_185401-185412.nc', '/g/data/oi10/replicas/CMIP6/CMIP/AS-RCEC/TaiESM1/historical/r1i1p1f1/Omon/tos/gn/v20200630/tos_Omon_TaiESM1_historical_r1i1p1f1_gn_185501-185512.nc', '/g/data/oi10/replicas/CMIP6/CMIP/AS-RCEC/TaiESM1/historical/r1i1p1f1/Omon/tos/gn/v20200630/tos_Omon_TaiESM1_historical_r1i1p1f1_gn_185601-185612.nc', '/g/data/oi10/replicas/CMIP6/CMIP/AS-RCEC/TaiESM1/historical/r1i1p1f1/Omon/tos/gn/v20200630/tos_Omon_TaiESM1_historical_r1i1p1f1_gn_185701-185712.nc', '/g/data/oi10/replicas/CMIP6/CMIP/AS-RCEC/TaiESM1/historical/r1i1p1f1/Omon/tos/gn/v20200630/tos_Omon_TaiESM1_historical_r1i1p1f1_gn_185801-185812.nc', '/g/data/oi10/replicas/CMIP6/CMIP/AS-RCEC/TaiESM1/historical/r1i1p1f1/Omon/tos/gn/v20200630/tos_Omon_TaiESM1_historical_r1i1p1f1_gn_185901-185912.nc', '/g/data/oi10/replicas/CMIP6/CMIP/AS-RCEC/TaiESM1/historical/r1i1p1f1/Omon/tos/gn/v20200630/tos_Omon_TaiESM1_historical_r1i1p1f1_gn_186001-186012.nc', '/g/data/oi10/replicas/CMIP6/CMIP/AS-RCEC/TaiESM1/historical/r1i1p1f1/Omon/tos/gn/v20200630/tos_Omon_TaiESM1_historical_r1i1p1f1_gn_186101-186112.nc', '/g/data/oi10/replicas/CMIP6/CMIP/AS-RCEC/TaiESM1/historical/r1i1p1f1/Omon/tos/gn/v20200630/tos_Omon_TaiESM1_historical_r1i1p1f1_gn_186201-186212.nc', '/g/data/oi10/replicas/CMIP6/CMIP/AS-RCEC/TaiESM1/historical/r1i1p1f1/Omon/tos/gn/v20200630/tos_Omon_TaiESM1_historical_r1i1p1f1_gn_186301-186312.nc', '/g/data/oi10/replicas/CMIP6/CMIP/AS-RCEC/TaiESM1/historical/r1i1p1f1/Omon/tos/gn/v20200630/tos_Omon_TaiESM1_historical_r1i1p1f1_gn_186401-186412.nc', '/g/data/oi10/replicas/CMIP6/CMIP/AS-RCEC/TaiESM1/historical/r1i1p1f1/Omon/tos/gn/v20200630/tos_Omon_TaiESM1_historical_r1i1p1f1_gn_186501-186512.nc', '/g/data/oi10/replicas/CMIP6/CMIP/AS-RCEC/TaiESM1/historical/r1i1p1f1/Omon/tos/gn/v20200630/tos_Omon_TaiESM1_historical_r1i1p1f1_gn_186601-186612.nc', '/g/data/oi10/replicas/CMIP6/CMIP/AS-RCEC/TaiESM1/historical/r1i1p1f1/Omon/tos/gn/v20200630/tos_Omon_TaiESM1_historical_r1i1p1f1_gn_186701-186712.nc', '/g/data/oi10/replicas/CMIP6/CMIP/AS-RCEC/TaiESM1/historical/r1i1p1f1/Omon/tos/gn/v20200630/tos_Omon_TaiESM1_historical_r1i1p1f1_gn_186801-186812.nc', '/g/data/oi10/replicas/CMIP6/CMIP/AS-RCEC/TaiESM1/historical/r1i1p1f1/Omon/tos/gn/v20200630/tos_Omon_TaiESM1_historical_r1i1p1f1_gn_186901-186912.nc', '/g/data/oi10/replicas/CMIP6/CMIP/AS-RCEC/TaiESM1/historical/r1i1p1f1/Omon/tos/gn/v20200630/tos_Omon_TaiESM1_historical_r1i1p1f1_gn_187001-187012.nc', '/g/data/oi10/replicas/CMIP6/CMIP/AS-RCEC/TaiESM1/historical/r1i1p1f1/Omon/tos/gn/v20200630/tos_Omon_TaiESM1_historical_r1i1p1f1_gn_187101-187112.nc', '/g/data/oi10/replicas/CMIP6/CMIP/AS-RCEC/TaiESM1/historical/r1i1p1f1/Omon/tos/gn/v20200630/tos_Omon_TaiESM1_historical_r1i1p1f1_gn_187201-187212.nc', '/g/data/oi10/replicas/CMIP6/CMIP/AS-RCEC/TaiESM1/historical/r1i1p1f1/Omon/tos/gn/v20200630/tos_Omon_TaiESM1_historical_r1i1p1f1_gn_187301-187312.nc', '/g/data/oi10/replicas/CMIP6/CMIP/AS-RCEC/TaiESM1/historical/r1i1p1f1/Omon/tos/gn/v20200630/tos_Omon_TaiESM1_historical_r1i1p1f1_gn_187401-187412.nc', '/g/data/oi10/replicas/CMIP6/CMIP/AS-RCEC/TaiESM1/historical/r1i1p1f1/Omon/tos/gn/v20200630/tos_Omon_TaiESM1_historical_r1i1p1f1_gn_187501-187512.nc', '/g/data/oi10/replicas/CMIP6/CMIP/AS-RCEC/TaiESM1/historical/r1i1p1f1/Omon/tos/gn/v20200630/tos_Omon_TaiESM1_historical_r1i1p1f1_gn_187601-187612.nc', '/g/data/oi10/replicas/CMIP6/CMIP/AS-RCEC/TaiESM1/historical/r1i1p1f1/Omon/tos/gn/v20200630/tos_Omon_TaiESM1_historical_r1i1p1f1_gn_187701-187712.nc', '/g/data/oi10/replicas/CMIP6/CMIP/AS-RCEC/TaiESM1/historical/r1i1p1f1/Omon/tos/gn/v20200630/tos_Omon_TaiESM1_historical_r1i1p1f1_gn_187801-187812.nc', '/g/data/oi10/replicas/CMIP6/CMIP/AS-RCEC/TaiESM1/historical/r1i1p1f1/Omon/tos/gn/v20200630/tos_Omon_TaiESM1_historical_r1i1p1f1_gn_187901-187912.nc', '/g/data/oi10/replicas/CMIP6/CMIP/AS-RCEC/TaiESM1/historical/r1i1p1f1/Omon/tos/gn/v20200630/tos_Omon_TaiESM1_historical_r1i1p1f1_gn_188001-188012.nc', '/g/data/oi10/replicas/CMIP6/CMIP/AS-RCEC/TaiESM1/historical/r1i1p1f1/Omon/tos/gn/v20200630/tos_Omon_TaiESM1_historical_r1i1p1f1_gn_188101-188112.nc', '/g/data/oi10/replicas/CMIP6/CMIP/AS-RCEC/TaiESM1/historical/r1i1p1f1/Omon/tos/gn/v20200630/tos_Omon_TaiESM1_historical_r1i1p1f1_gn_188201-188212.nc', '/g/data/oi10/replicas/CMIP6/CMIP/AS-RCEC/TaiESM1/historical/r1i1p1f1/Omon/tos/gn/v20200630/tos_Omon_TaiESM1_historical_r1i1p1f1_gn_188301-188312.nc', '/g/data/oi10/replicas/CMIP6/CMIP/AS-RCEC/TaiESM1/historical/r1i1p1f1/Omon/tos/gn/v20200630/tos_Omon_TaiESM1_historical_r1i1p1f1_gn_188401-188412.nc', '/g/data/oi10/replicas/CMIP6/CMIP/AS-RCEC/TaiESM1/historical/r1i1p1f1/Omon/tos/gn/v20200630/tos_Omon_TaiESM1_historical_r1i1p1f1_gn_188501-188512.nc', '/g/data/oi10/replicas/CMIP6/CMIP/AS-RCEC/TaiESM1/historical/r1i1p1f1/Omon/tos/gn/v20200630/tos_Omon_TaiESM1_historical_r1i1p1f1_gn_188601-188612.nc', '/g/data/oi10/replicas/CMIP6/CMIP/AS-RCEC/TaiESM1/historical/r1i1p1f1/Omon/tos/gn/v20200630/tos_Omon_TaiESM1_historical_r1i1p1f1_gn_188701-188712.nc', '/g/data/oi10/replicas/CMIP6/CMIP/AS-RCEC/TaiESM1/historical/r1i1p1f1/Omon/tos/gn/v20200630/tos_Omon_TaiESM1_historical_r1i1p1f1_gn_188801-188812.nc', '/g/data/oi10/replicas/CMIP6/CMIP/AS-RCEC/TaiESM1/historical/r1i1p1f1/Omon/tos/gn/v20200630/tos_Omon_TaiESM1_historical_r1i1p1f1_gn_188901-188912.nc', '/g/data/oi10/replicas/CMIP6/CMIP/AS-RCEC/TaiESM1/historical/r1i1p1f1/Omon/tos/gn/v20200630/tos_Omon_TaiESM1_historical_r1i1p1f1_gn_189001-189012.nc', '/g/data/oi10/replicas/CMIP6/CMIP/AS-RCEC/TaiESM1/historical/r1i1p1f1/Omon/tos/gn/v20200630/tos_Omon_TaiESM1_historical_r1i1p1f1_gn_189101-189112.nc', '/g/data/oi10/replicas/CMIP6/CMIP/AS-RCEC/TaiESM1/historical/r1i1p1f1/Omon/tos/gn/v20200630/tos_Omon_TaiESM1_historical_r1i1p1f1_gn_189201-189212.nc', '/g/data/oi10/replicas/CMIP6/CMIP/AS-RCEC/TaiESM1/historical/r1i1p1f1/Omon/tos/gn/v20200630/tos_Omon_TaiESM1_historical_r1i1p1f1_gn_189301-189312.nc', '/g/data/oi10/replicas/CMIP6/CMIP/AS-RCEC/TaiESM1/historical/r1i1p1f1/Omon/tos/gn/v20200630/tos_Omon_TaiESM1_historical_r1i1p1f1_gn_189401-189412.nc', '/g/data/oi10/replicas/CMIP6/CMIP/AS-RCEC/TaiESM1/historical/r1i1p1f1/Omon/tos/gn/v20200630/tos_Omon_TaiESM1_historical_r1i1p1f1_gn_189501-189512.nc', '/g/data/oi10/replicas/CMIP6/CMIP/AS-RCEC/TaiESM1/historical/r1i1p1f1/Omon/tos/gn/v20200630/tos_Omon_TaiESM1_historical_r1i1p1f1_gn_189601-189612.nc', '/g/data/oi10/replicas/CMIP6/CMIP/AS-RCEC/TaiESM1/historical/r1i1p1f1/Omon/tos/gn/v20200630/tos_Omon_TaiESM1_historical_r1i1p1f1_gn_189701-189712.nc', '/g/data/oi10/replicas/CMIP6/CMIP/AS-RCEC/TaiESM1/historical/r1i1p1f1/Omon/tos/gn/v20200630/tos_Omon_TaiESM1_historical_r1i1p1f1_gn_189801-189812.nc', '/g/data/oi10/replicas/CMIP6/CMIP/AS-RCEC/TaiESM1/historical/r1i1p1f1/Omon/tos/gn/v20200630/tos_Omon_TaiESM1_historical_r1i1p1f1_gn_189901-189912.nc', '/g/data/oi10/replicas/CMIP6/CMIP/AS-RCEC/TaiESM1/historical/r1i1p1f1/Omon/tos/gn/v20200630/tos_Omon_TaiESM1_historical_r1i1p1f1_gn_190001-190012.nc', '/g/data/oi10/replicas/CMIP6/CMIP/AS-RCEC/TaiESM1/historical/r1i1p1f1/Omon/tos/gn/v20200630/tos_Omon_TaiESM1_historical_r1i1p1f1_gn_190101-190112.nc', '/g/data/oi10/replicas/CMIP6/CMIP/AS-RCEC/TaiESM1/historical/r1i1p1f1/Omon/tos/gn/v20200630/tos_Omon_TaiESM1_historical_r1i1p1f1_gn_190201-190212.nc', '/g/data/oi10/replicas/CMIP6/CMIP/AS-RCEC/TaiESM1/historical/r1i1p1f1/Omon/tos/gn/v20200630/tos_Omon_TaiESM1_historical_r1i1p1f1_gn_190301-190312.nc', '/g/data/oi10/replicas/CMIP6/CMIP/AS-RCEC/TaiESM1/historical/r1i1p1f1/Omon/tos/gn/v20200630/tos_Omon_TaiESM1_historical_r1i1p1f1_gn_190401-190412.nc', '/g/data/oi10/replicas/CMIP6/CMIP/AS-RCEC/TaiESM1/historical/r1i1p1f1/Omon/tos/gn/v20200630/tos_Omon_TaiESM1_historical_r1i1p1f1_gn_190501-190512.nc', '/g/data/oi10/replicas/CMIP6/CMIP/AS-RCEC/TaiESM1/historical/r1i1p1f1/Omon/tos/gn/v20200630/tos_Omon_TaiESM1_historical_r1i1p1f1_gn_190601-190612.nc', '/g/data/oi10/replicas/CMIP6/CMIP/AS-RCEC/TaiESM1/historical/r1i1p1f1/Omon/tos/gn/v20200630/tos_Omon_TaiESM1_historical_r1i1p1f1_gn_190701-190712.nc', '/g/data/oi10/replicas/CMIP6/CMIP/AS-RCEC/TaiESM1/historical/r1i1p1f1/Omon/tos/gn/v20200630/tos_Omon_TaiESM1_historical_r1i1p1f1_gn_190801-190812.nc', '/g/data/oi10/replicas/CMIP6/CMIP/AS-RCEC/TaiESM1/historical/r1i1p1f1/Omon/tos/gn/v20200630/tos_Omon_TaiESM1_historical_r1i1p1f1_gn_190901-190912.nc', '/g/data/oi10/replicas/CMIP6/CMIP/AS-RCEC/TaiESM1/historical/r1i1p1f1/Omon/tos/gn/v20200630/tos_Omon_TaiESM1_historical_r1i1p1f1_gn_191001-191012.nc', '/g/data/oi10/replicas/CMIP6/CMIP/AS-RCEC/TaiESM1/historical/r1i1p1f1/Omon/tos/gn/v20200630/tos_Omon_TaiESM1_historical_r1i1p1f1_gn_191101-191112.nc', '/g/data/oi10/replicas/CMIP6/CMIP/AS-RCEC/TaiESM1/historical/r1i1p1f1/Omon/tos/gn/v20200630/tos_Omon_TaiESM1_historical_r1i1p1f1_gn_191201-191212.nc', '/g/data/oi10/replicas/CMIP6/CMIP/AS-RCEC/TaiESM1/historical/r1i1p1f1/Omon/tos/gn/v20200630/tos_Omon_TaiESM1_historical_r1i1p1f1_gn_191301-191312.nc', '/g/data/oi10/replicas/CMIP6/CMIP/AS-RCEC/TaiESM1/historical/r1i1p1f1/Omon/tos/gn/v20200630/tos_Omon_TaiESM1_historical_r1i1p1f1_gn_191401-191412.nc', '/g/data/oi10/replicas/CMIP6/CMIP/AS-RCEC/TaiESM1/historical/r1i1p1f1/Omon/tos/gn/v20200630/tos_Omon_TaiESM1_historical_r1i1p1f1_gn_191501-191512.nc', '/g/data/oi10/replicas/CMIP6/CMIP/AS-RCEC/TaiESM1/historical/r1i1p1f1/Omon/tos/gn/v20200630/tos_Omon_TaiESM1_historical_r1i1p1f1_gn_191601-191612.nc', '/g/data/oi10/replicas/CMIP6/CMIP/AS-RCEC/TaiESM1/historical/r1i1p1f1/Omon/tos/gn/v20200630/tos_Omon_TaiESM1_historical_r1i1p1f1_gn_191701-191712.nc', '/g/data/oi10/replicas/CMIP6/CMIP/AS-RCEC/TaiESM1/historical/r1i1p1f1/Omon/tos/gn/v20200630/tos_Omon_TaiESM1_historical_r1i1p1f1_gn_191801-191812.nc', '/g/data/oi10/replicas/CMIP6/CMIP/AS-RCEC/TaiESM1/historical/r1i1p1f1/Omon/tos/gn/v20200630/tos_Omon_TaiESM1_historical_r1i1p1f1_gn_191901-191912.nc', '/g/data/oi10/replicas/CMIP6/CMIP/AS-RCEC/TaiESM1/historical/r1i1p1f1/Omon/tos/gn/v20200630/tos_Omon_TaiESM1_historical_r1i1p1f1_gn_192001-192012.nc', '/g/data/oi10/replicas/CMIP6/CMIP/AS-RCEC/TaiESM1/historical/r1i1p1f1/Omon/tos/gn/v20200630/tos_Omon_TaiESM1_historical_r1i1p1f1_gn_192101-192112.nc', '/g/data/oi10/replicas/CMIP6/CMIP/AS-RCEC/TaiESM1/historical/r1i1p1f1/Omon/tos/gn/v20200630/tos_Omon_TaiESM1_historical_r1i1p1f1_gn_192201-192212.nc', '/g/data/oi10/replicas/CMIP6/CMIP/AS-RCEC/TaiESM1/historical/r1i1p1f1/Omon/tos/gn/v20200630/tos_Omon_TaiESM1_historical_r1i1p1f1_gn_192301-192312.nc', '/g/data/oi10/replicas/CMIP6/CMIP/AS-RCEC/TaiESM1/historical/r1i1p1f1/Omon/tos/gn/v20200630/tos_Omon_TaiESM1_historical_r1i1p1f1_gn_192401-192412.nc', '/g/data/oi10/replicas/CMIP6/CMIP/AS-RCEC/TaiESM1/historical/r1i1p1f1/Omon/tos/gn/v20200630/tos_Omon_TaiESM1_historical_r1i1p1f1_gn_192501-192512.nc', '/g/data/oi10/replicas/CMIP6/CMIP/AS-RCEC/TaiESM1/historical/r1i1p1f1/Omon/tos/gn/v20200630/tos_Omon_TaiESM1_historical_r1i1p1f1_gn_192601-192612.nc', '/g/data/oi10/replicas/CMIP6/CMIP/AS-RCEC/TaiESM1/historical/r1i1p1f1/Omon/tos/gn/v20200630/tos_Omon_TaiESM1_historical_r1i1p1f1_gn_192701-192712.nc', '/g/data/oi10/replicas/CMIP6/CMIP/AS-RCEC/TaiESM1/historical/r1i1p1f1/Omon/tos/gn/v20200630/tos_Omon_TaiESM1_historical_r1i1p1f1_gn_192801-192812.nc', '/g/data/oi10/replicas/CMIP6/CMIP/AS-RCEC/TaiESM1/historical/r1i1p1f1/Omon/tos/gn/v20200630/tos_Omon_TaiESM1_historical_r1i1p1f1_gn_192901-192912.nc', '/g/data/oi10/replicas/CMIP6/CMIP/AS-RCEC/TaiESM1/historical/r1i1p1f1/Omon/tos/gn/v20200630/tos_Omon_TaiESM1_historical_r1i1p1f1_gn_193001-193012.nc', '/g/data/oi10/replicas/CMIP6/CMIP/AS-RCEC/TaiESM1/historical/r1i1p1f1/Omon/tos/gn/v20200630/tos_Omon_TaiESM1_historical_r1i1p1f1_gn_193101-193112.nc', '/g/data/oi10/replicas/CMIP6/CMIP/AS-RCEC/TaiESM1/historical/r1i1p1f1/Omon/tos/gn/v20200630/tos_Omon_TaiESM1_historical_r1i1p1f1_gn_193201-193212.nc', '/g/data/oi10/replicas/CMIP6/CMIP/AS-RCEC/TaiESM1/historical/r1i1p1f1/Omon/tos/gn/v20200630/tos_Omon_TaiESM1_historical_r1i1p1f1_gn_193301-193312.nc', '/g/data/oi10/replicas/CMIP6/CMIP/AS-RCEC/TaiESM1/historical/r1i1p1f1/Omon/tos/gn/v20200630/tos_Omon_TaiESM1_historical_r1i1p1f1_gn_193401-193412.nc', '/g/data/oi10/replicas/CMIP6/CMIP/AS-RCEC/TaiESM1/historical/r1i1p1f1/Omon/tos/gn/v20200630/tos_Omon_TaiESM1_historical_r1i1p1f1_gn_193501-193512.nc', '/g/data/oi10/replicas/CMIP6/CMIP/AS-RCEC/TaiESM1/historical/r1i1p1f1/Omon/tos/gn/v20200630/tos_Omon_TaiESM1_historical_r1i1p1f1_gn_193601-193612.nc', '/g/data/oi10/replicas/CMIP6/CMIP/AS-RCEC/TaiESM1/historical/r1i1p1f1/Omon/tos/gn/v20200630/tos_Omon_TaiESM1_historical_r1i1p1f1_gn_193701-193712.nc', '/g/data/oi10/replicas/CMIP6/CMIP/AS-RCEC/TaiESM1/historical/r1i1p1f1/Omon/tos/gn/v20200630/tos_Omon_TaiESM1_historical_r1i1p1f1_gn_193801-193812.nc', '/g/data/oi10/replicas/CMIP6/CMIP/AS-RCEC/TaiESM1/historical/r1i1p1f1/Omon/tos/gn/v20200630/tos_Omon_TaiESM1_historical_r1i1p1f1_gn_193901-193912.nc', '/g/data/oi10/replicas/CMIP6/CMIP/AS-RCEC/TaiESM1/historical/r1i1p1f1/Omon/tos/gn/v20200630/tos_Omon_TaiESM1_historical_r1i1p1f1_gn_194001-194012.nc', '/g/data/oi10/replicas/CMIP6/CMIP/AS-RCEC/TaiESM1/historical/r1i1p1f1/Omon/tos/gn/v20200630/tos_Omon_TaiESM1_historical_r1i1p1f1_gn_194101-194112.nc', '/g/data/oi10/replicas/CMIP6/CMIP/AS-RCEC/TaiESM1/historical/r1i1p1f1/Omon/tos/gn/v20200630/tos_Omon_TaiESM1_historical_r1i1p1f1_gn_194201-194212.nc', '/g/data/oi10/replicas/CMIP6/CMIP/AS-RCEC/TaiESM1/historical/r1i1p1f1/Omon/tos/gn/v20200630/tos_Omon_TaiESM1_historical_r1i1p1f1_gn_194301-194312.nc', '/g/data/oi10/replicas/CMIP6/CMIP/AS-RCEC/TaiESM1/historical/r1i1p1f1/Omon/tos/gn/v20200630/tos_Omon_TaiESM1_historical_r1i1p1f1_gn_194401-194412.nc', '/g/data/oi10/replicas/CMIP6/CMIP/AS-RCEC/TaiESM1/historical/r1i1p1f1/Omon/tos/gn/v20200630/tos_Omon_TaiESM1_historical_r1i1p1f1_gn_194501-194512.nc', '/g/data/oi10/replicas/CMIP6/CMIP/AS-RCEC/TaiESM1/historical/r1i1p1f1/Omon/tos/gn/v20200630/tos_Omon_TaiESM1_historical_r1i1p1f1_gn_194601-194612.nc', '/g/data/oi10/replicas/CMIP6/CMIP/AS-RCEC/TaiESM1/historical/r1i1p1f1/Omon/tos/gn/v20200630/tos_Omon_TaiESM1_historical_r1i1p1f1_gn_194701-194712.nc', '/g/data/oi10/replicas/CMIP6/CMIP/AS-RCEC/TaiESM1/historical/r1i1p1f1/Omon/tos/gn/v20200630/tos_Omon_TaiESM1_historical_r1i1p1f1_gn_194801-194812.nc', '/g/data/oi10/replicas/CMIP6/CMIP/AS-RCEC/TaiESM1/historical/r1i1p1f1/Omon/tos/gn/v20200630/tos_Omon_TaiESM1_historical_r1i1p1f1_gn_194901-194912.nc', '/g/data/oi10/replicas/CMIP6/CMIP/AS-RCEC/TaiESM1/historical/r1i1p1f1/Omon/tos/gn/v20200630/tos_Omon_TaiESM1_historical_r1i1p1f1_gn_195001-195012.nc', '/g/data/oi10/replicas/CMIP6/CMIP/AS-RCEC/TaiESM1/historical/r1i1p1f1/Omon/tos/gn/v20200630/tos_Omon_TaiESM1_historical_r1i1p1f1_gn_195101-195112.nc', '/g/data/oi10/replicas/CMIP6/CMIP/AS-RCEC/TaiESM1/historical/r1i1p1f1/Omon/tos/gn/v20200630/tos_Omon_TaiESM1_historical_r1i1p1f1_gn_195201-195212.nc', '/g/data/oi10/replicas/CMIP6/CMIP/AS-RCEC/TaiESM1/historical/r1i1p1f1/Omon/tos/gn/v20200630/tos_Omon_TaiESM1_historical_r1i1p1f1_gn_195301-195312.nc', '/g/data/oi10/replicas/CMIP6/CMIP/AS-RCEC/TaiESM1/historical/r1i1p1f1/Omon/tos/gn/v20200630/tos_Omon_TaiESM1_historical_r1i1p1f1_gn_195401-195412.nc', '/g/data/oi10/replicas/CMIP6/CMIP/AS-RCEC/TaiESM1/historical/r1i1p1f1/Omon/tos/gn/v20200630/tos_Omon_TaiESM1_historical_r1i1p1f1_gn_195501-195512.nc', '/g/data/oi10/replicas/CMIP6/CMIP/AS-RCEC/TaiESM1/historical/r1i1p1f1/Omon/tos/gn/v20200630/tos_Omon_TaiESM1_historical_r1i1p1f1_gn_195601-195612.nc', '/g/data/oi10/replicas/CMIP6/CMIP/AS-RCEC/TaiESM1/historical/r1i1p1f1/Omon/tos/gn/v20200630/tos_Omon_TaiESM1_historical_r1i1p1f1_gn_195701-195712.nc', '/g/data/oi10/replicas/CMIP6/CMIP/AS-RCEC/TaiESM1/historical/r1i1p1f1/Omon/tos/gn/v20200630/tos_Omon_TaiESM1_historical_r1i1p1f1_gn_195801-195812.nc', '/g/data/oi10/replicas/CMIP6/CMIP/AS-RCEC/TaiESM1/historical/r1i1p1f1/Omon/tos/gn/v20200630/tos_Omon_TaiESM1_historical_r1i1p1f1_gn_195901-195912.nc', '/g/data/oi10/replicas/CMIP6/CMIP/AS-RCEC/TaiESM1/historical/r1i1p1f1/Omon/tos/gn/v20200630/tos_Omon_TaiESM1_historical_r1i1p1f1_gn_196001-196012.nc', '/g/data/oi10/replicas/CMIP6/CMIP/AS-RCEC/TaiESM1/historical/r1i1p1f1/Omon/tos/gn/v20200630/tos_Omon_TaiESM1_historical_r1i1p1f1_gn_196101-196112.nc', '/g/data/oi10/replicas/CMIP6/CMIP/AS-RCEC/TaiESM1/historical/r1i1p1f1/Omon/tos/gn/v20200630/tos_Omon_TaiESM1_historical_r1i1p1f1_gn_196201-196212.nc', '/g/data/oi10/replicas/CMIP6/CMIP/AS-RCEC/TaiESM1/historical/r1i1p1f1/Omon/tos/gn/v20200630/tos_Omon_TaiESM1_historical_r1i1p1f1_gn_196301-196312.nc', '/g/data/oi10/replicas/CMIP6/CMIP/AS-RCEC/TaiESM1/historical/r1i1p1f1/Omon/tos/gn/v20200630/tos_Omon_TaiESM1_historical_r1i1p1f1_gn_196401-196412.nc', '/g/data/oi10/replicas/CMIP6/CMIP/AS-RCEC/TaiESM1/historical/r1i1p1f1/Omon/tos/gn/v20200630/tos_Omon_TaiESM1_historical_r1i1p1f1_gn_196501-196512.nc', '/g/data/oi10/replicas/CMIP6/CMIP/AS-RCEC/TaiESM1/historical/r1i1p1f1/Omon/tos/gn/v20200630/tos_Omon_TaiESM1_historical_r1i1p1f1_gn_196601-196612.nc', '/g/data/oi10/replicas/CMIP6/CMIP/AS-RCEC/TaiESM1/historical/r1i1p1f1/Omon/tos/gn/v20200630/tos_Omon_TaiESM1_historical_r1i1p1f1_gn_196701-196712.nc', '/g/data/oi10/replicas/CMIP6/CMIP/AS-RCEC/TaiESM1/historical/r1i1p1f1/Omon/tos/gn/v20200630/tos_Omon_TaiESM1_historical_r1i1p1f1_gn_196801-196812.nc', '/g/data/oi10/replicas/CMIP6/CMIP/AS-RCEC/TaiESM1/historical/r1i1p1f1/Omon/tos/gn/v20200630/tos_Omon_TaiESM1_historical_r1i1p1f1_gn_196901-196912.nc', '/g/data/oi10/replicas/CMIP6/CMIP/AS-RCEC/TaiESM1/historical/r1i1p1f1/Omon/tos/gn/v20200630/tos_Omon_TaiESM1_historical_r1i1p1f1_gn_197001-197012.nc', '/g/data/oi10/replicas/CMIP6/CMIP/AS-RCEC/TaiESM1/historical/r1i1p1f1/Omon/tos/gn/v20200630/tos_Omon_TaiESM1_historical_r1i1p1f1_gn_197101-197112.nc', '/g/data/oi10/replicas/CMIP6/CMIP/AS-RCEC/TaiESM1/historical/r1i1p1f1/Omon/tos/gn/v20200630/tos_Omon_TaiESM1_historical_r1i1p1f1_gn_197201-197212.nc', '/g/data/oi10/replicas/CMIP6/CMIP/AS-RCEC/TaiESM1/historical/r1i1p1f1/Omon/tos/gn/v20200630/tos_Omon_TaiESM1_historical_r1i1p1f1_gn_197301-197312.nc', '/g/data/oi10/replicas/CMIP6/CMIP/AS-RCEC/TaiESM1/historical/r1i1p1f1/Omon/tos/gn/v20200630/tos_Omon_TaiESM1_historical_r1i1p1f1_gn_197401-197412.nc', '/g/data/oi10/replicas/CMIP6/CMIP/AS-RCEC/TaiESM1/historical/r1i1p1f1/Omon/tos/gn/v20200630/tos_Omon_TaiESM1_historical_r1i1p1f1_gn_197501-197512.nc', '/g/data/oi10/replicas/CMIP6/CMIP/AS-RCEC/TaiESM1/historical/r1i1p1f1/Omon/tos/gn/v20200630/tos_Omon_TaiESM1_historical_r1i1p1f1_gn_197601-197612.nc', '/g/data/oi10/replicas/CMIP6/CMIP/AS-RCEC/TaiESM1/historical/r1i1p1f1/Omon/tos/gn/v20200630/tos_Omon_TaiESM1_historical_r1i1p1f1_gn_197701-197712.nc', '/g/data/oi10/replicas/CMIP6/CMIP/AS-RCEC/TaiESM1/historical/r1i1p1f1/Omon/tos/gn/v20200630/tos_Omon_TaiESM1_historical_r1i1p1f1_gn_197801-197812.nc', '/g/data/oi10/replicas/CMIP6/CMIP/AS-RCEC/TaiESM1/historical/r1i1p1f1/Omon/tos/gn/v20200630/tos_Omon_TaiESM1_historical_r1i1p1f1_gn_197901-197912.nc', '/g/data/oi10/replicas/CMIP6/CMIP/AS-RCEC/TaiESM1/historical/r1i1p1f1/Omon/tos/gn/v20200630/tos_Omon_TaiESM1_historical_r1i1p1f1_gn_198001-198012.nc', '/g/data/oi10/replicas/CMIP6/CMIP/AS-RCEC/TaiESM1/historical/r1i1p1f1/Omon/tos/gn/v20200630/tos_Omon_TaiESM1_historical_r1i1p1f1_gn_198101-198112.nc', '/g/data/oi10/replicas/CMIP6/CMIP/AS-RCEC/TaiESM1/historical/r1i1p1f1/Omon/tos/gn/v20200630/tos_Omon_TaiESM1_historical_r1i1p1f1_gn_198201-198212.nc', '/g/data/oi10/replicas/CMIP6/CMIP/AS-RCEC/TaiESM1/historical/r1i1p1f1/Omon/tos/gn/v20200630/tos_Omon_TaiESM1_historical_r1i1p1f1_gn_198301-198312.nc', '/g/data/oi10/replicas/CMIP6/CMIP/AS-RCEC/TaiESM1/historical/r1i1p1f1/Omon/tos/gn/v20200630/tos_Omon_TaiESM1_historical_r1i1p1f1_gn_198401-198412.nc', '/g/data/oi10/replicas/CMIP6/CMIP/AS-RCEC/TaiESM1/historical/r1i1p1f1/Omon/tos/gn/v20200630/tos_Omon_TaiESM1_historical_r1i1p1f1_gn_198501-198512.nc', '/g/data/oi10/replicas/CMIP6/CMIP/AS-RCEC/TaiESM1/historical/r1i1p1f1/Omon/tos/gn/v20200630/tos_Omon_TaiESM1_historical_r1i1p1f1_gn_198601-198612.nc', '/g/data/oi10/replicas/CMIP6/CMIP/AS-RCEC/TaiESM1/historical/r1i1p1f1/Omon/tos/gn/v20200630/tos_Omon_TaiESM1_historical_r1i1p1f1_gn_198701-198712.nc', '/g/data/oi10/replicas/CMIP6/CMIP/AS-RCEC/TaiESM1/historical/r1i1p1f1/Omon/tos/gn/v20200630/tos_Omon_TaiESM1_historical_r1i1p1f1_gn_198801-198812.nc', '/g/data/oi10/replicas/CMIP6/CMIP/AS-RCEC/TaiESM1/historical/r1i1p1f1/Omon/tos/gn/v20200630/tos_Omon_TaiESM1_historical_r1i1p1f1_gn_198901-198912.nc', '/g/data/oi10/replicas/CMIP6/CMIP/AS-RCEC/TaiESM1/historical/r1i1p1f1/Omon/tos/gn/v20200630/tos_Omon_TaiESM1_historical_r1i1p1f1_gn_199001-199012.nc', '/g/data/oi10/replicas/CMIP6/CMIP/AS-RCEC/TaiESM1/historical/r1i1p1f1/Omon/tos/gn/v20200630/tos_Omon_TaiESM1_historical_r1i1p1f1_gn_199101-199112.nc', '/g/data/oi10/replicas/CMIP6/CMIP/AS-RCEC/TaiESM1/historical/r1i1p1f1/Omon/tos/gn/v20200630/tos_Omon_TaiESM1_historical_r1i1p1f1_gn_199201-199212.nc', '/g/data/oi10/replicas/CMIP6/CMIP/AS-RCEC/TaiESM1/historical/r1i1p1f1/Omon/tos/gn/v20200630/tos_Omon_TaiESM1_historical_r1i1p1f1_gn_199301-199312.nc', '/g/data/oi10/replicas/CMIP6/CMIP/AS-RCEC/TaiESM1/historical/r1i1p1f1/Omon/tos/gn/v20200630/tos_Omon_TaiESM1_historical_r1i1p1f1_gn_199401-199412.nc', '/g/data/oi10/replicas/CMIP6/CMIP/AS-RCEC/TaiESM1/historical/r1i1p1f1/Omon/tos/gn/v20200630/tos_Omon_TaiESM1_historical_r1i1p1f1_gn_199501-199512.nc', '/g/data/oi10/replicas/CMIP6/CMIP/AS-RCEC/TaiESM1/historical/r1i1p1f1/Omon/tos/gn/v20200630/tos_Omon_TaiESM1_historical_r1i1p1f1_gn_199601-199612.nc', '/g/data/oi10/replicas/CMIP6/CMIP/AS-RCEC/TaiESM1/historical/r1i1p1f1/Omon/tos/gn/v20200630/tos_Omon_TaiESM1_historical_r1i1p1f1_gn_199701-199712.nc', '/g/data/oi10/replicas/CMIP6/CMIP/AS-RCEC/TaiESM1/historical/r1i1p1f1/Omon/tos/gn/v20200630/tos_Omon_TaiESM1_historical_r1i1p1f1_gn_199801-199812.nc', '/g/data/oi10/replicas/CMIP6/CMIP/AS-RCEC/TaiESM1/historical/r1i1p1f1/Omon/tos/gn/v20200630/tos_Omon_TaiESM1_historical_r1i1p1f1_gn_199901-199912.nc', '/g/data/oi10/replicas/CMIP6/CMIP/AS-RCEC/TaiESM1/historical/r1i1p1f1/Omon/tos/gn/v20200630/tos_Omon_TaiESM1_historical_r1i1p1f1_gn_200001-200012.nc', '/g/data/oi10/replicas/CMIP6/CMIP/AS-RCEC/TaiESM1/historical/r1i1p1f1/Omon/tos/gn/v20200630/tos_Omon_TaiESM1_historical_r1i1p1f1_gn_200101-200112.nc', '/g/data/oi10/replicas/CMIP6/CMIP/AS-RCEC/TaiESM1/historical/r1i1p1f1/Omon/tos/gn/v20200630/tos_Omon_TaiESM1_historical_r1i1p1f1_gn_200201-200212.nc', '/g/data/oi10/replicas/CMIP6/CMIP/AS-RCEC/TaiESM1/historical/r1i1p1f1/Omon/tos/gn/v20200630/tos_Omon_TaiESM1_historical_r1i1p1f1_gn_200301-200312.nc', '/g/data/oi10/replicas/CMIP6/CMIP/AS-RCEC/TaiESM1/historical/r1i1p1f1/Omon/tos/gn/v20200630/tos_Omon_TaiESM1_historical_r1i1p1f1_gn_200401-200412.nc', '/g/data/oi10/replicas/CMIP6/CMIP/AS-RCEC/TaiESM1/historical/r1i1p1f1/Omon/tos/gn/v20200630/tos_Omon_TaiESM1_historical_r1i1p1f1_gn_200501-200512.nc', '/g/data/oi10/replicas/CMIP6/CMIP/AS-RCEC/TaiESM1/historical/r1i1p1f1/Omon/tos/gn/v20200630/tos_Omon_TaiESM1_historical_r1i1p1f1_gn_200601-200612.nc', '/g/data/oi10/replicas/CMIP6/CMIP/AS-RCEC/TaiESM1/historical/r1i1p1f1/Omon/tos/gn/v20200630/tos_Omon_TaiESM1_historical_r1i1p1f1_gn_200701-200712.nc', '/g/data/oi10/replicas/CMIP6/CMIP/AS-RCEC/TaiESM1/historical/r1i1p1f1/Omon/tos/gn/v20200630/tos_Omon_TaiESM1_historical_r1i1p1f1_gn_200801-200812.nc', '/g/data/oi10/replicas/CMIP6/CMIP/AS-RCEC/TaiESM1/historical/r1i1p1f1/Omon/tos/gn/v20200630/tos_Omon_TaiESM1_historical_r1i1p1f1_gn_200901-200912.nc', '/g/data/oi10/replicas/CMIP6/CMIP/AS-RCEC/TaiESM1/historical/r1i1p1f1/Omon/tos/gn/v20200630/tos_Omon_TaiESM1_historical_r1i1p1f1_gn_201001-201012.nc', '/g/data/oi10/replicas/CMIP6/CMIP/AS-RCEC/TaiESM1/historical/r1i1p1f1/Omon/tos/gn/v20200630/tos_Omon_TaiESM1_historical_r1i1p1f1_gn_201101-201112.nc', '/g/data/oi10/replicas/CMIP6/CMIP/AS-RCEC/TaiESM1/historical/r1i1p1f1/Omon/tos/gn/v20200630/tos_Omon_TaiESM1_historical_r1i1p1f1_gn_201201-201212.nc', '/g/data/oi10/replicas/CMIP6/CMIP/AS-RCEC/TaiESM1/historical/r1i1p1f1/Omon/tos/gn/v20200630/tos_Omon_TaiESM1_historical_r1i1p1f1_gn_201301-201312.nc', '/g/data/oi10/replicas/CMIP6/CMIP/AS-RCEC/TaiESM1/historical/r1i1p1f1/Omon/tos/gn/v20200630/tos_Omon_TaiESM1_historical_r1i1p1f1_gn_201401-201412.nc']; original error: did not find a match in any of xarray's currently installed IO backends ['netcdf4', 'scipy']. Consider explicitly selecting one of the installed engines via the ``engine`` parameter, or installing additional IO dependencies, see:
https://docs.xarray.dev/en/stable/getting-started-guide/installing.html
https://docs.xarray.dev/en/stable/user-guide/io.html
Traceback (most recent call last):
  File "/scratch/p66/ars599/enso_metrics_env/lib/python3.11/site-packages/EnsoMetrics/EnsoComputeMetricsLib.py", line 456, in ComputeCollection
    valu, vame, dive, dime = ComputeMetric(
                             ^^^^^^^^^^^^^^
  File "/scratch/p66/ars599/enso_metrics_env/lib/python3.11/site-packages/EnsoMetrics/EnsoComputeMetricsLib.py", line 1195, in ComputeMetric
    diagnostic1 = dict_oneVar[metric](
                  ^^^^^^^^^^^^^^^^^^^^
  File "/scratch/p66/ars599/enso_metrics_env/lib/python3.11/site-packages/EnsoMetrics/EnsoMetricsLib.py", line 11411, in EnsoSeasonality
    sst, sst_areacell, keyerror = Read_data_mask_area(
                                  ^^^^^^^^^^^^^^^^^^^^
  File "/scratch/p66/ars599/enso_metrics_env/lib/python3.11/site-packages/EnsoMetrics/EnsoUvcdatToolsLib.py", line 7371, in Read_data_mask_area
    variable, keyerror1 = ReadSelectRegionCheckUnits(file_data, name_data, type_data, box=region,
                          ^^^^^^^^^^^^^^^^^^^^^^^^^^^^^^^^^^^^^^^^^^^^^^^^^^^^^^^^^^^^^^^^^^^^^^^
  File "/scratch/p66/ars599/enso_metrics_env/lib/python3.11/site-packages/EnsoMetrics/EnsoUvcdatToolsLib.py", line 7353, in ReadSelectRegionCheckUnits
    tab = ReadAndSelectRegion(filename, varname, box=box, time_bounds=time_bounds, frequency=frequency)
          ^^^^^^^^^^^^^^^^^^^^^^^^^^^^^^^^^^^^^^^^^^^^^^^^^^^^^^^^^^^^^^^^^^^^^^^^^^^^^^^^^^^^^^^^^^^^^
  File "/scratch/p66/ars599/enso_metrics_env/lib/python3.11/site-packages/EnsoMetrics/EnsoUvcdatToolsLib.py", line 5420, in ReadAndSelectRegion
    tab = fi(varname, time=time_bounds, latitude=region_ref["latitude"], longitude=region_ref["longitude"])
          ^^^^^^^^^^^^^^^^^^^^^^^^^^^^^^^^^^^^^^^^^^^^^^^^^^^^^^^^^^^^^^^^^^^^^^^^^^^^^^^^^^^^^^^^^^^^^^^^^
  File "/scratch/p66/ars599/enso_metrics_env/lib/python3.11/site-packages/EnsoMetrics/EnsoUvcdatToolsLib.py", line 2075, in __call__
    raise OSError(
OSError: File not open for reading: ['/g/data/oi10/replicas/CMIP6/CMIP/AS-RCEC/TaiESM1/historical/r1i1p1f1/Omon/tos/gn/v20200630/tos_Omon_TaiESM1_historical_r1i1p1f1_gn_185001-185012.nc', '/g/data/oi10/replicas/CMIP6/CMIP/AS-RCEC/TaiESM1/historical/r1i1p1f1/Omon/tos/gn/v20200630/tos_Omon_TaiESM1_historical_r1i1p1f1_gn_185101-185112.nc', '/g/data/oi10/replicas/CMIP6/CMIP/AS-RCEC/TaiESM1/historical/r1i1p1f1/Omon/tos/gn/v20200630/tos_Omon_TaiESM1_historical_r1i1p1f1_gn_185201-185212.nc', '/g/data/oi10/replicas/CMIP6/CMIP/AS-RCEC/TaiESM1/historical/r1i1p1f1/Omon/tos/gn/v20200630/tos_Omon_TaiESM1_historical_r1i1p1f1_gn_185301-185312.nc', '/g/data/oi10/replicas/CMIP6/CMIP/AS-RCEC/TaiESM1/historical/r1i1p1f1/Omon/tos/gn/v20200630/tos_Omon_TaiESM1_historical_r1i1p1f1_gn_185401-185412.nc', '/g/data/oi10/replicas/CMIP6/CMIP/AS-RCEC/TaiESM1/historical/r1i1p1f1/Omon/tos/gn/v20200630/tos_Omon_TaiESM1_historical_r1i1p1f1_gn_185501-185512.nc', '/g/data/oi10/replicas/CMIP6/CMIP/AS-RCEC/TaiESM1/historical/r1i1p1f1/Omon/tos/gn/v20200630/tos_Omon_TaiESM1_historical_r1i1p1f1_gn_185601-185612.nc', '/g/data/oi10/replicas/CMIP6/CMIP/AS-RCEC/TaiESM1/historical/r1i1p1f1/Omon/tos/gn/v20200630/tos_Omon_TaiESM1_historical_r1i1p1f1_gn_185701-185712.nc', '/g/data/oi10/replicas/CMIP6/CMIP/AS-RCEC/TaiESM1/historical/r1i1p1f1/Omon/tos/gn/v20200630/tos_Omon_TaiESM1_historical_r1i1p1f1_gn_185801-185812.nc', '/g/data/oi10/replicas/CMIP6/CMIP/AS-RCEC/TaiESM1/historical/r1i1p1f1/Omon/tos/gn/v20200630/tos_Omon_TaiESM1_historical_r1i1p1f1_gn_185901-185912.nc', '/g/data/oi10/replicas/CMIP6/CMIP/AS-RCEC/TaiESM1/historical/r1i1p1f1/Omon/tos/gn/v20200630/tos_Omon_TaiESM1_historical_r1i1p1f1_gn_186001-186012.nc', '/g/data/oi10/replicas/CMIP6/CMIP/AS-RCEC/TaiESM1/historical/r1i1p1f1/Omon/tos/gn/v20200630/tos_Omon_TaiESM1_historical_r1i1p1f1_gn_186101-186112.nc', '/g/data/oi10/replicas/CMIP6/CMIP/AS-RCEC/TaiESM1/historical/r1i1p1f1/Omon/tos/gn/v20200630/tos_Omon_TaiESM1_historical_r1i1p1f1_gn_186201-186212.nc', '/g/data/oi10/replicas/CMIP6/CMIP/AS-RCEC/TaiESM1/historical/r1i1p1f1/Omon/tos/gn/v20200630/tos_Omon_TaiESM1_historical_r1i1p1f1_gn_186301-186312.nc', '/g/data/oi10/replicas/CMIP6/CMIP/AS-RCEC/TaiESM1/historical/r1i1p1f1/Omon/tos/gn/v20200630/tos_Omon_TaiESM1_historical_r1i1p1f1_gn_186401-186412.nc', '/g/data/oi10/replicas/CMIP6/CMIP/AS-RCEC/TaiESM1/historical/r1i1p1f1/Omon/tos/gn/v20200630/tos_Omon_TaiESM1_historical_r1i1p1f1_gn_186501-186512.nc', '/g/data/oi10/replicas/CMIP6/CMIP/AS-RCEC/TaiESM1/historical/r1i1p1f1/Omon/tos/gn/v20200630/tos_Omon_TaiESM1_historical_r1i1p1f1_gn_186601-186612.nc', '/g/data/oi10/replicas/CMIP6/CMIP/AS-RCEC/TaiESM1/historical/r1i1p1f1/Omon/tos/gn/v20200630/tos_Omon_TaiESM1_historical_r1i1p1f1_gn_186701-186712.nc', '/g/data/oi10/replicas/CMIP6/CMIP/AS-RCEC/TaiESM1/historical/r1i1p1f1/Omon/tos/gn/v20200630/tos_Omon_TaiESM1_historical_r1i1p1f1_gn_186801-186812.nc', '/g/data/oi10/replicas/CMIP6/CMIP/AS-RCEC/TaiESM1/historical/r1i1p1f1/Omon/tos/gn/v20200630/tos_Omon_TaiESM1_historical_r1i1p1f1_gn_186901-186912.nc', '/g/data/oi10/replicas/CMIP6/CMIP/AS-RCEC/TaiESM1/historical/r1i1p1f1/Omon/tos/gn/v20200630/tos_Omon_TaiESM1_historical_r1i1p1f1_gn_187001-187012.nc', '/g/data/oi10/replicas/CMIP6/CMIP/AS-RCEC/TaiESM1/historical/r1i1p1f1/Omon/tos/gn/v20200630/tos_Omon_TaiESM1_historical_r1i1p1f1_gn_187101-187112.nc', '/g/data/oi10/replicas/CMIP6/CMIP/AS-RCEC/TaiESM1/historical/r1i1p1f1/Omon/tos/gn/v20200630/tos_Omon_TaiESM1_historical_r1i1p1f1_gn_187201-187212.nc', '/g/data/oi10/replicas/CMIP6/CMIP/AS-RCEC/TaiESM1/historical/r1i1p1f1/Omon/tos/gn/v20200630/tos_Omon_TaiESM1_historical_r1i1p1f1_gn_187301-187312.nc', '/g/data/oi10/replicas/CMIP6/CMIP/AS-RCEC/TaiESM1/historical/r1i1p1f1/Omon/tos/gn/v20200630/tos_Omon_TaiESM1_historical_r1i1p1f1_gn_187401-187412.nc', '/g/data/oi10/replicas/CMIP6/CMIP/AS-RCEC/TaiESM1/historical/r1i1p1f1/Omon/tos/gn/v20200630/tos_Omon_TaiESM1_historical_r1i1p1f1_gn_187501-187512.nc', '/g/data/oi10/replicas/CMIP6/CMIP/AS-RCEC/TaiESM1/historical/r1i1p1f1/Omon/tos/gn/v20200630/tos_Omon_TaiESM1_historical_r1i1p1f1_gn_187601-187612.nc', '/g/data/oi10/replicas/CMIP6/CMIP/AS-RCEC/TaiESM1/historical/r1i1p1f1/Omon/tos/gn/v20200630/tos_Omon_TaiESM1_historical_r1i1p1f1_gn_187701-187712.nc', '/g/data/oi10/replicas/CMIP6/CMIP/AS-RCEC/TaiESM1/historical/r1i1p1f1/Omon/tos/gn/v20200630/tos_Omon_TaiESM1_historical_r1i1p1f1_gn_187801-187812.nc', '/g/data/oi10/replicas/CMIP6/CMIP/AS-RCEC/TaiESM1/historical/r1i1p1f1/Omon/tos/gn/v20200630/tos_Omon_TaiESM1_historical_r1i1p1f1_gn_187901-187912.nc', '/g/data/oi10/replicas/CMIP6/CMIP/AS-RCEC/TaiESM1/historical/r1i1p1f1/Omon/tos/gn/v20200630/tos_Omon_TaiESM1_historical_r1i1p1f1_gn_188001-188012.nc', '/g/data/oi10/replicas/CMIP6/CMIP/AS-RCEC/TaiESM1/historical/r1i1p1f1/Omon/tos/gn/v20200630/tos_Omon_TaiESM1_historical_r1i1p1f1_gn_188101-188112.nc', '/g/data/oi10/replicas/CMIP6/CMIP/AS-RCEC/TaiESM1/historical/r1i1p1f1/Omon/tos/gn/v20200630/tos_Omon_TaiESM1_historical_r1i1p1f1_gn_188201-188212.nc', '/g/data/oi10/replicas/CMIP6/CMIP/AS-RCEC/TaiESM1/historical/r1i1p1f1/Omon/tos/gn/v20200630/tos_Omon_TaiESM1_historical_r1i1p1f1_gn_188301-188312.nc', '/g/data/oi10/replicas/CMIP6/CMIP/AS-RCEC/TaiESM1/historical/r1i1p1f1/Omon/tos/gn/v20200630/tos_Omon_TaiESM1_historical_r1i1p1f1_gn_188401-188412.nc', '/g/data/oi10/replicas/CMIP6/CMIP/AS-RCEC/TaiESM1/historical/r1i1p1f1/Omon/tos/gn/v20200630/tos_Omon_TaiESM1_historical_r1i1p1f1_gn_188501-188512.nc', '/g/data/oi10/replicas/CMIP6/CMIP/AS-RCEC/TaiESM1/historical/r1i1p1f1/Omon/tos/gn/v20200630/tos_Omon_TaiESM1_historical_r1i1p1f1_gn_188601-188612.nc', '/g/data/oi10/replicas/CMIP6/CMIP/AS-RCEC/TaiESM1/historical/r1i1p1f1/Omon/tos/gn/v20200630/tos_Omon_TaiESM1_historical_r1i1p1f1_gn_188701-188712.nc', '/g/data/oi10/replicas/CMIP6/CMIP/AS-RCEC/TaiESM1/historical/r1i1p1f1/Omon/tos/gn/v20200630/tos_Omon_TaiESM1_historical_r1i1p1f1_gn_188801-188812.nc', '/g/data/oi10/replicas/CMIP6/CMIP/AS-RCEC/TaiESM1/historical/r1i1p1f1/Omon/tos/gn/v20200630/tos_Omon_TaiESM1_historical_r1i1p1f1_gn_188901-188912.nc', '/g/data/oi10/replicas/CMIP6/CMIP/AS-RCEC/TaiESM1/historical/r1i1p1f1/Omon/tos/gn/v20200630/tos_Omon_TaiESM1_historical_r1i1p1f1_gn_189001-189012.nc', '/g/data/oi10/replicas/CMIP6/CMIP/AS-RCEC/TaiESM1/historical/r1i1p1f1/Omon/tos/gn/v20200630/tos_Omon_TaiESM1_historical_r1i1p1f1_gn_189101-189112.nc', '/g/data/oi10/replicas/CMIP6/CMIP/AS-RCEC/TaiESM1/historical/r1i1p1f1/Omon/tos/gn/v20200630/tos_Omon_TaiESM1_historical_r1i1p1f1_gn_189201-189212.nc', '/g/data/oi10/replicas/CMIP6/CMIP/AS-RCEC/TaiESM1/historical/r1i1p1f1/Omon/tos/gn/v20200630/tos_Omon_TaiESM1_historical_r1i1p1f1_gn_189301-189312.nc', '/g/data/oi10/replicas/CMIP6/CMIP/AS-RCEC/TaiESM1/historical/r1i1p1f1/Omon/tos/gn/v20200630/tos_Omon_TaiESM1_historical_r1i1p1f1_gn_189401-189412.nc', '/g/data/oi10/replicas/CMIP6/CMIP/AS-RCEC/TaiESM1/historical/r1i1p1f1/Omon/tos/gn/v20200630/tos_Omon_TaiESM1_historical_r1i1p1f1_gn_189501-189512.nc', '/g/data/oi10/replicas/CMIP6/CMIP/AS-RCEC/TaiESM1/historical/r1i1p1f1/Omon/tos/gn/v20200630/tos_Omon_TaiESM1_historical_r1i1p1f1_gn_189601-189612.nc', '/g/data/oi10/replicas/CMIP6/CMIP/AS-RCEC/TaiESM1/historical/r1i1p1f1/Omon/tos/gn/v20200630/tos_Omon_TaiESM1_historical_r1i1p1f1_gn_189701-189712.nc', '/g/data/oi10/replicas/CMIP6/CMIP/AS-RCEC/TaiESM1/historical/r1i1p1f1/Omon/tos/gn/v20200630/tos_Omon_TaiESM1_historical_r1i1p1f1_gn_189801-189812.nc', '/g/data/oi10/replicas/CMIP6/CMIP/AS-RCEC/TaiESM1/historical/r1i1p1f1/Omon/tos/gn/v20200630/tos_Omon_TaiESM1_historical_r1i1p1f1_gn_189901-189912.nc', '/g/data/oi10/replicas/CMIP6/CMIP/AS-RCEC/TaiESM1/historical/r1i1p1f1/Omon/tos/gn/v20200630/tos_Omon_TaiESM1_historical_r1i1p1f1_gn_190001-190012.nc', '/g/data/oi10/replicas/CMIP6/CMIP/AS-RCEC/TaiESM1/historical/r1i1p1f1/Omon/tos/gn/v20200630/tos_Omon_TaiESM1_historical_r1i1p1f1_gn_190101-190112.nc', '/g/data/oi10/replicas/CMIP6/CMIP/AS-RCEC/TaiESM1/historical/r1i1p1f1/Omon/tos/gn/v20200630/tos_Omon_TaiESM1_historical_r1i1p1f1_gn_190201-190212.nc', '/g/data/oi10/replicas/CMIP6/CMIP/AS-RCEC/TaiESM1/historical/r1i1p1f1/Omon/tos/gn/v20200630/tos_Omon_TaiESM1_historical_r1i1p1f1_gn_190301-190312.nc', '/g/data/oi10/replicas/CMIP6/CMIP/AS-RCEC/TaiESM1/historical/r1i1p1f1/Omon/tos/gn/v20200630/tos_Omon_TaiESM1_historical_r1i1p1f1_gn_190401-190412.nc', '/g/data/oi10/replicas/CMIP6/CMIP/AS-RCEC/TaiESM1/historical/r1i1p1f1/Omon/tos/gn/v20200630/tos_Omon_TaiESM1_historical_r1i1p1f1_gn_190501-190512.nc', '/g/data/oi10/replicas/CMIP6/CMIP/AS-RCEC/TaiESM1/historical/r1i1p1f1/Omon/tos/gn/v20200630/tos_Omon_TaiESM1_historical_r1i1p1f1_gn_190601-190612.nc', '/g/data/oi10/replicas/CMIP6/CMIP/AS-RCEC/TaiESM1/historical/r1i1p1f1/Omon/tos/gn/v20200630/tos_Omon_TaiESM1_historical_r1i1p1f1_gn_190701-190712.nc', '/g/data/oi10/replicas/CMIP6/CMIP/AS-RCEC/TaiESM1/historical/r1i1p1f1/Omon/tos/gn/v20200630/tos_Omon_TaiESM1_historical_r1i1p1f1_gn_190801-190812.nc', '/g/data/oi10/replicas/CMIP6/CMIP/AS-RCEC/TaiESM1/historical/r1i1p1f1/Omon/tos/gn/v20200630/tos_Omon_TaiESM1_historical_r1i1p1f1_gn_190901-190912.nc', '/g/data/oi10/replicas/CMIP6/CMIP/AS-RCEC/TaiESM1/historical/r1i1p1f1/Omon/tos/gn/v20200630/tos_Omon_TaiESM1_historical_r1i1p1f1_gn_191001-191012.nc', '/g/data/oi10/replicas/CMIP6/CMIP/AS-RCEC/TaiESM1/historical/r1i1p1f1/Omon/tos/gn/v20200630/tos_Omon_TaiESM1_historical_r1i1p1f1_gn_191101-191112.nc', '/g/data/oi10/replicas/CMIP6/CMIP/AS-RCEC/TaiESM1/historical/r1i1p1f1/Omon/tos/gn/v20200630/tos_Omon_TaiESM1_historical_r1i1p1f1_gn_191201-191212.nc', '/g/data/oi10/replicas/CMIP6/CMIP/AS-RCEC/TaiESM1/historical/r1i1p1f1/Omon/tos/gn/v20200630/tos_Omon_TaiESM1_historical_r1i1p1f1_gn_191301-191312.nc', '/g/data/oi10/replicas/CMIP6/CMIP/AS-RCEC/TaiESM1/historical/r1i1p1f1/Omon/tos/gn/v20200630/tos_Omon_TaiESM1_historical_r1i1p1f1_gn_191401-191412.nc', '/g/data/oi10/replicas/CMIP6/CMIP/AS-RCEC/TaiESM1/historical/r1i1p1f1/Omon/tos/gn/v20200630/tos_Omon_TaiESM1_historical_r1i1p1f1_gn_191501-191512.nc', '/g/data/oi10/replicas/CMIP6/CMIP/AS-RCEC/TaiESM1/historical/r1i1p1f1/Omon/tos/gn/v20200630/tos_Omon_TaiESM1_historical_r1i1p1f1_gn_191601-191612.nc', '/g/data/oi10/replicas/CMIP6/CMIP/AS-RCEC/TaiESM1/historical/r1i1p1f1/Omon/tos/gn/v20200630/tos_Omon_TaiESM1_historical_r1i1p1f1_gn_191701-191712.nc', '/g/data/oi10/replicas/CMIP6/CMIP/AS-RCEC/TaiESM1/historical/r1i1p1f1/Omon/tos/gn/v20200630/tos_Omon_TaiESM1_historical_r1i1p1f1_gn_191801-191812.nc', '/g/data/oi10/replicas/CMIP6/CMIP/AS-RCEC/TaiESM1/historical/r1i1p1f1/Omon/tos/gn/v20200630/tos_Omon_TaiESM1_historical_r1i1p1f1_gn_191901-191912.nc', '/g/data/oi10/replicas/CMIP6/CMIP/AS-RCEC/TaiESM1/historical/r1i1p1f1/Omon/tos/gn/v20200630/tos_Omon_TaiESM1_historical_r1i1p1f1_gn_192001-192012.nc', '/g/data/oi10/replicas/CMIP6/CMIP/AS-RCEC/TaiESM1/historical/r1i1p1f1/Omon/tos/gn/v20200630/tos_Omon_TaiESM1_historical_r1i1p1f1_gn_192101-192112.nc', '/g/data/oi10/replicas/CMIP6/CMIP/AS-RCEC/TaiESM1/historical/r1i1p1f1/Omon/tos/gn/v20200630/tos_Omon_TaiESM1_historical_r1i1p1f1_gn_192201-192212.nc', '/g/data/oi10/replicas/CMIP6/CMIP/AS-RCEC/TaiESM1/historical/r1i1p1f1/Omon/tos/gn/v20200630/tos_Omon_TaiESM1_historical_r1i1p1f1_gn_192301-192312.nc', '/g/data/oi10/replicas/CMIP6/CMIP/AS-RCEC/TaiESM1/historical/r1i1p1f1/Omon/tos/gn/v20200630/tos_Omon_TaiESM1_historical_r1i1p1f1_gn_192401-192412.nc', '/g/data/oi10/replicas/CMIP6/CMIP/AS-RCEC/TaiESM1/historical/r1i1p1f1/Omon/tos/gn/v20200630/tos_Omon_TaiESM1_historical_r1i1p1f1_gn_192501-192512.nc', '/g/data/oi10/replicas/CMIP6/CMIP/AS-RCEC/TaiESM1/historical/r1i1p1f1/Omon/tos/gn/v20200630/tos_Omon_TaiESM1_historical_r1i1p1f1_gn_192601-192612.nc', '/g/data/oi10/replicas/CMIP6/CMIP/AS-RCEC/TaiESM1/historical/r1i1p1f1/Omon/tos/gn/v20200630/tos_Omon_TaiESM1_historical_r1i1p1f1_gn_192701-192712.nc', '/g/data/oi10/replicas/CMIP6/CMIP/AS-RCEC/TaiESM1/historical/r1i1p1f1/Omon/tos/gn/v20200630/tos_Omon_TaiESM1_historical_r1i1p1f1_gn_192801-192812.nc', '/g/data/oi10/replicas/CMIP6/CMIP/AS-RCEC/TaiESM1/historical/r1i1p1f1/Omon/tos/gn/v20200630/tos_Omon_TaiESM1_historical_r1i1p1f1_gn_192901-192912.nc', '/g/data/oi10/replicas/CMIP6/CMIP/AS-RCEC/TaiESM1/historical/r1i1p1f1/Omon/tos/gn/v20200630/tos_Omon_TaiESM1_historical_r1i1p1f1_gn_193001-193012.nc', '/g/data/oi10/replicas/CMIP6/CMIP/AS-RCEC/TaiESM1/historical/r1i1p1f1/Omon/tos/gn/v20200630/tos_Omon_TaiESM1_historical_r1i1p1f1_gn_193101-193112.nc', '/g/data/oi10/replicas/CMIP6/CMIP/AS-RCEC/TaiESM1/historical/r1i1p1f1/Omon/tos/gn/v20200630/tos_Omon_TaiESM1_historical_r1i1p1f1_gn_193201-193212.nc', '/g/data/oi10/replicas/CMIP6/CMIP/AS-RCEC/TaiESM1/historical/r1i1p1f1/Omon/tos/gn/v20200630/tos_Omon_TaiESM1_historical_r1i1p1f1_gn_193301-193312.nc', '/g/data/oi10/replicas/CMIP6/CMIP/AS-RCEC/TaiESM1/historical/r1i1p1f1/Omon/tos/gn/v20200630/tos_Omon_TaiESM1_historical_r1i1p1f1_gn_193401-193412.nc', '/g/data/oi10/replicas/CMIP6/CMIP/AS-RCEC/TaiESM1/historical/r1i1p1f1/Omon/tos/gn/v20200630/tos_Omon_TaiESM1_historical_r1i1p1f1_gn_193501-193512.nc', '/g/data/oi10/replicas/CMIP6/CMIP/AS-RCEC/TaiESM1/historical/r1i1p1f1/Omon/tos/gn/v20200630/tos_Omon_TaiESM1_historical_r1i1p1f1_gn_193601-193612.nc', '/g/data/oi10/replicas/CMIP6/CMIP/AS-RCEC/TaiESM1/historical/r1i1p1f1/Omon/tos/gn/v20200630/tos_Omon_TaiESM1_historical_r1i1p1f1_gn_193701-193712.nc', '/g/data/oi10/replicas/CMIP6/CMIP/AS-RCEC/TaiESM1/historical/r1i1p1f1/Omon/tos/gn/v20200630/tos_Omon_TaiESM1_historical_r1i1p1f1_gn_193801-193812.nc', '/g/data/oi10/replicas/CMIP6/CMIP/AS-RCEC/TaiESM1/historical/r1i1p1f1/Omon/tos/gn/v20200630/tos_Omon_TaiESM1_historical_r1i1p1f1_gn_193901-193912.nc', '/g/data/oi10/replicas/CMIP6/CMIP/AS-RCEC/TaiESM1/historical/r1i1p1f1/Omon/tos/gn/v20200630/tos_Omon_TaiESM1_historical_r1i1p1f1_gn_194001-194012.nc', '/g/data/oi10/replicas/CMIP6/CMIP/AS-RCEC/TaiESM1/historical/r1i1p1f1/Omon/tos/gn/v20200630/tos_Omon_TaiESM1_historical_r1i1p1f1_gn_194101-194112.nc', '/g/data/oi10/replicas/CMIP6/CMIP/AS-RCEC/TaiESM1/historical/r1i1p1f1/Omon/tos/gn/v20200630/tos_Omon_TaiESM1_historical_r1i1p1f1_gn_194201-194212.nc', '/g/data/oi10/replicas/CMIP6/CMIP/AS-RCEC/TaiESM1/historical/r1i1p1f1/Omon/tos/gn/v20200630/tos_Omon_TaiESM1_historical_r1i1p1f1_gn_194301-194312.nc', '/g/data/oi10/replicas/CMIP6/CMIP/AS-RCEC/TaiESM1/historical/r1i1p1f1/Omon/tos/gn/v20200630/tos_Omon_TaiESM1_historical_r1i1p1f1_gn_194401-194412.nc', '/g/data/oi10/replicas/CMIP6/CMIP/AS-RCEC/TaiESM1/historical/r1i1p1f1/Omon/tos/gn/v20200630/tos_Omon_TaiESM1_historical_r1i1p1f1_gn_194501-194512.nc', '/g/data/oi10/replicas/CMIP6/CMIP/AS-RCEC/TaiESM1/historical/r1i1p1f1/Omon/tos/gn/v20200630/tos_Omon_TaiESM1_historical_r1i1p1f1_gn_194601-194612.nc', '/g/data/oi10/replicas/CMIP6/CMIP/AS-RCEC/TaiESM1/historical/r1i1p1f1/Omon/tos/gn/v20200630/tos_Omon_TaiESM1_historical_r1i1p1f1_gn_194701-194712.nc', '/g/data/oi10/replicas/CMIP6/CMIP/AS-RCEC/TaiESM1/historical/r1i1p1f1/Omon/tos/gn/v20200630/tos_Omon_TaiESM1_historical_r1i1p1f1_gn_194801-194812.nc', '/g/data/oi10/replicas/CMIP6/CMIP/AS-RCEC/TaiESM1/historical/r1i1p1f1/Omon/tos/gn/v20200630/tos_Omon_TaiESM1_historical_r1i1p1f1_gn_194901-194912.nc', '/g/data/oi10/replicas/CMIP6/CMIP/AS-RCEC/TaiESM1/historical/r1i1p1f1/Omon/tos/gn/v20200630/tos_Omon_TaiESM1_historical_r1i1p1f1_gn_195001-195012.nc', '/g/data/oi10/replicas/CMIP6/CMIP/AS-RCEC/TaiESM1/historical/r1i1p1f1/Omon/tos/gn/v20200630/tos_Omon_TaiESM1_historical_r1i1p1f1_gn_195101-195112.nc', '/g/data/oi10/replicas/CMIP6/CMIP/AS-RCEC/TaiESM1/historical/r1i1p1f1/Omon/tos/gn/v20200630/tos_Omon_TaiESM1_historical_r1i1p1f1_gn_195201-195212.nc', '/g/data/oi10/replicas/CMIP6/CMIP/AS-RCEC/TaiESM1/historical/r1i1p1f1/Omon/tos/gn/v20200630/tos_Omon_TaiESM1_historical_r1i1p1f1_gn_195301-195312.nc', '/g/data/oi10/replicas/CMIP6/CMIP/AS-RCEC/TaiESM1/historical/r1i1p1f1/Omon/tos/gn/v20200630/tos_Omon_TaiESM1_historical_r1i1p1f1_gn_195401-195412.nc', '/g/data/oi10/replicas/CMIP6/CMIP/AS-RCEC/TaiESM1/historical/r1i1p1f1/Omon/tos/gn/v20200630/tos_Omon_TaiESM1_historical_r1i1p1f1_gn_195501-195512.nc', '/g/data/oi10/replicas/CMIP6/CMIP/AS-RCEC/TaiESM1/historical/r1i1p1f1/Omon/tos/gn/v20200630/tos_Omon_TaiESM1_historical_r1i1p1f1_gn_195601-195612.nc', '/g/data/oi10/replicas/CMIP6/CMIP/AS-RCEC/TaiESM1/historical/r1i1p1f1/Omon/tos/gn/v20200630/tos_Omon_TaiESM1_historical_r1i1p1f1_gn_195701-195712.nc', '/g/data/oi10/replicas/CMIP6/CMIP/AS-RCEC/TaiESM1/historical/r1i1p1f1/Omon/tos/gn/v20200630/tos_Omon_TaiESM1_historical_r1i1p1f1_gn_195801-195812.nc', '/g/data/oi10/replicas/CMIP6/CMIP/AS-RCEC/TaiESM1/historical/r1i1p1f1/Omon/tos/gn/v20200630/tos_Omon_TaiESM1_historical_r1i1p1f1_gn_195901-195912.nc', '/g/data/oi10/replicas/CMIP6/CMIP/AS-RCEC/TaiESM1/historical/r1i1p1f1/Omon/tos/gn/v20200630/tos_Omon_TaiESM1_historical_r1i1p1f1_gn_196001-196012.nc', '/g/data/oi10/replicas/CMIP6/CMIP/AS-RCEC/TaiESM1/historical/r1i1p1f1/Omon/tos/gn/v20200630/tos_Omon_TaiESM1_historical_r1i1p1f1_gn_196101-196112.nc', '/g/data/oi10/replicas/CMIP6/CMIP/AS-RCEC/TaiESM1/historical/r1i1p1f1/Omon/tos/gn/v20200630/tos_Omon_TaiESM1_historical_r1i1p1f1_gn_196201-196212.nc', '/g/data/oi10/replicas/CMIP6/CMIP/AS-RCEC/TaiESM1/historical/r1i1p1f1/Omon/tos/gn/v20200630/tos_Omon_TaiESM1_historical_r1i1p1f1_gn_196301-196312.nc', '/g/data/oi10/replicas/CMIP6/CMIP/AS-RCEC/TaiESM1/historical/r1i1p1f1/Omon/tos/gn/v20200630/tos_Omon_TaiESM1_historical_r1i1p1f1_gn_196401-196412.nc', '/g/data/oi10/replicas/CMIP6/CMIP/AS-RCEC/TaiESM1/historical/r1i1p1f1/Omon/tos/gn/v20200630/tos_Omon_TaiESM1_historical_r1i1p1f1_gn_196501-196512.nc', '/g/data/oi10/replicas/CMIP6/CMIP/AS-RCEC/TaiESM1/historical/r1i1p1f1/Omon/tos/gn/v20200630/tos_Omon_TaiESM1_historical_r1i1p1f1_gn_196601-196612.nc', '/g/data/oi10/replicas/CMIP6/CMIP/AS-RCEC/TaiESM1/historical/r1i1p1f1/Omon/tos/gn/v20200630/tos_Omon_TaiESM1_historical_r1i1p1f1_gn_196701-196712.nc', '/g/data/oi10/replicas/CMIP6/CMIP/AS-RCEC/TaiESM1/historical/r1i1p1f1/Omon/tos/gn/v20200630/tos_Omon_TaiESM1_historical_r1i1p1f1_gn_196801-196812.nc', '/g/data/oi10/replicas/CMIP6/CMIP/AS-RCEC/TaiESM1/historical/r1i1p1f1/Omon/tos/gn/v20200630/tos_Omon_TaiESM1_historical_r1i1p1f1_gn_196901-196912.nc', '/g/data/oi10/replicas/CMIP6/CMIP/AS-RCEC/TaiESM1/historical/r1i1p1f1/Omon/tos/gn/v20200630/tos_Omon_TaiESM1_historical_r1i1p1f1_gn_197001-197012.nc', '/g/data/oi10/replicas/CMIP6/CMIP/AS-RCEC/TaiESM1/historical/r1i1p1f1/Omon/tos/gn/v20200630/tos_Omon_TaiESM1_historical_r1i1p1f1_gn_197101-197112.nc', '/g/data/oi10/replicas/CMIP6/CMIP/AS-RCEC/TaiESM1/historical/r1i1p1f1/Omon/tos/gn/v20200630/tos_Omon_TaiESM1_historical_r1i1p1f1_gn_197201-197212.nc', '/g/data/oi10/replicas/CMIP6/CMIP/AS-RCEC/TaiESM1/historical/r1i1p1f1/Omon/tos/gn/v20200630/tos_Omon_TaiESM1_historical_r1i1p1f1_gn_197301-197312.nc', '/g/data/oi10/replicas/CMIP6/CMIP/AS-RCEC/TaiESM1/historical/r1i1p1f1/Omon/tos/gn/v20200630/tos_Omon_TaiESM1_historical_r1i1p1f1_gn_197401-197412.nc', '/g/data/oi10/replicas/CMIP6/CMIP/AS-RCEC/TaiESM1/historical/r1i1p1f1/Omon/tos/gn/v20200630/tos_Omon_TaiESM1_historical_r1i1p1f1_gn_197501-197512.nc', '/g/data/oi10/replicas/CMIP6/CMIP/AS-RCEC/TaiESM1/historical/r1i1p1f1/Omon/tos/gn/v20200630/tos_Omon_TaiESM1_historical_r1i1p1f1_gn_197601-197612.nc', '/g/data/oi10/replicas/CMIP6/CMIP/AS-RCEC/TaiESM1/historical/r1i1p1f1/Omon/tos/gn/v20200630/tos_Omon_TaiESM1_historical_r1i1p1f1_gn_197701-197712.nc', '/g/data/oi10/replicas/CMIP6/CMIP/AS-RCEC/TaiESM1/historical/r1i1p1f1/Omon/tos/gn/v20200630/tos_Omon_TaiESM1_historical_r1i1p1f1_gn_197801-197812.nc', '/g/data/oi10/replicas/CMIP6/CMIP/AS-RCEC/TaiESM1/historical/r1i1p1f1/Omon/tos/gn/v20200630/tos_Omon_TaiESM1_historical_r1i1p1f1_gn_197901-197912.nc', '/g/data/oi10/replicas/CMIP6/CMIP/AS-RCEC/TaiESM1/historical/r1i1p1f1/Omon/tos/gn/v20200630/tos_Omon_TaiESM1_historical_r1i1p1f1_gn_198001-198012.nc', '/g/data/oi10/replicas/CMIP6/CMIP/AS-RCEC/TaiESM1/historical/r1i1p1f1/Omon/tos/gn/v20200630/tos_Omon_TaiESM1_historical_r1i1p1f1_gn_198101-198112.nc', '/g/data/oi10/replicas/CMIP6/CMIP/AS-RCEC/TaiESM1/historical/r1i1p1f1/Omon/tos/gn/v20200630/tos_Omon_TaiESM1_historical_r1i1p1f1_gn_198201-198212.nc', '/g/data/oi10/replicas/CMIP6/CMIP/AS-RCEC/TaiESM1/historical/r1i1p1f1/Omon/tos/gn/v20200630/tos_Omon_TaiESM1_historical_r1i1p1f1_gn_198301-198312.nc', '/g/data/oi10/replicas/CMIP6/CMIP/AS-RCEC/TaiESM1/historical/r1i1p1f1/Omon/tos/gn/v20200630/tos_Omon_TaiESM1_historical_r1i1p1f1_gn_198401-198412.nc', '/g/data/oi10/replicas/CMIP6/CMIP/AS-RCEC/TaiESM1/historical/r1i1p1f1/Omon/tos/gn/v20200630/tos_Omon_TaiESM1_historical_r1i1p1f1_gn_198501-198512.nc', '/g/data/oi10/replicas/CMIP6/CMIP/AS-RCEC/TaiESM1/historical/r1i1p1f1/Omon/tos/gn/v20200630/tos_Omon_TaiESM1_historical_r1i1p1f1_gn_198601-198612.nc', '/g/data/oi10/replicas/CMIP6/CMIP/AS-RCEC/TaiESM1/historical/r1i1p1f1/Omon/tos/gn/v20200630/tos_Omon_TaiESM1_historical_r1i1p1f1_gn_198701-198712.nc', '/g/data/oi10/replicas/CMIP6/CMIP/AS-RCEC/TaiESM1/historical/r1i1p1f1/Omon/tos/gn/v20200630/tos_Omon_TaiESM1_historical_r1i1p1f1_gn_198801-198812.nc', '/g/data/oi10/replicas/CMIP6/CMIP/AS-RCEC/TaiESM1/historical/r1i1p1f1/Omon/tos/gn/v20200630/tos_Omon_TaiESM1_historical_r1i1p1f1_gn_198901-198912.nc', '/g/data/oi10/replicas/CMIP6/CMIP/AS-RCEC/TaiESM1/historical/r1i1p1f1/Omon/tos/gn/v20200630/tos_Omon_TaiESM1_historical_r1i1p1f1_gn_199001-199012.nc', '/g/data/oi10/replicas/CMIP6/CMIP/AS-RCEC/TaiESM1/historical/r1i1p1f1/Omon/tos/gn/v20200630/tos_Omon_TaiESM1_historical_r1i1p1f1_gn_199101-199112.nc', '/g/data/oi10/replicas/CMIP6/CMIP/AS-RCEC/TaiESM1/historical/r1i1p1f1/Omon/tos/gn/v20200630/tos_Omon_TaiESM1_historical_r1i1p1f1_gn_199201-199212.nc', '/g/data/oi10/replicas/CMIP6/CMIP/AS-RCEC/TaiESM1/historical/r1i1p1f1/Omon/tos/gn/v20200630/tos_Omon_TaiESM1_historical_r1i1p1f1_gn_199301-199312.nc', '/g/data/oi10/replicas/CMIP6/CMIP/AS-RCEC/TaiESM1/historical/r1i1p1f1/Omon/tos/gn/v20200630/tos_Omon_TaiESM1_historical_r1i1p1f1_gn_199401-199412.nc', '/g/data/oi10/replicas/CMIP6/CMIP/AS-RCEC/TaiESM1/historical/r1i1p1f1/Omon/tos/gn/v20200630/tos_Omon_TaiESM1_historical_r1i1p1f1_gn_199501-199512.nc', '/g/data/oi10/replicas/CMIP6/CMIP/AS-RCEC/TaiESM1/historical/r1i1p1f1/Omon/tos/gn/v20200630/tos_Omon_TaiESM1_historical_r1i1p1f1_gn_199601-199612.nc', '/g/data/oi10/replicas/CMIP6/CMIP/AS-RCEC/TaiESM1/historical/r1i1p1f1/Omon/tos/gn/v20200630/tos_Omon_TaiESM1_historical_r1i1p1f1_gn_199701-199712.nc', '/g/data/oi10/replicas/CMIP6/CMIP/AS-RCEC/TaiESM1/historical/r1i1p1f1/Omon/tos/gn/v20200630/tos_Omon_TaiESM1_historical_r1i1p1f1_gn_199801-199812.nc', '/g/data/oi10/replicas/CMIP6/CMIP/AS-RCEC/TaiESM1/historical/r1i1p1f1/Omon/tos/gn/v20200630/tos_Omon_TaiESM1_historical_r1i1p1f1_gn_199901-199912.nc', '/g/data/oi10/replicas/CMIP6/CMIP/AS-RCEC/TaiESM1/historical/r1i1p1f1/Omon/tos/gn/v20200630/tos_Omon_TaiESM1_historical_r1i1p1f1_gn_200001-200012.nc', '/g/data/oi10/replicas/CMIP6/CMIP/AS-RCEC/TaiESM1/historical/r1i1p1f1/Omon/tos/gn/v20200630/tos_Omon_TaiESM1_historical_r1i1p1f1_gn_200101-200112.nc', '/g/data/oi10/replicas/CMIP6/CMIP/AS-RCEC/TaiESM1/historical/r1i1p1f1/Omon/tos/gn/v20200630/tos_Omon_TaiESM1_historical_r1i1p1f1_gn_200201-200212.nc', '/g/data/oi10/replicas/CMIP6/CMIP/AS-RCEC/TaiESM1/historical/r1i1p1f1/Omon/tos/gn/v20200630/tos_Omon_TaiESM1_historical_r1i1p1f1_gn_200301-200312.nc', '/g/data/oi10/replicas/CMIP6/CMIP/AS-RCEC/TaiESM1/historical/r1i1p1f1/Omon/tos/gn/v20200630/tos_Omon_TaiESM1_historical_r1i1p1f1_gn_200401-200412.nc', '/g/data/oi10/replicas/CMIP6/CMIP/AS-RCEC/TaiESM1/historical/r1i1p1f1/Omon/tos/gn/v20200630/tos_Omon_TaiESM1_historical_r1i1p1f1_gn_200501-200512.nc', '/g/data/oi10/replicas/CMIP6/CMIP/AS-RCEC/TaiESM1/historical/r1i1p1f1/Omon/tos/gn/v20200630/tos_Omon_TaiESM1_historical_r1i1p1f1_gn_200601-200612.nc', '/g/data/oi10/replicas/CMIP6/CMIP/AS-RCEC/TaiESM1/historical/r1i1p1f1/Omon/tos/gn/v20200630/tos_Omon_TaiESM1_historical_r1i1p1f1_gn_200701-200712.nc', '/g/data/oi10/replicas/CMIP6/CMIP/AS-RCEC/TaiESM1/historical/r1i1p1f1/Omon/tos/gn/v20200630/tos_Omon_TaiESM1_historical_r1i1p1f1_gn_200801-200812.nc', '/g/data/oi10/replicas/CMIP6/CMIP/AS-RCEC/TaiESM1/historical/r1i1p1f1/Omon/tos/gn/v20200630/tos_Omon_TaiESM1_historical_r1i1p1f1_gn_200901-200912.nc', '/g/data/oi10/replicas/CMIP6/CMIP/AS-RCEC/TaiESM1/historical/r1i1p1f1/Omon/tos/gn/v20200630/tos_Omon_TaiESM1_historical_r1i1p1f1_gn_201001-201012.nc', '/g/data/oi10/replicas/CMIP6/CMIP/AS-RCEC/TaiESM1/historical/r1i1p1f1/Omon/tos/gn/v20200630/tos_Omon_TaiESM1_historical_r1i1p1f1_gn_201101-201112.nc', '/g/data/oi10/replicas/CMIP6/CMIP/AS-RCEC/TaiESM1/historical/r1i1p1f1/Omon/tos/gn/v20200630/tos_Omon_TaiESM1_historical_r1i1p1f1_gn_201201-201212.nc', '/g/data/oi10/replicas/CMIP6/CMIP/AS-RCEC/TaiESM1/historical/r1i1p1f1/Omon/tos/gn/v20200630/tos_Omon_TaiESM1_historical_r1i1p1f1_gn_201301-201312.nc', '/g/data/oi10/replicas/CMIP6/CMIP/AS-RCEC/TaiESM1/historical/r1i1p1f1/Omon/tos/gn/v20200630/tos_Omon_TaiESM1_historical_r1i1p1f1_gn_201401-201412.nc']; original error: did not find a match in any of xarray's currently installed IO backends ['netcdf4', 'scipy']. Consider explicitly selecting one of the installed engines via the ``engine`` parameter, or installing additional IO dependencies, see:
https://docs.xarray.dev/en/stable/getting-started-guide/installing.html
https://docs.xarray.dev/en/stable/user-guide/io.html
Traceback (most recent call last):
  File "/scratch/p66/ars599/enso_metrics_env/lib/python3.11/site-packages/EnsoMetrics/EnsoComputeMetricsLib.py", line 456, in ComputeCollection
    valu, vame, dive, dime = ComputeMetric(
                             ^^^^^^^^^^^^^^
  File "/scratch/p66/ars599/enso_metrics_env/lib/python3.11/site-packages/EnsoMetrics/EnsoComputeMetricsLib.py", line 1106, in ComputeMetric
    diagnostic1[output_name] = dict_oneVar_modelAndObs[metric](
                               ^^^^^^^^^^^^^^^^^^^^^^^^^^^^^^^^
  File "/scratch/p66/ars599/enso_metrics_env/lib/python3.11/site-packages/EnsoMetrics/EnsoMetricsLib.py", line 14793, in EnsoSstLonRmse
    sst_mod, mod_areacell, keyerror_mod1 = Read_data_mask_area(
                                           ^^^^^^^^^^^^^^^^^^^^
  File "/scratch/p66/ars599/enso_metrics_env/lib/python3.11/site-packages/EnsoMetrics/EnsoUvcdatToolsLib.py", line 7371, in Read_data_mask_area
    variable, keyerror1 = ReadSelectRegionCheckUnits(file_data, name_data, type_data, box=region,
                          ^^^^^^^^^^^^^^^^^^^^^^^^^^^^^^^^^^^^^^^^^^^^^^^^^^^^^^^^^^^^^^^^^^^^^^^
  File "/scratch/p66/ars599/enso_metrics_env/lib/python3.11/site-packages/EnsoMetrics/EnsoUvcdatToolsLib.py", line 7353, in ReadSelectRegionCheckUnits
    tab = ReadAndSelectRegion(filename, varname, box=box, time_bounds=time_bounds, frequency=frequency)
          ^^^^^^^^^^^^^^^^^^^^^^^^^^^^^^^^^^^^^^^^^^^^^^^^^^^^^^^^^^^^^^^^^^^^^^^^^^^^^^^^^^^^^^^^^^^^^
  File "/scratch/p66/ars599/enso_metrics_env/lib/python3.11/site-packages/EnsoMetrics/EnsoUvcdatToolsLib.py", line 5420, in ReadAndSelectRegion
    tab = fi(varname, time=time_bounds, latitude=region_ref["latitude"], longitude=region_ref["longitude"])
          ^^^^^^^^^^^^^^^^^^^^^^^^^^^^^^^^^^^^^^^^^^^^^^^^^^^^^^^^^^^^^^^^^^^^^^^^^^^^^^^^^^^^^^^^^^^^^^^^^
  File "/scratch/p66/ars599/enso_metrics_env/lib/python3.11/site-packages/EnsoMetrics/EnsoUvcdatToolsLib.py", line 2075, in __call__
    raise OSError(
OSError: File not open for reading: ['/g/data/oi10/replicas/CMIP6/CMIP/AS-RCEC/TaiESM1/historical/r1i1p1f1/Omon/tos/gn/v20200630/tos_Omon_TaiESM1_historical_r1i1p1f1_gn_185001-185012.nc', '/g/data/oi10/replicas/CMIP6/CMIP/AS-RCEC/TaiESM1/historical/r1i1p1f1/Omon/tos/gn/v20200630/tos_Omon_TaiESM1_historical_r1i1p1f1_gn_185101-185112.nc', '/g/data/oi10/replicas/CMIP6/CMIP/AS-RCEC/TaiESM1/historical/r1i1p1f1/Omon/tos/gn/v20200630/tos_Omon_TaiESM1_historical_r1i1p1f1_gn_185201-185212.nc', '/g/data/oi10/replicas/CMIP6/CMIP/AS-RCEC/TaiESM1/historical/r1i1p1f1/Omon/tos/gn/v20200630/tos_Omon_TaiESM1_historical_r1i1p1f1_gn_185301-185312.nc', '/g/data/oi10/replicas/CMIP6/CMIP/AS-RCEC/TaiESM1/historical/r1i1p1f1/Omon/tos/gn/v20200630/tos_Omon_TaiESM1_historical_r1i1p1f1_gn_185401-185412.nc', '/g/data/oi10/replicas/CMIP6/CMIP/AS-RCEC/TaiESM1/historical/r1i1p1f1/Omon/tos/gn/v20200630/tos_Omon_TaiESM1_historical_r1i1p1f1_gn_185501-185512.nc', '/g/data/oi10/replicas/CMIP6/CMIP/AS-RCEC/TaiESM1/historical/r1i1p1f1/Omon/tos/gn/v20200630/tos_Omon_TaiESM1_historical_r1i1p1f1_gn_185601-185612.nc', '/g/data/oi10/replicas/CMIP6/CMIP/AS-RCEC/TaiESM1/historical/r1i1p1f1/Omon/tos/gn/v20200630/tos_Omon_TaiESM1_historical_r1i1p1f1_gn_185701-185712.nc', '/g/data/oi10/replicas/CMIP6/CMIP/AS-RCEC/TaiESM1/historical/r1i1p1f1/Omon/tos/gn/v20200630/tos_Omon_TaiESM1_historical_r1i1p1f1_gn_185801-185812.nc', '/g/data/oi10/replicas/CMIP6/CMIP/AS-RCEC/TaiESM1/historical/r1i1p1f1/Omon/tos/gn/v20200630/tos_Omon_TaiESM1_historical_r1i1p1f1_gn_185901-185912.nc', '/g/data/oi10/replicas/CMIP6/CMIP/AS-RCEC/TaiESM1/historical/r1i1p1f1/Omon/tos/gn/v20200630/tos_Omon_TaiESM1_historical_r1i1p1f1_gn_186001-186012.nc', '/g/data/oi10/replicas/CMIP6/CMIP/AS-RCEC/TaiESM1/historical/r1i1p1f1/Omon/tos/gn/v20200630/tos_Omon_TaiESM1_historical_r1i1p1f1_gn_186101-186112.nc', '/g/data/oi10/replicas/CMIP6/CMIP/AS-RCEC/TaiESM1/historical/r1i1p1f1/Omon/tos/gn/v20200630/tos_Omon_TaiESM1_historical_r1i1p1f1_gn_186201-186212.nc', '/g/data/oi10/replicas/CMIP6/CMIP/AS-RCEC/TaiESM1/historical/r1i1p1f1/Omon/tos/gn/v20200630/tos_Omon_TaiESM1_historical_r1i1p1f1_gn_186301-186312.nc', '/g/data/oi10/replicas/CMIP6/CMIP/AS-RCEC/TaiESM1/historical/r1i1p1f1/Omon/tos/gn/v20200630/tos_Omon_TaiESM1_historical_r1i1p1f1_gn_186401-186412.nc', '/g/data/oi10/replicas/CMIP6/CMIP/AS-RCEC/TaiESM1/historical/r1i1p1f1/Omon/tos/gn/v20200630/tos_Omon_TaiESM1_historical_r1i1p1f1_gn_186501-186512.nc', '/g/data/oi10/replicas/CMIP6/CMIP/AS-RCEC/TaiESM1/historical/r1i1p1f1/Omon/tos/gn/v20200630/tos_Omon_TaiESM1_historical_r1i1p1f1_gn_186601-186612.nc', '/g/data/oi10/replicas/CMIP6/CMIP/AS-RCEC/TaiESM1/historical/r1i1p1f1/Omon/tos/gn/v20200630/tos_Omon_TaiESM1_historical_r1i1p1f1_gn_186701-186712.nc', '/g/data/oi10/replicas/CMIP6/CMIP/AS-RCEC/TaiESM1/historical/r1i1p1f1/Omon/tos/gn/v20200630/tos_Omon_TaiESM1_historical_r1i1p1f1_gn_186801-186812.nc', '/g/data/oi10/replicas/CMIP6/CMIP/AS-RCEC/TaiESM1/historical/r1i1p1f1/Omon/tos/gn/v20200630/tos_Omon_TaiESM1_historical_r1i1p1f1_gn_186901-186912.nc', '/g/data/oi10/replicas/CMIP6/CMIP/AS-RCEC/TaiESM1/historical/r1i1p1f1/Omon/tos/gn/v20200630/tos_Omon_TaiESM1_historical_r1i1p1f1_gn_187001-187012.nc', '/g/data/oi10/replicas/CMIP6/CMIP/AS-RCEC/TaiESM1/historical/r1i1p1f1/Omon/tos/gn/v20200630/tos_Omon_TaiESM1_historical_r1i1p1f1_gn_187101-187112.nc', '/g/data/oi10/replicas/CMIP6/CMIP/AS-RCEC/TaiESM1/historical/r1i1p1f1/Omon/tos/gn/v20200630/tos_Omon_TaiESM1_historical_r1i1p1f1_gn_187201-187212.nc', '/g/data/oi10/replicas/CMIP6/CMIP/AS-RCEC/TaiESM1/historical/r1i1p1f1/Omon/tos/gn/v20200630/tos_Omon_TaiESM1_historical_r1i1p1f1_gn_187301-187312.nc', '/g/data/oi10/replicas/CMIP6/CMIP/AS-RCEC/TaiESM1/historical/r1i1p1f1/Omon/tos/gn/v20200630/tos_Omon_TaiESM1_historical_r1i1p1f1_gn_187401-187412.nc', '/g/data/oi10/replicas/CMIP6/CMIP/AS-RCEC/TaiESM1/historical/r1i1p1f1/Omon/tos/gn/v20200630/tos_Omon_TaiESM1_historical_r1i1p1f1_gn_187501-187512.nc', '/g/data/oi10/replicas/CMIP6/CMIP/AS-RCEC/TaiESM1/historical/r1i1p1f1/Omon/tos/gn/v20200630/tos_Omon_TaiESM1_historical_r1i1p1f1_gn_187601-187612.nc', '/g/data/oi10/replicas/CMIP6/CMIP/AS-RCEC/TaiESM1/historical/r1i1p1f1/Omon/tos/gn/v20200630/tos_Omon_TaiESM1_historical_r1i1p1f1_gn_187701-187712.nc', '/g/data/oi10/replicas/CMIP6/CMIP/AS-RCEC/TaiESM1/historical/r1i1p1f1/Omon/tos/gn/v20200630/tos_Omon_TaiESM1_historical_r1i1p1f1_gn_187801-187812.nc', '/g/data/oi10/replicas/CMIP6/CMIP/AS-RCEC/TaiESM1/historical/r1i1p1f1/Omon/tos/gn/v20200630/tos_Omon_TaiESM1_historical_r1i1p1f1_gn_187901-187912.nc', '/g/data/oi10/replicas/CMIP6/CMIP/AS-RCEC/TaiESM1/historical/r1i1p1f1/Omon/tos/gn/v20200630/tos_Omon_TaiESM1_historical_r1i1p1f1_gn_188001-188012.nc', '/g/data/oi10/replicas/CMIP6/CMIP/AS-RCEC/TaiESM1/historical/r1i1p1f1/Omon/tos/gn/v20200630/tos_Omon_TaiESM1_historical_r1i1p1f1_gn_188101-188112.nc', '/g/data/oi10/replicas/CMIP6/CMIP/AS-RCEC/TaiESM1/historical/r1i1p1f1/Omon/tos/gn/v20200630/tos_Omon_TaiESM1_historical_r1i1p1f1_gn_188201-188212.nc', '/g/data/oi10/replicas/CMIP6/CMIP/AS-RCEC/TaiESM1/historical/r1i1p1f1/Omon/tos/gn/v20200630/tos_Omon_TaiESM1_historical_r1i1p1f1_gn_188301-188312.nc', '/g/data/oi10/replicas/CMIP6/CMIP/AS-RCEC/TaiESM1/historical/r1i1p1f1/Omon/tos/gn/v20200630/tos_Omon_TaiESM1_historical_r1i1p1f1_gn_188401-188412.nc', '/g/data/oi10/replicas/CMIP6/CMIP/AS-RCEC/TaiESM1/historical/r1i1p1f1/Omon/tos/gn/v20200630/tos_Omon_TaiESM1_historical_r1i1p1f1_gn_188501-188512.nc', '/g/data/oi10/replicas/CMIP6/CMIP/AS-RCEC/TaiESM1/historical/r1i1p1f1/Omon/tos/gn/v20200630/tos_Omon_TaiESM1_historical_r1i1p1f1_gn_188601-188612.nc', '/g/data/oi10/replicas/CMIP6/CMIP/AS-RCEC/TaiESM1/historical/r1i1p1f1/Omon/tos/gn/v20200630/tos_Omon_TaiESM1_historical_r1i1p1f1_gn_188701-188712.nc', '/g/data/oi10/replicas/CMIP6/CMIP/AS-RCEC/TaiESM1/historical/r1i1p1f1/Omon/tos/gn/v20200630/tos_Omon_TaiESM1_historical_r1i1p1f1_gn_188801-188812.nc', '/g/data/oi10/replicas/CMIP6/CMIP/AS-RCEC/TaiESM1/historical/r1i1p1f1/Omon/tos/gn/v20200630/tos_Omon_TaiESM1_historical_r1i1p1f1_gn_188901-188912.nc', '/g/data/oi10/replicas/CMIP6/CMIP/AS-RCEC/TaiESM1/historical/r1i1p1f1/Omon/tos/gn/v20200630/tos_Omon_TaiESM1_historical_r1i1p1f1_gn_189001-189012.nc', '/g/data/oi10/replicas/CMIP6/CMIP/AS-RCEC/TaiESM1/historical/r1i1p1f1/Omon/tos/gn/v20200630/tos_Omon_TaiESM1_historical_r1i1p1f1_gn_189101-189112.nc', '/g/data/oi10/replicas/CMIP6/CMIP/AS-RCEC/TaiESM1/historical/r1i1p1f1/Omon/tos/gn/v20200630/tos_Omon_TaiESM1_historical_r1i1p1f1_gn_189201-189212.nc', '/g/data/oi10/replicas/CMIP6/CMIP/AS-RCEC/TaiESM1/historical/r1i1p1f1/Omon/tos/gn/v20200630/tos_Omon_TaiESM1_historical_r1i1p1f1_gn_189301-189312.nc', '/g/data/oi10/replicas/CMIP6/CMIP/AS-RCEC/TaiESM1/historical/r1i1p1f1/Omon/tos/gn/v20200630/tos_Omon_TaiESM1_historical_r1i1p1f1_gn_189401-189412.nc', '/g/data/oi10/replicas/CMIP6/CMIP/AS-RCEC/TaiESM1/historical/r1i1p1f1/Omon/tos/gn/v20200630/tos_Omon_TaiESM1_historical_r1i1p1f1_gn_189501-189512.nc', '/g/data/oi10/replicas/CMIP6/CMIP/AS-RCEC/TaiESM1/historical/r1i1p1f1/Omon/tos/gn/v20200630/tos_Omon_TaiESM1_historical_r1i1p1f1_gn_189601-189612.nc', '/g/data/oi10/replicas/CMIP6/CMIP/AS-RCEC/TaiESM1/historical/r1i1p1f1/Omon/tos/gn/v20200630/tos_Omon_TaiESM1_historical_r1i1p1f1_gn_189701-189712.nc', '/g/data/oi10/replicas/CMIP6/CMIP/AS-RCEC/TaiESM1/historical/r1i1p1f1/Omon/tos/gn/v20200630/tos_Omon_TaiESM1_historical_r1i1p1f1_gn_189801-189812.nc', '/g/data/oi10/replicas/CMIP6/CMIP/AS-RCEC/TaiESM1/historical/r1i1p1f1/Omon/tos/gn/v20200630/tos_Omon_TaiESM1_historical_r1i1p1f1_gn_189901-189912.nc', '/g/data/oi10/replicas/CMIP6/CMIP/AS-RCEC/TaiESM1/historical/r1i1p1f1/Omon/tos/gn/v20200630/tos_Omon_TaiESM1_historical_r1i1p1f1_gn_190001-190012.nc', '/g/data/oi10/replicas/CMIP6/CMIP/AS-RCEC/TaiESM1/historical/r1i1p1f1/Omon/tos/gn/v20200630/tos_Omon_TaiESM1_historical_r1i1p1f1_gn_190101-190112.nc', '/g/data/oi10/replicas/CMIP6/CMIP/AS-RCEC/TaiESM1/historical/r1i1p1f1/Omon/tos/gn/v20200630/tos_Omon_TaiESM1_historical_r1i1p1f1_gn_190201-190212.nc', '/g/data/oi10/replicas/CMIP6/CMIP/AS-RCEC/TaiESM1/historical/r1i1p1f1/Omon/tos/gn/v20200630/tos_Omon_TaiESM1_historical_r1i1p1f1_gn_190301-190312.nc', '/g/data/oi10/replicas/CMIP6/CMIP/AS-RCEC/TaiESM1/historical/r1i1p1f1/Omon/tos/gn/v20200630/tos_Omon_TaiESM1_historical_r1i1p1f1_gn_190401-190412.nc', '/g/data/oi10/replicas/CMIP6/CMIP/AS-RCEC/TaiESM1/historical/r1i1p1f1/Omon/tos/gn/v20200630/tos_Omon_TaiESM1_historical_r1i1p1f1_gn_190501-190512.nc', '/g/data/oi10/replicas/CMIP6/CMIP/AS-RCEC/TaiESM1/historical/r1i1p1f1/Omon/tos/gn/v20200630/tos_Omon_TaiESM1_historical_r1i1p1f1_gn_190601-190612.nc', '/g/data/oi10/replicas/CMIP6/CMIP/AS-RCEC/TaiESM1/historical/r1i1p1f1/Omon/tos/gn/v20200630/tos_Omon_TaiESM1_historical_r1i1p1f1_gn_190701-190712.nc', '/g/data/oi10/replicas/CMIP6/CMIP/AS-RCEC/TaiESM1/historical/r1i1p1f1/Omon/tos/gn/v20200630/tos_Omon_TaiESM1_historical_r1i1p1f1_gn_190801-190812.nc', '/g/data/oi10/replicas/CMIP6/CMIP/AS-RCEC/TaiESM1/historical/r1i1p1f1/Omon/tos/gn/v20200630/tos_Omon_TaiESM1_historical_r1i1p1f1_gn_190901-190912.nc', '/g/data/oi10/replicas/CMIP6/CMIP/AS-RCEC/TaiESM1/historical/r1i1p1f1/Omon/tos/gn/v20200630/tos_Omon_TaiESM1_historical_r1i1p1f1_gn_191001-191012.nc', '/g/data/oi10/replicas/CMIP6/CMIP/AS-RCEC/TaiESM1/historical/r1i1p1f1/Omon/tos/gn/v20200630/tos_Omon_TaiESM1_historical_r1i1p1f1_gn_191101-191112.nc', '/g/data/oi10/replicas/CMIP6/CMIP/AS-RCEC/TaiESM1/historical/r1i1p1f1/Omon/tos/gn/v20200630/tos_Omon_TaiESM1_historical_r1i1p1f1_gn_191201-191212.nc', '/g/data/oi10/replicas/CMIP6/CMIP/AS-RCEC/TaiESM1/historical/r1i1p1f1/Omon/tos/gn/v20200630/tos_Omon_TaiESM1_historical_r1i1p1f1_gn_191301-191312.nc', '/g/data/oi10/replicas/CMIP6/CMIP/AS-RCEC/TaiESM1/historical/r1i1p1f1/Omon/tos/gn/v20200630/tos_Omon_TaiESM1_historical_r1i1p1f1_gn_191401-191412.nc', '/g/data/oi10/replicas/CMIP6/CMIP/AS-RCEC/TaiESM1/historical/r1i1p1f1/Omon/tos/gn/v20200630/tos_Omon_TaiESM1_historical_r1i1p1f1_gn_191501-191512.nc', '/g/data/oi10/replicas/CMIP6/CMIP/AS-RCEC/TaiESM1/historical/r1i1p1f1/Omon/tos/gn/v20200630/tos_Omon_TaiESM1_historical_r1i1p1f1_gn_191601-191612.nc', '/g/data/oi10/replicas/CMIP6/CMIP/AS-RCEC/TaiESM1/historical/r1i1p1f1/Omon/tos/gn/v20200630/tos_Omon_TaiESM1_historical_r1i1p1f1_gn_191701-191712.nc', '/g/data/oi10/replicas/CMIP6/CMIP/AS-RCEC/TaiESM1/historical/r1i1p1f1/Omon/tos/gn/v20200630/tos_Omon_TaiESM1_historical_r1i1p1f1_gn_191801-191812.nc', '/g/data/oi10/replicas/CMIP6/CMIP/AS-RCEC/TaiESM1/historical/r1i1p1f1/Omon/tos/gn/v20200630/tos_Omon_TaiESM1_historical_r1i1p1f1_gn_191901-191912.nc', '/g/data/oi10/replicas/CMIP6/CMIP/AS-RCEC/TaiESM1/historical/r1i1p1f1/Omon/tos/gn/v20200630/tos_Omon_TaiESM1_historical_r1i1p1f1_gn_192001-192012.nc', '/g/data/oi10/replicas/CMIP6/CMIP/AS-RCEC/TaiESM1/historical/r1i1p1f1/Omon/tos/gn/v20200630/tos_Omon_TaiESM1_historical_r1i1p1f1_gn_192101-192112.nc', '/g/data/oi10/replicas/CMIP6/CMIP/AS-RCEC/TaiESM1/historical/r1i1p1f1/Omon/tos/gn/v20200630/tos_Omon_TaiESM1_historical_r1i1p1f1_gn_192201-192212.nc', '/g/data/oi10/replicas/CMIP6/CMIP/AS-RCEC/TaiESM1/historical/r1i1p1f1/Omon/tos/gn/v20200630/tos_Omon_TaiESM1_historical_r1i1p1f1_gn_192301-192312.nc', '/g/data/oi10/replicas/CMIP6/CMIP/AS-RCEC/TaiESM1/historical/r1i1p1f1/Omon/tos/gn/v20200630/tos_Omon_TaiESM1_historical_r1i1p1f1_gn_192401-192412.nc', '/g/data/oi10/replicas/CMIP6/CMIP/AS-RCEC/TaiESM1/historical/r1i1p1f1/Omon/tos/gn/v20200630/tos_Omon_TaiESM1_historical_r1i1p1f1_gn_192501-192512.nc', '/g/data/oi10/replicas/CMIP6/CMIP/AS-RCEC/TaiESM1/historical/r1i1p1f1/Omon/tos/gn/v20200630/tos_Omon_TaiESM1_historical_r1i1p1f1_gn_192601-192612.nc', '/g/data/oi10/replicas/CMIP6/CMIP/AS-RCEC/TaiESM1/historical/r1i1p1f1/Omon/tos/gn/v20200630/tos_Omon_TaiESM1_historical_r1i1p1f1_gn_192701-192712.nc', '/g/data/oi10/replicas/CMIP6/CMIP/AS-RCEC/TaiESM1/historical/r1i1p1f1/Omon/tos/gn/v20200630/tos_Omon_TaiESM1_historical_r1i1p1f1_gn_192801-192812.nc', '/g/data/oi10/replicas/CMIP6/CMIP/AS-RCEC/TaiESM1/historical/r1i1p1f1/Omon/tos/gn/v20200630/tos_Omon_TaiESM1_historical_r1i1p1f1_gn_192901-192912.nc', '/g/data/oi10/replicas/CMIP6/CMIP/AS-RCEC/TaiESM1/historical/r1i1p1f1/Omon/tos/gn/v20200630/tos_Omon_TaiESM1_historical_r1i1p1f1_gn_193001-193012.nc', '/g/data/oi10/replicas/CMIP6/CMIP/AS-RCEC/TaiESM1/historical/r1i1p1f1/Omon/tos/gn/v20200630/tos_Omon_TaiESM1_historical_r1i1p1f1_gn_193101-193112.nc', '/g/data/oi10/replicas/CMIP6/CMIP/AS-RCEC/TaiESM1/historical/r1i1p1f1/Omon/tos/gn/v20200630/tos_Omon_TaiESM1_historical_r1i1p1f1_gn_193201-193212.nc', '/g/data/oi10/replicas/CMIP6/CMIP/AS-RCEC/TaiESM1/historical/r1i1p1f1/Omon/tos/gn/v20200630/tos_Omon_TaiESM1_historical_r1i1p1f1_gn_193301-193312.nc', '/g/data/oi10/replicas/CMIP6/CMIP/AS-RCEC/TaiESM1/historical/r1i1p1f1/Omon/tos/gn/v20200630/tos_Omon_TaiESM1_historical_r1i1p1f1_gn_193401-193412.nc', '/g/data/oi10/replicas/CMIP6/CMIP/AS-RCEC/TaiESM1/historical/r1i1p1f1/Omon/tos/gn/v20200630/tos_Omon_TaiESM1_historical_r1i1p1f1_gn_193501-193512.nc', '/g/data/oi10/replicas/CMIP6/CMIP/AS-RCEC/TaiESM1/historical/r1i1p1f1/Omon/tos/gn/v20200630/tos_Omon_TaiESM1_historical_r1i1p1f1_gn_193601-193612.nc', '/g/data/oi10/replicas/CMIP6/CMIP/AS-RCEC/TaiESM1/historical/r1i1p1f1/Omon/tos/gn/v20200630/tos_Omon_TaiESM1_historical_r1i1p1f1_gn_193701-193712.nc', '/g/data/oi10/replicas/CMIP6/CMIP/AS-RCEC/TaiESM1/historical/r1i1p1f1/Omon/tos/gn/v20200630/tos_Omon_TaiESM1_historical_r1i1p1f1_gn_193801-193812.nc', '/g/data/oi10/replicas/CMIP6/CMIP/AS-RCEC/TaiESM1/historical/r1i1p1f1/Omon/tos/gn/v20200630/tos_Omon_TaiESM1_historical_r1i1p1f1_gn_193901-193912.nc', '/g/data/oi10/replicas/CMIP6/CMIP/AS-RCEC/TaiESM1/historical/r1i1p1f1/Omon/tos/gn/v20200630/tos_Omon_TaiESM1_historical_r1i1p1f1_gn_194001-194012.nc', '/g/data/oi10/replicas/CMIP6/CMIP/AS-RCEC/TaiESM1/historical/r1i1p1f1/Omon/tos/gn/v20200630/tos_Omon_TaiESM1_historical_r1i1p1f1_gn_194101-194112.nc', '/g/data/oi10/replicas/CMIP6/CMIP/AS-RCEC/TaiESM1/historical/r1i1p1f1/Omon/tos/gn/v20200630/tos_Omon_TaiESM1_historical_r1i1p1f1_gn_194201-194212.nc', '/g/data/oi10/replicas/CMIP6/CMIP/AS-RCEC/TaiESM1/historical/r1i1p1f1/Omon/tos/gn/v20200630/tos_Omon_TaiESM1_historical_r1i1p1f1_gn_194301-194312.nc', '/g/data/oi10/replicas/CMIP6/CMIP/AS-RCEC/TaiESM1/historical/r1i1p1f1/Omon/tos/gn/v20200630/tos_Omon_TaiESM1_historical_r1i1p1f1_gn_194401-194412.nc', '/g/data/oi10/replicas/CMIP6/CMIP/AS-RCEC/TaiESM1/historical/r1i1p1f1/Omon/tos/gn/v20200630/tos_Omon_TaiESM1_historical_r1i1p1f1_gn_194501-194512.nc', '/g/data/oi10/replicas/CMIP6/CMIP/AS-RCEC/TaiESM1/historical/r1i1p1f1/Omon/tos/gn/v20200630/tos_Omon_TaiESM1_historical_r1i1p1f1_gn_194601-194612.nc', '/g/data/oi10/replicas/CMIP6/CMIP/AS-RCEC/TaiESM1/historical/r1i1p1f1/Omon/tos/gn/v20200630/tos_Omon_TaiESM1_historical_r1i1p1f1_gn_194701-194712.nc', '/g/data/oi10/replicas/CMIP6/CMIP/AS-RCEC/TaiESM1/historical/r1i1p1f1/Omon/tos/gn/v20200630/tos_Omon_TaiESM1_historical_r1i1p1f1_gn_194801-194812.nc', '/g/data/oi10/replicas/CMIP6/CMIP/AS-RCEC/TaiESM1/historical/r1i1p1f1/Omon/tos/gn/v20200630/tos_Omon_TaiESM1_historical_r1i1p1f1_gn_194901-194912.nc', '/g/data/oi10/replicas/CMIP6/CMIP/AS-RCEC/TaiESM1/historical/r1i1p1f1/Omon/tos/gn/v20200630/tos_Omon_TaiESM1_historical_r1i1p1f1_gn_195001-195012.nc', '/g/data/oi10/replicas/CMIP6/CMIP/AS-RCEC/TaiESM1/historical/r1i1p1f1/Omon/tos/gn/v20200630/tos_Omon_TaiESM1_historical_r1i1p1f1_gn_195101-195112.nc', '/g/data/oi10/replicas/CMIP6/CMIP/AS-RCEC/TaiESM1/historical/r1i1p1f1/Omon/tos/gn/v20200630/tos_Omon_TaiESM1_historical_r1i1p1f1_gn_195201-195212.nc', '/g/data/oi10/replicas/CMIP6/CMIP/AS-RCEC/TaiESM1/historical/r1i1p1f1/Omon/tos/gn/v20200630/tos_Omon_TaiESM1_historical_r1i1p1f1_gn_195301-195312.nc', '/g/data/oi10/replicas/CMIP6/CMIP/AS-RCEC/TaiESM1/historical/r1i1p1f1/Omon/tos/gn/v20200630/tos_Omon_TaiESM1_historical_r1i1p1f1_gn_195401-195412.nc', '/g/data/oi10/replicas/CMIP6/CMIP/AS-RCEC/TaiESM1/historical/r1i1p1f1/Omon/tos/gn/v20200630/tos_Omon_TaiESM1_historical_r1i1p1f1_gn_195501-195512.nc', '/g/data/oi10/replicas/CMIP6/CMIP/AS-RCEC/TaiESM1/historical/r1i1p1f1/Omon/tos/gn/v20200630/tos_Omon_TaiESM1_historical_r1i1p1f1_gn_195601-195612.nc', '/g/data/oi10/replicas/CMIP6/CMIP/AS-RCEC/TaiESM1/historical/r1i1p1f1/Omon/tos/gn/v20200630/tos_Omon_TaiESM1_historical_r1i1p1f1_gn_195701-195712.nc', '/g/data/oi10/replicas/CMIP6/CMIP/AS-RCEC/TaiESM1/historical/r1i1p1f1/Omon/tos/gn/v20200630/tos_Omon_TaiESM1_historical_r1i1p1f1_gn_195801-195812.nc', '/g/data/oi10/replicas/CMIP6/CMIP/AS-RCEC/TaiESM1/historical/r1i1p1f1/Omon/tos/gn/v20200630/tos_Omon_TaiESM1_historical_r1i1p1f1_gn_195901-195912.nc', '/g/data/oi10/replicas/CMIP6/CMIP/AS-RCEC/TaiESM1/historical/r1i1p1f1/Omon/tos/gn/v20200630/tos_Omon_TaiESM1_historical_r1i1p1f1_gn_196001-196012.nc', '/g/data/oi10/replicas/CMIP6/CMIP/AS-RCEC/TaiESM1/historical/r1i1p1f1/Omon/tos/gn/v20200630/tos_Omon_TaiESM1_historical_r1i1p1f1_gn_196101-196112.nc', '/g/data/oi10/replicas/CMIP6/CMIP/AS-RCEC/TaiESM1/historical/r1i1p1f1/Omon/tos/gn/v20200630/tos_Omon_TaiESM1_historical_r1i1p1f1_gn_196201-196212.nc', '/g/data/oi10/replicas/CMIP6/CMIP/AS-RCEC/TaiESM1/historical/r1i1p1f1/Omon/tos/gn/v20200630/tos_Omon_TaiESM1_historical_r1i1p1f1_gn_196301-196312.nc', '/g/data/oi10/replicas/CMIP6/CMIP/AS-RCEC/TaiESM1/historical/r1i1p1f1/Omon/tos/gn/v20200630/tos_Omon_TaiESM1_historical_r1i1p1f1_gn_196401-196412.nc', '/g/data/oi10/replicas/CMIP6/CMIP/AS-RCEC/TaiESM1/historical/r1i1p1f1/Omon/tos/gn/v20200630/tos_Omon_TaiESM1_historical_r1i1p1f1_gn_196501-196512.nc', '/g/data/oi10/replicas/CMIP6/CMIP/AS-RCEC/TaiESM1/historical/r1i1p1f1/Omon/tos/gn/v20200630/tos_Omon_TaiESM1_historical_r1i1p1f1_gn_196601-196612.nc', '/g/data/oi10/replicas/CMIP6/CMIP/AS-RCEC/TaiESM1/historical/r1i1p1f1/Omon/tos/gn/v20200630/tos_Omon_TaiESM1_historical_r1i1p1f1_gn_196701-196712.nc', '/g/data/oi10/replicas/CMIP6/CMIP/AS-RCEC/TaiESM1/historical/r1i1p1f1/Omon/tos/gn/v20200630/tos_Omon_TaiESM1_historical_r1i1p1f1_gn_196801-196812.nc', '/g/data/oi10/replicas/CMIP6/CMIP/AS-RCEC/TaiESM1/historical/r1i1p1f1/Omon/tos/gn/v20200630/tos_Omon_TaiESM1_historical_r1i1p1f1_gn_196901-196912.nc', '/g/data/oi10/replicas/CMIP6/CMIP/AS-RCEC/TaiESM1/historical/r1i1p1f1/Omon/tos/gn/v20200630/tos_Omon_TaiESM1_historical_r1i1p1f1_gn_197001-197012.nc', '/g/data/oi10/replicas/CMIP6/CMIP/AS-RCEC/TaiESM1/historical/r1i1p1f1/Omon/tos/gn/v20200630/tos_Omon_TaiESM1_historical_r1i1p1f1_gn_197101-197112.nc', '/g/data/oi10/replicas/CMIP6/CMIP/AS-RCEC/TaiESM1/historical/r1i1p1f1/Omon/tos/gn/v20200630/tos_Omon_TaiESM1_historical_r1i1p1f1_gn_197201-197212.nc', '/g/data/oi10/replicas/CMIP6/CMIP/AS-RCEC/TaiESM1/historical/r1i1p1f1/Omon/tos/gn/v20200630/tos_Omon_TaiESM1_historical_r1i1p1f1_gn_197301-197312.nc', '/g/data/oi10/replicas/CMIP6/CMIP/AS-RCEC/TaiESM1/historical/r1i1p1f1/Omon/tos/gn/v20200630/tos_Omon_TaiESM1_historical_r1i1p1f1_gn_197401-197412.nc', '/g/data/oi10/replicas/CMIP6/CMIP/AS-RCEC/TaiESM1/historical/r1i1p1f1/Omon/tos/gn/v20200630/tos_Omon_TaiESM1_historical_r1i1p1f1_gn_197501-197512.nc', '/g/data/oi10/replicas/CMIP6/CMIP/AS-RCEC/TaiESM1/historical/r1i1p1f1/Omon/tos/gn/v20200630/tos_Omon_TaiESM1_historical_r1i1p1f1_gn_197601-197612.nc', '/g/data/oi10/replicas/CMIP6/CMIP/AS-RCEC/TaiESM1/historical/r1i1p1f1/Omon/tos/gn/v20200630/tos_Omon_TaiESM1_historical_r1i1p1f1_gn_197701-197712.nc', '/g/data/oi10/replicas/CMIP6/CMIP/AS-RCEC/TaiESM1/historical/r1i1p1f1/Omon/tos/gn/v20200630/tos_Omon_TaiESM1_historical_r1i1p1f1_gn_197801-197812.nc', '/g/data/oi10/replicas/CMIP6/CMIP/AS-RCEC/TaiESM1/historical/r1i1p1f1/Omon/tos/gn/v20200630/tos_Omon_TaiESM1_historical_r1i1p1f1_gn_197901-197912.nc', '/g/data/oi10/replicas/CMIP6/CMIP/AS-RCEC/TaiESM1/historical/r1i1p1f1/Omon/tos/gn/v20200630/tos_Omon_TaiESM1_historical_r1i1p1f1_gn_198001-198012.nc', '/g/data/oi10/replicas/CMIP6/CMIP/AS-RCEC/TaiESM1/historical/r1i1p1f1/Omon/tos/gn/v20200630/tos_Omon_TaiESM1_historical_r1i1p1f1_gn_198101-198112.nc', '/g/data/oi10/replicas/CMIP6/CMIP/AS-RCEC/TaiESM1/historical/r1i1p1f1/Omon/tos/gn/v20200630/tos_Omon_TaiESM1_historical_r1i1p1f1_gn_198201-198212.nc', '/g/data/oi10/replicas/CMIP6/CMIP/AS-RCEC/TaiESM1/historical/r1i1p1f1/Omon/tos/gn/v20200630/tos_Omon_TaiESM1_historical_r1i1p1f1_gn_198301-198312.nc', '/g/data/oi10/replicas/CMIP6/CMIP/AS-RCEC/TaiESM1/historical/r1i1p1f1/Omon/tos/gn/v20200630/tos_Omon_TaiESM1_historical_r1i1p1f1_gn_198401-198412.nc', '/g/data/oi10/replicas/CMIP6/CMIP/AS-RCEC/TaiESM1/historical/r1i1p1f1/Omon/tos/gn/v20200630/tos_Omon_TaiESM1_historical_r1i1p1f1_gn_198501-198512.nc', '/g/data/oi10/replicas/CMIP6/CMIP/AS-RCEC/TaiESM1/historical/r1i1p1f1/Omon/tos/gn/v20200630/tos_Omon_TaiESM1_historical_r1i1p1f1_gn_198601-198612.nc', '/g/data/oi10/replicas/CMIP6/CMIP/AS-RCEC/TaiESM1/historical/r1i1p1f1/Omon/tos/gn/v20200630/tos_Omon_TaiESM1_historical_r1i1p1f1_gn_198701-198712.nc', '/g/data/oi10/replicas/CMIP6/CMIP/AS-RCEC/TaiESM1/historical/r1i1p1f1/Omon/tos/gn/v20200630/tos_Omon_TaiESM1_historical_r1i1p1f1_gn_198801-198812.nc', '/g/data/oi10/replicas/CMIP6/CMIP/AS-RCEC/TaiESM1/historical/r1i1p1f1/Omon/tos/gn/v20200630/tos_Omon_TaiESM1_historical_r1i1p1f1_gn_198901-198912.nc', '/g/data/oi10/replicas/CMIP6/CMIP/AS-RCEC/TaiESM1/historical/r1i1p1f1/Omon/tos/gn/v20200630/tos_Omon_TaiESM1_historical_r1i1p1f1_gn_199001-199012.nc', '/g/data/oi10/replicas/CMIP6/CMIP/AS-RCEC/TaiESM1/historical/r1i1p1f1/Omon/tos/gn/v20200630/tos_Omon_TaiESM1_historical_r1i1p1f1_gn_199101-199112.nc', '/g/data/oi10/replicas/CMIP6/CMIP/AS-RCEC/TaiESM1/historical/r1i1p1f1/Omon/tos/gn/v20200630/tos_Omon_TaiESM1_historical_r1i1p1f1_gn_199201-199212.nc', '/g/data/oi10/replicas/CMIP6/CMIP/AS-RCEC/TaiESM1/historical/r1i1p1f1/Omon/tos/gn/v20200630/tos_Omon_TaiESM1_historical_r1i1p1f1_gn_199301-199312.nc', '/g/data/oi10/replicas/CMIP6/CMIP/AS-RCEC/TaiESM1/historical/r1i1p1f1/Omon/tos/gn/v20200630/tos_Omon_TaiESM1_historical_r1i1p1f1_gn_199401-199412.nc', '/g/data/oi10/replicas/CMIP6/CMIP/AS-RCEC/TaiESM1/historical/r1i1p1f1/Omon/tos/gn/v20200630/tos_Omon_TaiESM1_historical_r1i1p1f1_gn_199501-199512.nc', '/g/data/oi10/replicas/CMIP6/CMIP/AS-RCEC/TaiESM1/historical/r1i1p1f1/Omon/tos/gn/v20200630/tos_Omon_TaiESM1_historical_r1i1p1f1_gn_199601-199612.nc', '/g/data/oi10/replicas/CMIP6/CMIP/AS-RCEC/TaiESM1/historical/r1i1p1f1/Omon/tos/gn/v20200630/tos_Omon_TaiESM1_historical_r1i1p1f1_gn_199701-199712.nc', '/g/data/oi10/replicas/CMIP6/CMIP/AS-RCEC/TaiESM1/historical/r1i1p1f1/Omon/tos/gn/v20200630/tos_Omon_TaiESM1_historical_r1i1p1f1_gn_199801-199812.nc', '/g/data/oi10/replicas/CMIP6/CMIP/AS-RCEC/TaiESM1/historical/r1i1p1f1/Omon/tos/gn/v20200630/tos_Omon_TaiESM1_historical_r1i1p1f1_gn_199901-199912.nc', '/g/data/oi10/replicas/CMIP6/CMIP/AS-RCEC/TaiESM1/historical/r1i1p1f1/Omon/tos/gn/v20200630/tos_Omon_TaiESM1_historical_r1i1p1f1_gn_200001-200012.nc', '/g/data/oi10/replicas/CMIP6/CMIP/AS-RCEC/TaiESM1/historical/r1i1p1f1/Omon/tos/gn/v20200630/tos_Omon_TaiESM1_historical_r1i1p1f1_gn_200101-200112.nc', '/g/data/oi10/replicas/CMIP6/CMIP/AS-RCEC/TaiESM1/historical/r1i1p1f1/Omon/tos/gn/v20200630/tos_Omon_TaiESM1_historical_r1i1p1f1_gn_200201-200212.nc', '/g/data/oi10/replicas/CMIP6/CMIP/AS-RCEC/TaiESM1/historical/r1i1p1f1/Omon/tos/gn/v20200630/tos_Omon_TaiESM1_historical_r1i1p1f1_gn_200301-200312.nc', '/g/data/oi10/replicas/CMIP6/CMIP/AS-RCEC/TaiESM1/historical/r1i1p1f1/Omon/tos/gn/v20200630/tos_Omon_TaiESM1_historical_r1i1p1f1_gn_200401-200412.nc', '/g/data/oi10/replicas/CMIP6/CMIP/AS-RCEC/TaiESM1/historical/r1i1p1f1/Omon/tos/gn/v20200630/tos_Omon_TaiESM1_historical_r1i1p1f1_gn_200501-200512.nc', '/g/data/oi10/replicas/CMIP6/CMIP/AS-RCEC/TaiESM1/historical/r1i1p1f1/Omon/tos/gn/v20200630/tos_Omon_TaiESM1_historical_r1i1p1f1_gn_200601-200612.nc', '/g/data/oi10/replicas/CMIP6/CMIP/AS-RCEC/TaiESM1/historical/r1i1p1f1/Omon/tos/gn/v20200630/tos_Omon_TaiESM1_historical_r1i1p1f1_gn_200701-200712.nc', '/g/data/oi10/replicas/CMIP6/CMIP/AS-RCEC/TaiESM1/historical/r1i1p1f1/Omon/tos/gn/v20200630/tos_Omon_TaiESM1_historical_r1i1p1f1_gn_200801-200812.nc', '/g/data/oi10/replicas/CMIP6/CMIP/AS-RCEC/TaiESM1/historical/r1i1p1f1/Omon/tos/gn/v20200630/tos_Omon_TaiESM1_historical_r1i1p1f1_gn_200901-200912.nc', '/g/data/oi10/replicas/CMIP6/CMIP/AS-RCEC/TaiESM1/historical/r1i1p1f1/Omon/tos/gn/v20200630/tos_Omon_TaiESM1_historical_r1i1p1f1_gn_201001-201012.nc', '/g/data/oi10/replicas/CMIP6/CMIP/AS-RCEC/TaiESM1/historical/r1i1p1f1/Omon/tos/gn/v20200630/tos_Omon_TaiESM1_historical_r1i1p1f1_gn_201101-201112.nc', '/g/data/oi10/replicas/CMIP6/CMIP/AS-RCEC/TaiESM1/historical/r1i1p1f1/Omon/tos/gn/v20200630/tos_Omon_TaiESM1_historical_r1i1p1f1_gn_201201-201212.nc', '/g/data/oi10/replicas/CMIP6/CMIP/AS-RCEC/TaiESM1/historical/r1i1p1f1/Omon/tos/gn/v20200630/tos_Omon_TaiESM1_historical_r1i1p1f1_gn_201301-201312.nc', '/g/data/oi10/replicas/CMIP6/CMIP/AS-RCEC/TaiESM1/historical/r1i1p1f1/Omon/tos/gn/v20200630/tos_Omon_TaiESM1_historical_r1i1p1f1_gn_201401-201412.nc']; original error: did not find a match in any of xarray's currently installed IO backends ['netcdf4', 'scipy']. Consider explicitly selecting one of the installed engines via the ``engine`` parameter, or installing additional IO dependencies, see:
https://docs.xarray.dev/en/stable/getting-started-guide/installing.html
https://docs.xarray.dev/en/stable/user-guide/io.html
Traceback (most recent call last):
  File "/scratch/p66/ars599/enso_metrics_env/lib/python3.11/site-packages/EnsoMetrics/EnsoComputeMetricsLib.py", line 456, in ComputeCollection
    valu, vame, dive, dime = ComputeMetric(
                             ^^^^^^^^^^^^^^
  File "/scratch/p66/ars599/enso_metrics_env/lib/python3.11/site-packages/EnsoMetrics/EnsoComputeMetricsLib.py", line 1184, in ComputeMetric
    units = diagnostic1[obs]["units"]
            ^^^^^^^^^^^
UnboundLocalError: cannot access local variable 'obs' where it is not associated with a value
Traceback (most recent call last):
  File "/scratch/p66/ars599/enso_metrics_env/lib/python3.11/site-packages/EnsoMetrics/EnsoComputeMetricsLib.py", line 456, in ComputeCollection
    valu, vame, dive, dime = ComputeMetric(
                             ^^^^^^^^^^^^^^
  File "/scratch/p66/ars599/enso_metrics_env/lib/python3.11/site-packages/EnsoMetrics/EnsoComputeMetricsLib.py", line 1184, in ComputeMetric
    units = diagnostic1[obs]["units"]
            ^^^^^^^^^^^
UnboundLocalError: cannot access local variable 'obs' where it is not associated with a value
数据清单: /g/data/p66/ars599/ENSO_metrics/results_gadi_full/manifests/inventory.json
TaiESM1: root=/g/data/oi10/replicas/CMIP6/CMIP/AS-RCEC/TaiESM1/historical/r1i1p1f1, variables=['lhf', 'lwr', 'pr', 'shf', 'ssh', 'sst', 'swr', 'taux', 'tauy', 'thf'], split=[]
[94m     ComputeCollection: metric = EnsoAmpl[0m
[94m     ComputeMetric: oneVarmetric = TaiESM1_r1i1p1f1[0m
[94m     ComputeCollection: metric = EnsoPrMapDjf[0m
[94m     ComputeMetric: twoVarRMSmetric, EnsoPrMapDjf = TaiESM1_r1i1p1f1 and HadISST_GPCPv2.3[0m
[94m     ComputeCollection: metric = EnsoPrMapJja[0m
[94m     ComputeMetric: twoVarRMSmetric, EnsoPrMapJja = TaiESM1_r1i1p1f1 and HadISST_GPCPv2.3[0m
[94m     ComputeCollection: metric = EnsoSeasonality[0m
[94m     ComputeMetric: oneVarmetric = TaiESM1_r1i1p1f1[0m
[94m     ComputeCollection: metric = EnsoSstLonRmse[0m
[94m     ComputeMetric: oneVarRMSmetric, EnsoSstLonRmse = TaiESM1_r1i1p1f1 and HadISST[0m
[94m     ComputeCollection: metric = EnsoSstMapDjf[0m
[94m     ComputeCollection: metric = EnsoSstMapJja[0m
/scratch/p66/ars599/enso_metrics_env/lib/python3.11/site-packages/xarray/conventions.py:210: SerializationWarning: variable 'tos' has multiple fill values {np.float32(1e+20), np.float64(1e+20)} defined, decoding all values to NaN.
  var = coder.decode(var, name=name)
/scratch/p66/ars599/enso_metrics_env/lib/python3.11/site-packages/xarray/conventions.py:210: SerializationWarning: variable 'pr' has multiple fill values {np.float32(1e+20), np.float64(1e+20)} defined, decoding all values to NaN.
  var = coder.decode(var, name=name)
完成时间: Mon Oct  5 03:08:29 UTC 2026
输出目录: /g/data/p66/ars599/ENSO_metrics/results_gadi_full
/scratch/p66/ars599/enso_metrics_env/lib/python3.11/site-packages/EnsoMetrics/EnsoUvcdatToolsLib.py:5751: UserWarning: Generated land mask is entirely ocean for this region. This may be expected if the region is all ocean.
  sft = cdutil.generateLandSeaMask(d(*(slice(0, 1),) * n),debug=False) * 100.0
/scratch/p66/ars599/enso_metrics_env/lib/python3.11/site-packages/xarray/conventions.py:210: SerializationWarning: variable 'areacella' has multiple fill values {np.float32(1e+20), np.float64(1e+20)} defined, decoding all values to NaN.
  var = coder.decode(var, name=name)
/scratch/p66/ars599/enso_metrics_env/lib/python3.11/site-packages/xarray/conventions.py:210: SerializationWarning: variable 'sftlf' has multiple fill values {np.float32(1e+20), np.float64(1e+20)} defined, decoding all values to NaN.
  var = coder.decode(var, name=name)
/scratch/p66/ars599/enso_metrics_env/lib/python3.11/site-packages/EnsoMetrics/EnsoUvcdatToolsLib.py:5751: UserWarning: Generated land mask is entirely ocean for this region. This may be expected if the region is all ocean.
  sft = cdutil.generateLandSeaMask(d(*(slice(0, 1),) * n),debug=False) * 100.0
/scratch/p66/ars599/enso_metrics_env/lib/python3.11/site-packages/EnsoMetrics/EnsoMetricsLib.py:1213: UserWarning: areacell is None for variable 'unknown'; synthesising cosine-latitude weights. Provide areacella/sftlf for accurate spatial averages.
  pr_mod, keyerror_mod = AverageZonal(pr_mod)
/scratch/p66/ars599/enso_metrics_env/lib/python3.11/site-packages/EnsoMetrics/EnsoMetricsLib.py:1214: UserWarning: areacell is None for variable 'unknown'; synthesising cosine-latitude weights. Provide areacella/sftlf for accurate spatial averages.
  pr_obs, keyerror_obs = AverageZonal(pr_obs)
/scratch/p66/ars599/enso_metrics_env/lib/python3.11/site-packages/xarray/conventions.py:210: SerializationWarning: variable 'areacello' has multiple fill values {np.float32(1e+20), np.float64(1e+20)} defined, decoding all values to NaN.
  var = coder.decode(var, name=name)
/scratch/p66/ars599/enso_metrics_env/lib/python3.11/site-packages/EnsoMetrics/EnsoMetricsLib.py:1213: UserWarning: areacell is None for variable 'unknown'; synthesising cosine-latitude weights. Provide areacella/sftlf for accurate spatial averages.
  pr_mod, keyerror_mod = AverageZonal(pr_mod)
/scratch/p66/ars599/enso_metrics_env/lib/python3.11/site-packages/EnsoMetrics/EnsoMetricsLib.py:1214: UserWarning: areacell is None for variable 'unknown'; synthesising cosine-latitude weights. Provide areacella/sftlf for accurate spatial averages.
  pr_obs, keyerror_obs = AverageZonal(pr_obs)
/scratch/p66/ars599/enso_metrics_env/lib/python3.11/site-packages/xarray/conventions.py:210: SerializationWarning: variable 'pr' has multiple fill values {np.float32(1e+20), np.float64(1e+20)} defined, decoding all values to NaN.
  var = coder.decode(var, name=name)
/scratch/p66/ars599/enso_metrics_env/lib/python3.11/site-packages/xarray/conventions.py:210: SerializationWarning: variable 'areacella' has multiple fill values {np.float32(1e+20), np.float64(1e+20)} defined, decoding all values to NaN.
  var = coder.decode(var, name=name)
/scratch/p66/ars599/enso_metrics_env/lib/python3.11/site-packages/xarray/conventions.py:210: SerializationWarning: variable 'sftlf' has multiple fill values {np.float32(1e+20), np.float64(1e+20)} defined, decoding all values to NaN.
  var = coder.decode(var, name=name)
/scratch/p66/ars599/enso_metrics_env/lib/python3.11/site-packages/xarray/conventions.py:210: SerializationWarning: variable 'pr' has multiple fill values {np.float32(1e+20), np.float64(1e+20)} defined, decoding all values to NaN.
  var = coder.decode(var, name=name)
/scratch/p66/ars599/enso_metrics_env/lib/python3.11/site-packages/EnsoMetrics/EnsoUvcdatToolsLib.py:5751: UserWarning: Generated land mask is entirely ocean for this region. This may be expected if the region is all ocean.
  sft = cdutil.generateLandSeaMask(d(*(slice(0, 1),) * n),debug=False) * 100.0
/scratch/p66/ars599/enso_metrics_env/lib/python3.11/site-packages/xarray/conventions.py:210: SerializationWarning: variable 'areacella' has multiple fill values {np.float32(1e+20), np.float64(1e+20)} defined, decoding all values to NaN.
  var = coder.decode(var, name=name)
/scratch/p66/ars599/enso_metrics_env/lib/python3.11/site-packages/xarray/conventions.py:210: SerializationWarning: variable 'sftlf' has multiple fill values {np.float32(1e+20), np.float64(1e+20)} defined, decoding all values to NaN.
  var = coder.decode(var, name=name)
/scratch/p66/ars599/enso_metrics_env/lib/python3.11/site-packages/EnsoMetrics/EnsoMetricsLib.py:1494: UserWarning: areacell is None for variable 'unknown'; synthesising cosine-latitude weights. Provide areacella/sftlf for accurate spatial averages.
  pr_mod, keyerror_mod = AverageMeridional(pr_mod)
/scratch/p66/ars599/enso_metrics_env/lib/python3.11/site-packages/EnsoMetrics/EnsoMetricsLib.py:1495: UserWarning: areacell is None for variable 'unknown'; synthesising cosine-latitude weights. Provide areacella/sftlf for accurate spatial averages.
  pr_obs, keyerror_obs = AverageMeridional(pr_obs)
/scratch/p66/ars599/enso_metrics_env/lib/python3.11/site-packages/EnsoMetrics/EnsoUvcdatToolsLib.py:5751: UserWarning: Generated land mask is entirely ocean for this region. This may be expected if the region is all ocean.
  sft = cdutil.generateLandSeaMask(d(*(slice(0, 1),) * n),debug=False) * 100.0
/scratch/p66/ars599/enso_metrics_env/lib/python3.11/site-packages/EnsoMetrics/EnsoMetricsLib.py:1494: UserWarning: areacell is None for variable 'unknown'; synthesising cosine-latitude weights. Provide areacella/sftlf for accurate spatial averages.
  pr_mod, keyerror_mod = AverageMeridional(pr_mod)
/scratch/p66/ars599/enso_metrics_env/lib/python3.11/site-packages/EnsoMetrics/EnsoMetricsLib.py:1495: UserWarning: areacell is None for variable 'unknown'; synthesising cosine-latitude weights. Provide areacella/sftlf for accurate spatial averages.
  pr_obs, keyerror_obs = AverageMeridional(pr_obs)
/scratch/p66/ars599/enso_metrics_env/lib/python3.11/site-packages/xarray/conventions.py:210: SerializationWarning: variable 'pr' has multiple fill values {np.float32(1e+20), np.float64(1e+20)} defined, decoding all values to NaN.
  var = coder.decode(var, name=name)
/scratch/p66/ars599/enso_metrics_env/lib/python3.11/site-packages/xarray/conventions.py:210: SerializationWarning: variable 'areacella' has multiple fill values {np.float32(1e+20), np.float64(1e+20)} defined, decoding all values to NaN.
  var = coder.decode(var, name=name)
/scratch/p66/ars599/enso_metrics_env/lib/python3.11/site-packages/xarray/conventions.py:210: SerializationWarning: variable 'sftlf' has multiple fill values {np.float32(1e+20), np.float64(1e+20)} defined, decoding all values to NaN.
  var = coder.decode(var, name=name)
/scratch/p66/ars599/enso_metrics_env/lib/python3.11/site-packages/EnsoMetrics/EnsoMetricsLib.py:6950: UserWarning: areacell is None for variable 'unknown'; synthesising cosine-latitude weights. Provide areacella/sftlf for accurate spatial averages.
  sst2, keyerror = AverageMeridional(sst2)
/scratch/p66/ars599/enso_metrics_env/lib/python3.11/site-packages/xarray/conventions.py:210: SerializationWarning: variable 'tos' has multiple fill values {np.float32(1e+20), np.float64(1e+20)} defined, decoding all values to NaN.
  var = coder.decode(var, name=name)
/scratch/p66/ars599/enso_metrics_env/lib/python3.11/site-packages/EnsoMetrics/EnsoUvcdatToolsLib.py:7386: UserWarning: areacell is None for variable 'tos'; synthesising cosine-latitude weights. Provide areacella/sftlf for accurate spatial averages.
  variable, areacell, keyerror3 = Read_mask_area(
/scratch/p66/ars599/enso_metrics_env/lib/python3.11/site-packages/EnsoMetrics/EnsoUvcdatToolsLib.py:7386: UserWarning: areacell is None for variable 'tos'; synthesising cosine-latitude weights. Provide areacella/sftlf for accurate spatial averages.
  variable, areacell, keyerror3 = Read_mask_area(
/scratch/p66/ars599/enso_metrics_env/lib/python3.11/site-packages/EnsoMetrics/EnsoUvcdatToolsLib.py:7386: UserWarning: areacell is None for variable 'tos'; synthesising cosine-latitude weights. Provide areacella/sftlf for accurate spatial averages.
  variable, areacell, keyerror3 = Read_mask_area(
/scratch/p66/ars599/enso_metrics_env/lib/python3.11/site-packages/EnsoMetrics/EnsoUvcdatToolsLib.py:7283: UserWarning: areacell is None for variable 'unknown'; synthesising cosine-latitude weights. Provide areacella/sftlf for accurate spatial averages.
  tab, keyerror = dict_average[average](tab, areacell, region=region, **kwargs)
/scratch/p66/ars599/enso_metrics_env/lib/python3.11/site-packages/EnsoMetrics/EnsoMetricsLib.py:3065: UserWarning: areacell is None for variable 'unknown'; synthesising cosine-latitude weights. Provide areacella/sftlf for accurate spatial averages.
  sst_mod, keyerror_mod = AverageMeridional(sst_mod)
/scratch/p66/ars599/enso_metrics_env/lib/python3.11/site-packages/EnsoMetrics/EnsoMetricsLib.py:3066: UserWarning: areacell is None for variable 'unknown'; synthesising cosine-latitude weights. Provide areacella/sftlf for accurate spatial averages.
  sst_obs, keyerror_obs = AverageMeridional(sst_obs)
/scratch/p66/ars599/enso_metrics_env/lib/python3.11/site-packages/EnsoMetrics/EnsoMetricsLib.py:3065: UserWarning: areacell is None for variable 'unknown'; synthesising cosine-latitude weights. Provide areacella/sftlf for accurate spatial averages.
  sst_mod, keyerror_mod = AverageMeridional(sst_mod)
/scratch/p66/ars599/enso_metrics_env/lib/python3.11/site-packages/EnsoMetrics/EnsoMetricsLib.py:3066: UserWarning: areacell is None for variable 'unknown'; synthesising cosine-latitude weights. Provide areacella/sftlf for accurate spatial averages.
  sst_obs, keyerror_obs = AverageMeridional(sst_obs)
/scratch/p66/ars599/enso_metrics_env/lib/python3.11/site-packages/xarray/conventions.py:210: SerializationWarning: variable 'tos' has multiple fill values {np.float32(1e+20), np.float64(1e+20)} defined, decoding all values to NaN.
  var = coder.decode(var, name=name)
/scratch/p66/ars599/enso_metrics_env/lib/python3.11/site-packages/EnsoMetrics/EnsoUvcdatToolsLib.py:7386: UserWarning: areacell is None for variable 'tos'; synthesising cosine-latitude weights. Provide areacella/sftlf for accurate spatial averages.
  variable, areacell, keyerror3 = Read_mask_area(
/scratch/p66/ars599/enso_metrics_env/lib/python3.11/site-packages/EnsoMetrics/EnsoUvcdatToolsLib.py:7386: UserWarning: areacell is None for variable 'tos'; synthesising cosine-latitude weights. Provide areacella/sftlf for accurate spatial averages.
  variable, areacell, keyerror3 = Read_mask_area(
/scratch/p66/ars599/enso_metrics_env/lib/python3.11/site-packages/EnsoMetrics/EnsoMetricsLib.py:3065: UserWarning: areacell is None for variable 'unknown'; synthesising cosine-latitude weights. Provide areacella/sftlf for accurate spatial averages.
  sst_mod, keyerror_mod = AverageMeridional(sst_mod)
/scratch/p66/ars599/enso_metrics_env/lib/python3.11/site-packages/EnsoMetrics/EnsoMetricsLib.py:3066: UserWarning: areacell is None for variable 'unknown'; synthesising cosine-latitude weights. Provide areacella/sftlf for accurate spatial averages.
  sst_obs, keyerror_obs = AverageMeridional(sst_obs)
/scratch/p66/ars599/enso_metrics_env/lib/python3.11/site-packages/EnsoMetrics/EnsoUvcdatToolsLib.py:7386: UserWarning: areacell is None for variable 'tos'; synthesising cosine-latitude weights. Provide areacella/sftlf for accurate spatial averages.
  variable, areacell, keyerror3 = Read_mask_area(
/scratch/p66/ars599/enso_metrics_env/lib/python3.11/site-packages/xarray/conventions.py:210: SerializationWarning: variable 'areacello' has multiple fill values {np.float32(1e+20), np.float64(1e+20)} defined, decoding all values to NaN.
  var = coder.decode(var, name=name)
/scratch/p66/ars599/enso_metrics_env/lib/python3.11/site-packages/EnsoMetrics/EnsoUvcdatToolsLib.py:7386: UserWarning: areacell is None for variable 'tos'; synthesising cosine-latitude weights. Provide areacella/sftlf for accurate spatial averages.
  variable, areacell, keyerror3 = Read_mask_area(
/scratch/p66/ars599/enso_metrics_env/lib/python3.11/site-packages/EnsoMetrics/EnsoMetricsLib.py:3065: UserWarning: areacell is None for variable 'unknown'; synthesising cosine-latitude weights. Provide areacella/sftlf for accurate spatial averages.
  sst_mod, keyerror_mod = AverageMeridional(sst_mod)
/scratch/p66/ars599/enso_metrics_env/lib/python3.11/site-packages/EnsoMetrics/EnsoMetricsLib.py:3066: UserWarning: areacell is None for variable 'unknown'; synthesising cosine-latitude weights. Provide areacella/sftlf for accurate spatial averages.
  sst_obs, keyerror_obs = AverageMeridional(sst_obs)
/scratch/p66/ars599/enso_metrics_env/lib/python3.11/site-packages/xarray/conventions.py:210: SerializationWarning: variable 'tos' has multiple fill values {np.float32(1e+20), np.float64(1e+20)} defined, decoding all values to NaN.
  var = coder.decode(var, name=name)
/scratch/p66/ars599/enso_metrics_env/lib/python3.11/site-packages/xarray/conventions.py:210: SerializationWarning: variable 'areacello' has multiple fill values {np.float32(1e+20), np.float64(1e+20)} defined, decoding all values to NaN.
  var = coder.decode(var, name=name)
/scratch/p66/ars599/enso_metrics_env/lib/python3.11/site-packages/EnsoMetrics/EnsoMetricsLib.py:6950: UserWarning: areacell is None for variable 'unknown'; synthesising cosine-latitude weights. Provide areacella/sftlf for accurate spatial averages.
  sst2, keyerror = AverageMeridional(sst2)
/scratch/p66/ars599/enso_metrics_env/lib/python3.11/site-packages/EnsoMetrics/EnsoUvcdatToolsLib.py:7386: UserWarning: areacell is None for variable 'tos'; synthesising cosine-latitude weights. Provide areacella/sftlf for accurate spatial averages.
  variable, areacell, keyerror3 = Read_mask_area(
/scratch/p66/ars599/enso_metrics_env/lib/python3.11/site-packages/EnsoMetrics/EnsoUvcdatToolsLib.py:7386: UserWarning: areacell is None for variable 'tos'; synthesising cosine-latitude weights. Provide areacella/sftlf for accurate spatial averages.
  variable, areacell, keyerror3 = Read_mask_area(
/scratch/p66/ars599/enso_metrics_env/lib/python3.11/site-packages/EnsoMetrics/EnsoUvcdatToolsLib.py:7283: UserWarning: areacell is None for variable 'unknown'; synthesising cosine-latitude weights. Provide areacella/sftlf for accurate spatial averages.
  tab, keyerror = dict_average[average](tab, areacell, region=region, **kwargs)
/scratch/p66/ars599/enso_metrics_env/lib/python3.11/site-packages/EnsoMetrics/EnsoUvcdatToolsLib.py:7386: UserWarning: areacell is None for variable 'tos'; synthesising cosine-latitude weights. Provide areacella/sftlf for accurate spatial averages.
  variable, areacell, keyerror3 = Read_mask_area(
/scratch/p66/ars599/enso_metrics_env/lib/python3.11/site-packages/EnsoMetrics/EnsoUvcdatToolsLib.py:7386: UserWarning: areacell is None for variable 'tos'; synthesising cosine-latitude weights. Provide areacella/sftlf for accurate spatial averages.
  variable, areacell, keyerror3 = Read_mask_area(
/scratch/p66/ars599/enso_metrics_env/lib/python3.11/site-packages/EnsoMetrics/EnsoUvcdatToolsLib.py:7386: UserWarning: areacell is None for variable 'tos'; synthesising cosine-latitude weights. Provide areacella/sftlf for accurate spatial averages.
  variable, areacell, keyerror3 = Read_mask_area(
/scratch/p66/ars599/enso_metrics_env/lib/python3.11/site-packages/EnsoMetrics/EnsoMetricsLib.py:6950: UserWarning: areacell is None for variable 'unknown'; synthesising cosine-latitude weights. Provide areacella/sftlf for accurate spatial averages.
  sst2, keyerror = AverageMeridional(sst2)
/scratch/p66/ars599/enso_metrics_env/lib/python3.11/site-packages/EnsoMetrics/EnsoUvcdatToolsLib.py:7386: UserWarning: areacell is None for variable 'tos'; synthesising cosine-latitude weights. Provide areacella/sftlf for accurate spatial averages.
  variable, areacell, keyerror3 = Read_mask_area(
/scratch/p66/ars599/enso_metrics_env/lib/python3.11/site-packages/xarray/conventions.py:210: SerializationWarning: variable 'tos' has multiple fill values {np.float32(1e+20), np.float64(1e+20)} defined, decoding all values to NaN.
  var = coder.decode(var, name=name)
/scratch/p66/ars599/enso_metrics_env/lib/python3.11/site-packages/xarray/conventions.py:210: SerializationWarning: variable 'areacello' has multiple fill values {np.float32(1e+20), np.float64(1e+20)} defined, decoding all values to NaN.
  var = coder.decode(var, name=name)
/scratch/p66/ars599/enso_metrics_env/lib/python3.11/site-packages/EnsoMetrics/EnsoUvcdatToolsLib.py:7386: UserWarning: areacell is None for variable 'tos'; synthesising cosine-latitude weights. Provide areacella/sftlf for accurate spatial averages.
  variable, areacell, keyerror3 = Read_mask_area(
/scratch/p66/ars599/enso_metrics_env/lib/python3.11/site-packages/EnsoMetrics/EnsoUvcdatToolsLib.py:7386: UserWarning: areacell is None for variable 'tos'; synthesising cosine-latitude weights. Provide areacella/sftlf for accurate spatial averages.
  variable, areacell, keyerror3 = Read_mask_area(
/scratch/p66/ars599/enso_metrics_env/lib/python3.11/site-packages/EnsoMetrics/EnsoUvcdatToolsLib.py:7386: UserWarning: areacell is None for variable 'tos'; synthesising cosine-latitude weights. Provide areacella/sftlf for accurate spatial averages.
  variable, areacell, keyerror3 = Read_mask_area(
/scratch/p66/ars599/enso_metrics_env/lib/python3.11/site-packages/EnsoMetrics/EnsoMetricsLib.py:3065: UserWarning: areacell is None for variable 'unknown'; synthesising cosine-latitude weights. Provide areacella/sftlf for accurate spatial averages.
  sst_mod, keyerror_mod = AverageMeridional(sst_mod)
/scratch/p66/ars599/enso_metrics_env/lib/python3.11/site-packages/EnsoMetrics/EnsoMetricsLib.py:3066: UserWarning: areacell is None for variable 'unknown'; synthesising cosine-latitude weights. Provide areacella/sftlf for accurate spatial averages.
  sst_obs, keyerror_obs = AverageMeridional(sst_obs)
/scratch/p66/ars599/enso_metrics_env/lib/python3.11/site-packages/xarray/conventions.py:210: SerializationWarning: variable 'tos' has multiple fill values {np.float32(1e+20), np.float64(1e+20)} defined, decoding all values to NaN.
  var = coder.decode(var, name=name)
/scratch/p66/ars599/enso_metrics_env/lib/python3.11/site-packages/xarray/conventions.py:210: SerializationWarning: variable 'areacello' has multiple fill values {np.float32(1e+20), np.float64(1e+20)} defined, decoding all values to NaN.
  var = coder.decode(var, name=name)
/scratch/p66/ars599/enso_metrics_env/lib/python3.11/site-packages/EnsoMetrics/EnsoUvcdatToolsLib.py:7386: UserWarning: areacell is None for variable 'tos'; synthesising cosine-latitude weights. Provide areacella/sftlf for accurate spatial averages.
  variable, areacell, keyerror3 = Read_mask_area(
/scratch/p66/ars599/enso_metrics_env/lib/python3.11/site-packages/EnsoMetrics/EnsoMetricsLib.py:3065: UserWarning: areacell is None for variable 'unknown'; synthesising cosine-latitude weights. Provide areacella/sftlf for accurate spatial averages.
  sst_mod, keyerror_mod = AverageMeridional(sst_mod)
/scratch/p66/ars599/enso_metrics_env/lib/python3.11/site-packages/EnsoMetrics/EnsoMetricsLib.py:3066: UserWarning: areacell is None for variable 'unknown'; synthesising cosine-latitude weights. Provide areacella/sftlf for accurate spatial averages.
  sst_obs, keyerror_obs = AverageMeridional(sst_obs)
/scratch/p66/ars599/enso_metrics_env/lib/python3.11/site-packages/xarray/conventions.py:210: SerializationWarning: variable 'tos' has multiple fill values {np.float32(1e+20), np.float64(1e+20)} defined, decoding all values to NaN.
  var = coder.decode(var, name=name)
/scratch/p66/ars599/enso_metrics_env/lib/python3.11/site-packages/EnsoMetrics/EnsoUvcdatToolsLib.py:7386: UserWarning: areacell is None for variable 'tos'; synthesising cosine-latitude weights. Provide areacella/sftlf for accurate spatial averages.
  variable, areacell, keyerror3 = Read_mask_area(
/scratch/p66/ars599/enso_metrics_env/lib/python3.11/site-packages/EnsoMetrics/EnsoMetricsLib.py:3065: UserWarning: areacell is None for variable 'unknown'; synthesising cosine-latitude weights. Provide areacella/sftlf for accurate spatial averages.
  sst_mod, keyerror_mod = AverageMeridional(sst_mod)
/scratch/p66/ars599/enso_metrics_env/lib/python3.11/site-packages/EnsoMetrics/EnsoMetricsLib.py:3066: UserWarning: areacell is None for variable 'unknown'; synthesising cosine-latitude weights. Provide areacella/sftlf for accurate spatial averages.
  sst_obs, keyerror_obs = AverageMeridional(sst_obs)
/scratch/p66/ars599/enso_metrics_env/lib/python3.11/site-packages/xarray/conventions.py:210: SerializationWarning: variable 'areacello' has multiple fill values {np.float32(1e+20), np.float64(1e+20)} defined, decoding all values to NaN.
  var = coder.decode(var, name=name)
/scratch/p66/ars599/enso_metrics_env/lib/python3.11/site-packages/EnsoMetrics/EnsoUvcdatToolsLib.py:7386: UserWarning: areacell is None for variable 'tos'; synthesising cosine-latitude weights. Provide areacella/sftlf for accurate spatial averages.
  variable, areacell, keyerror3 = Read_mask_area(
/scratch/p66/ars599/enso_metrics_env/lib/python3.11/site-packages/EnsoMetrics/EnsoUvcdatToolsLib.py:7386: UserWarning: areacell is None for variable 'tos'; synthesising cosine-latitude weights. Provide areacella/sftlf for accurate spatial averages.
  variable, areacell, keyerror3 = Read_mask_area(
/scratch/p66/ars599/enso_metrics_env/lib/python3.11/site-packages/EnsoMetrics/EnsoMetricsLib.py:3065: UserWarning: areacell is None for variable 'unknown'; synthesising cosine-latitude weights. Provide areacella/sftlf for accurate spatial averages.
  sst_mod, keyerror_mod = AverageMeridional(sst_mod)
/scratch/p66/ars599/enso_metrics_env/lib/python3.11/site-packages/EnsoMetrics/EnsoMetricsLib.py:3066: UserWarning: areacell is None for variable 'unknown'; synthesising cosine-latitude weights. Provide areacella/sftlf for accurate spatial averages.
  sst_obs, keyerror_obs = AverageMeridional(sst_obs)
/scratch/p66/ars599/enso_metrics_env/lib/python3.11/site-packages/xarray/conventions.py:210: SerializationWarning: variable 'tos' has multiple fill values {np.float32(1e+20), np.float64(1e+20)} defined, decoding all values to NaN.
  var = coder.decode(var, name=name)
/scratch/p66/ars599/enso_metrics_env/lib/python3.11/site-packages/xarray/conventions.py:210: SerializationWarning: variable 'areacello' has multiple fill values {np.float32(1e+20), np.float64(1e+20)} defined, decoding all values to NaN.
  var = coder.decode(var, name=name)
/scratch/p66/ars599/enso_metrics_env/lib/python3.11/site-packages/EnsoMetrics/EnsoUvcdatToolsLib.py:7386: UserWarning: areacell is None for variable 'tos'; synthesising cosine-latitude weights. Provide areacella/sftlf for accurate spatial averages.
  variable, areacell, keyerror3 = Read_mask_area(
/scratch/p66/ars599/enso_metrics_env/lib/python3.11/site-packages/EnsoMetrics/EnsoUvcdatToolsLib.py:7386: UserWarning: areacell is None for variable 'tos'; synthesising cosine-latitude weights. Provide areacella/sftlf for accurate spatial averages.
  variable, areacell, keyerror3 = Read_mask_area(
/scratch/p66/ars599/enso_metrics_env/lib/python3.11/site-packages/xarray/conventions.py:210: SerializationWarning: variable 'tauu' has multiple fill values {np.float32(1e+20), np.float64(1e+20)} defined, decoding all values to NaN.
  var = coder.decode(var, name=name)
/scratch/p66/ars599/enso_metrics_env/lib/python3.11/site-packages/xarray/conventions.py:210: SerializationWarning: variable 'areacello' has multiple fill values {np.float32(1e+20), np.float64(1e+20)} defined, decoding all values to NaN.
  var = coder.decode(var, name=name)
/scratch/p66/ars599/enso_metrics_env/lib/python3.11/site-packages/EnsoMetrics/EnsoUvcdatToolsLib.py:5532: UserWarning: areacell is None for variable 'tauu'; synthesising cosine-latitude weights. Provide areacella/sftlf for accurate spatial averages.
  taux, keyerror = AverageHorizontal(taux, region="nino4")
/scratch/p66/ars599/enso_metrics_env/lib/python3.11/site-packages/EnsoMetrics/EnsoUvcdatToolsLib.py:5751: UserWarning: Generated land mask is entirely ocean for this region. This may be expected if the region is all ocean.
  sft = cdutil.generateLandSeaMask(d(*(slice(0, 1),) * n),debug=False) * 100.0
/scratch/p66/ars599/enso_metrics_env/lib/python3.11/site-packages/EnsoMetrics/EnsoUvcdatToolsLib.py:5532: UserWarning: areacell is None for variable 'tauu'; synthesising cosine-latitude weights. Provide areacella/sftlf for accurate spatial averages.
  taux, keyerror = AverageHorizontal(taux, region="nino4")
/scratch/p66/ars599/enso_metrics_env/lib/python3.11/site-packages/EnsoMetrics/EnsoUvcdatToolsLib.py:7386: UserWarning: areacell is None for variable 'tos'; synthesising cosine-latitude weights. Provide areacella/sftlf for accurate spatial averages.
  variable, areacell, keyerror3 = Read_mask_area(
/scratch/p66/ars599/enso_metrics_env/lib/python3.11/site-packages/EnsoMetrics/EnsoUvcdatToolsLib.py:5532: UserWarning: areacell is None for variable 'tauu'; synthesising cosine-latitude weights. Provide areacella/sftlf for accurate spatial averages.
  taux, keyerror = AverageHorizontal(taux, region="nino4")
/scratch/p66/ars599/enso_metrics_env/lib/python3.11/site-packages/EnsoMetrics/EnsoUvcdatToolsLib.py:5751: UserWarning: Generated land mask is entirely ocean for this region. This may be expected if the region is all ocean.
  sft = cdutil.generateLandSeaMask(d(*(slice(0, 1),) * n),debug=False) * 100.0
/scratch/p66/ars599/enso_metrics_env/lib/python3.11/site-packages/EnsoMetrics/EnsoUvcdatToolsLib.py:5751: UserWarning: Generated land mask is entirely ocean for this region. This may be expected if the region is all ocean.
  sft = cdutil.generateLandSeaMask(d(*(slice(0, 1),) * n),debug=False) * 100.0
/scratch/p66/ars599/enso_metrics_env/lib/python3.11/site-packages/EnsoMetrics/EnsoUvcdatToolsLib.py:5532: UserWarning: areacell is None for variable 'tauu'; synthesising cosine-latitude weights. Provide areacella/sftlf for accurate spatial averages.
  taux, keyerror = AverageHorizontal(taux, region="nino4")
/scratch/p66/ars599/enso_metrics_env/lib/python3.11/site-packages/EnsoMetrics/EnsoMetricsLib.py:4158: UserWarning: areacell is None for variable 'unknown'; synthesising cosine-latitude weights. Provide areacella/sftlf for accurate spatial averages.
  taux_mod, keyerror_mod = AverageMeridional(taux_mod)
/scratch/p66/ars599/enso_metrics_env/lib/python3.11/site-packages/EnsoMetrics/EnsoMetricsLib.py:4159: UserWarning: areacell is None for variable 'unknown'; synthesising cosine-latitude weights. Provide areacella/sftlf for accurate spatial averages.
  taux_obs, keyerror_obs = AverageMeridional(taux_obs)
/scratch/p66/ars599/enso_metrics_env/lib/python3.11/site-packages/EnsoMetrics/EnsoUvcdatToolsLib.py:5751: UserWarning: Generated land mask is entirely ocean for this region. This may be expected if the region is all ocean.
  sft = cdutil.generateLandSeaMask(d(*(slice(0, 1),) * n),debug=False) * 100.0
/scratch/p66/ars599/enso_metrics_env/lib/python3.11/site-packages/EnsoMetrics/EnsoMetricsLib.py:4158: UserWarning: areacell is None for variable 'unknown'; synthesising cosine-latitude weights. Provide areacella/sftlf for accurate spatial averages.
  taux_mod, keyerror_mod = AverageMeridional(taux_mod)
/scratch/p66/ars599/enso_metrics_env/lib/python3.11/site-packages/EnsoMetrics/EnsoMetricsLib.py:4159: UserWarning: areacell is None for variable 'unknown'; synthesising cosine-latitude weights. Provide areacella/sftlf for accurate spatial averages.
  taux_obs, keyerror_obs = AverageMeridional(taux_obs)
/scratch/p66/ars599/enso_metrics_env/lib/python3.11/site-packages/xarray/conventions.py:210: SerializationWarning: variable 'tauu' has multiple fill values {np.float32(1e+20), np.float64(1e+20)} defined, decoding all values to NaN.
  var = coder.decode(var, name=name)
/scratch/p66/ars599/enso_metrics_env/lib/python3.11/site-packages/EnsoMetrics/EnsoUvcdatToolsLib.py:7283: UserWarning: areacell is None for variable 'unknown'; synthesising cosine-latitude weights. Provide areacella/sftlf for accurate spatial averages.
  tab, keyerror = dict_average[average](tab, areacell, region=region, **kwargs)
/scratch/p66/ars599/enso_metrics_env/lib/python3.11/site-packages/EnsoMetrics/EnsoUvcdatToolsLib.py:5532: UserWarning: areacell is None for variable 'tauu'; synthesising cosine-latitude weights. Provide areacella/sftlf for accurate spatial averages.
  taux, keyerror = AverageHorizontal(taux, region="nino4")
/scratch/p66/ars599/enso_metrics_env/lib/python3.11/site-packages/xarray/conventions.py:210: SerializationWarning: variable 'areacella' has multiple fill values {np.float32(1e+20), np.float64(1e+20)} defined, decoding all values to NaN.
  var = coder.decode(var, name=name)
/scratch/p66/ars599/enso_metrics_env/lib/python3.11/site-packages/xarray/conventions.py:210: SerializationWarning: variable 'sftlf' has multiple fill values {np.float32(1e+20), np.float64(1e+20)} defined, decoding all values to NaN.
  var = coder.decode(var, name=name)
/scratch/p66/ars599/enso_metrics_env/lib/python3.11/site-packages/EnsoMetrics/EnsoUvcdatToolsLib.py:5532: UserWarning: areacell is None for variable 'tauu'; synthesising cosine-latitude weights. Provide areacella/sftlf for accurate spatial averages.
  taux, keyerror = AverageHorizontal(taux, region="nino4")
/scratch/p66/ars599/enso_metrics_env/lib/python3.11/site-packages/EnsoMetrics/EnsoUvcdatToolsLib.py:5532: UserWarning: areacell is None for variable 'tauu'; synthesising cosine-latitude weights. Provide areacella/sftlf for accurate spatial averages.
  taux, keyerror = AverageHorizontal(taux, region="nino4")
/scratch/p66/ars599/enso_metrics_env/lib/python3.11/site-packages/EnsoMetrics/EnsoUvcdatToolsLib.py:5751: UserWarning: Generated land mask is entirely ocean for this region. This may be expected if the region is all ocean.
  sft = cdutil.generateLandSeaMask(d(*(slice(0, 1),) * n),debug=False) * 100.0
/scratch/p66/ars599/enso_metrics_env/lib/python3.11/site-packages/EnsoMetrics/EnsoUvcdatToolsLib.py:5532: UserWarning: areacell is None for variable 'tauu'; synthesising cosine-latitude weights. Provide areacella/sftlf for accurate spatial averages.
  taux, keyerror = AverageHorizontal(taux, region="nino4")
/scratch/p66/ars599/enso_metrics_env/lib/python3.11/site-packages/EnsoMetrics/EnsoUvcdatToolsLib.py:5532: UserWarning: areacell is None for variable 'tauu'; synthesising cosine-latitude weights. Provide areacella/sftlf for accurate spatial averages.
  taux, keyerror = AverageHorizontal(taux, region="nino4")
/scratch/p66/ars599/enso_metrics_env/lib/python3.11/site-packages/EnsoMetrics/EnsoMetricsLib.py:4158: UserWarning: areacell is None for variable 'unknown'; synthesising cosine-latitude weights. Provide areacella/sftlf for accurate spatial averages.
  taux_mod, keyerror_mod = AverageMeridional(taux_mod)
/scratch/p66/ars599/enso_metrics_env/lib/python3.11/site-packages/EnsoMetrics/EnsoMetricsLib.py:4159: UserWarning: areacell is None for variable 'unknown'; synthesising cosine-latitude weights. Provide areacella/sftlf for accurate spatial averages.
  taux_obs, keyerror_obs = AverageMeridional(taux_obs)
/scratch/p66/ars599/enso_metrics_env/lib/python3.11/site-packages/xarray/conventions.py:210: SerializationWarning: variable 'tauu' has multiple fill values {np.float32(1e+20), np.float64(1e+20)} defined, decoding all values to NaN.
  var = coder.decode(var, name=name)
/scratch/p66/ars599/enso_metrics_env/lib/python3.11/site-packages/EnsoMetrics/EnsoUvcdatToolsLib.py:5532: UserWarning: areacell is None for variable 'tauu'; synthesising cosine-latitude weights. Provide areacella/sftlf for accurate spatial averages.
  taux, keyerror = AverageHorizontal(taux, region="nino4")
/scratch/p66/ars599/enso_metrics_env/lib/python3.11/site-packages/EnsoMetrics/EnsoUvcdatToolsLib.py:5532: UserWarning: areacell is None for variable 'tauu'; synthesising cosine-latitude weights. Provide areacella/sftlf for accurate spatial averages.
  taux, keyerror = AverageHorizontal(taux, region="nino4")
/scratch/p66/ars599/enso_metrics_env/lib/python3.11/site-packages/xarray/conventions.py:210: SerializationWarning: variable 'areacella' has multiple fill values {np.float32(1e+20), np.float64(1e+20)} defined, decoding all values to NaN.
  var = coder.decode(var, name=name)
/scratch/p66/ars599/enso_metrics_env/lib/python3.11/site-packages/xarray/conventions.py:210: SerializationWarning: variable 'sftlf' has multiple fill values {np.float32(1e+20), np.float64(1e+20)} defined, decoding all values to NaN.
  var = coder.decode(var, name=name)
/scratch/p66/ars599/enso_metrics_env/lib/python3.11/site-packages/EnsoMetrics/EnsoUvcdatToolsLib.py:5532: UserWarning: areacell is None for variable 'tauu'; synthesising cosine-latitude weights. Provide areacella/sftlf for accurate spatial averages.
  taux, keyerror = AverageHorizontal(taux, region="nino4")
/scratch/p66/ars599/enso_metrics_env/lib/python3.11/site-packages/EnsoMetrics/EnsoUvcdatToolsLib.py:5751: UserWarning: Generated land mask is entirely ocean for this region. This may be expected if the region is all ocean.
  sft = cdutil.generateLandSeaMask(d(*(slice(0, 1),) * n),debug=False) * 100.0
/scratch/p66/ars599/enso_metrics_env/lib/python3.11/site-packages/EnsoMetrics/EnsoMetricsLib.py:4158: UserWarning: areacell is None for variable 'unknown'; synthesising cosine-latitude weights. Provide areacella/sftlf for accurate spatial averages.
  taux_mod, keyerror_mod = AverageMeridional(taux_mod)
/scratch/p66/ars599/enso_metrics_env/lib/python3.11/site-packages/EnsoMetrics/EnsoMetricsLib.py:4159: UserWarning: areacell is None for variable 'unknown'; synthesising cosine-latitude weights. Provide areacella/sftlf for accurate spatial averages.
  taux_obs, keyerror_obs = AverageMeridional(taux_obs)
/scratch/p66/ars599/enso_metrics_env/lib/python3.11/site-packages/xarray/conventions.py:210: SerializationWarning: variable 'tauu' has multiple fill values {np.float32(1e+20), np.float64(1e+20)} defined, decoding all values to NaN.
  var = coder.decode(var, name=name)
/scratch/p66/ars599/enso_metrics_env/lib/python3.11/site-packages/EnsoMetrics/EnsoUvcdatToolsLib.py:5532: UserWarning: areacell is None for variable 'tauu'; synthesising cosine-latitude weights. Provide areacella/sftlf for accurate spatial averages.
  taux, keyerror = AverageHorizontal(taux, region="nino4")
/scratch/p66/ars599/enso_metrics_env/lib/python3.11/site-packages/xarray/conventions.py:210: SerializationWarning: variable 'areacella' has multiple fill values {np.float32(1e+20), np.float64(1e+20)} defined, decoding all values to NaN.
  var = coder.decode(var, name=name)
/scratch/p66/ars599/enso_metrics_env/lib/python3.11/site-packages/xarray/conventions.py:210: SerializationWarning: variable 'sftlf' has multiple fill values {np.float32(1e+20), np.float64(1e+20)} defined, decoding all values to NaN.
  var = coder.decode(var, name=name)
/scratch/p66/ars599/enso_metrics_env/lib/python3.11/site-packages/EnsoMetrics/EnsoUvcdatToolsLib.py:5532: UserWarning: areacell is None for variable 'tauu'; synthesising cosine-latitude weights. Provide areacella/sftlf for accurate spatial averages.
  taux, keyerror = AverageHorizontal(taux, region="nino4")
/scratch/p66/ars599/enso_metrics_env/lib/python3.11/site-packages/EnsoMetrics/EnsoUvcdatToolsLib.py:5532: UserWarning: areacell is None for variable 'tauu'; synthesising cosine-latitude weights. Provide areacella/sftlf for accurate spatial averages.
  taux, keyerror = AverageHorizontal(taux, region="nino4")
/scratch/p66/ars599/enso_metrics_env/lib/python3.11/site-packages/xarray/conventions.py:210: SerializationWarning: variable 'areacella' has multiple fill values {np.float32(1e+20), np.float64(1e+20)} defined, decoding all values to NaN.
  var = coder.decode(var, name=name)
/scratch/p66/ars599/enso_metrics_env/lib/python3.11/site-packages/xarray/conventions.py:210: SerializationWarning: variable 'sftlf' has multiple fill values {np.float32(1e+20), np.float64(1e+20)} defined, decoding all values to NaN.
  var = coder.decode(var, name=name)
/scratch/p66/ars599/enso_metrics_env/lib/python3.11/site-packages/EnsoMetrics/EnsoUvcdatToolsLib.py:5532: UserWarning: areacell is None for variable 'tauu'; synthesising cosine-latitude weights. Provide areacella/sftlf for accurate spatial averages.
  taux, keyerror = AverageHorizontal(taux, region="nino4")
/scratch/p66/ars599/enso_metrics_env/lib/python3.11/site-packages/xarray/conventions.py:210: SerializationWarning: variable 'tos' has multiple fill values {np.float32(1e+20), np.float64(1e+20)} defined, decoding all values to NaN.
  var = coder.decode(var, name=name)
/scratch/p66/ars599/enso_metrics_env/lib/python3.11/site-packages/xarray/conventions.py:210: SerializationWarning: variable 'tos' has multiple fill values {np.float32(1e+20), np.float64(1e+20)} defined, decoding all values to NaN.
  var = coder.decode(var, name=name)
/scratch/p66/ars599/enso_metrics_env/lib/python3.11/site-packages/xarray/conventions.py:210: SerializationWarning: variable 'areacello' has multiple fill values {np.float32(1e+20), np.float64(1e+20)} defined, decoding all values to NaN.
  var = coder.decode(var, name=name)
/scratch/p66/ars599/enso_metrics_env/lib/python3.11/site-packages/xarray/conventions.py:210: SerializationWarning: variable 'tos' has multiple fill values {np.float32(1e+20), np.float64(1e+20)} defined, decoding all values to NaN.
  var = coder.decode(var, name=name)
/scratch/p66/ars599/enso_metrics_env/lib/python3.11/site-packages/xarray/conventions.py:210: SerializationWarning: variable 'areacello' has multiple fill values {np.float32(1e+20), np.float64(1e+20)} defined, decoding all values to NaN.
  var = coder.decode(var, name=name)
/scratch/p66/ars599/enso_metrics_env/lib/python3.11/site-packages/xarray/conventions.py:210: SerializationWarning: variable 'tos' has multiple fill values {np.float32(1e+20), np.float64(1e+20)} defined, decoding all values to NaN.
  var = coder.decode(var, name=name)
/scratch/p66/ars599/enso_metrics_env/lib/python3.11/site-packages/xarray/conventions.py:210: SerializationWarning: variable 'areacello' has multiple fill values {np.float32(1e+20), np.float64(1e+20)} defined, decoding all values to NaN.
  var = coder.decode(var, name=name)
/scratch/p66/ars599/enso_metrics_env/lib/python3.11/site-packages/xarray/conventions.py:210: SerializationWarning: variable 'tos' has multiple fill values {np.float32(1e+20), np.float64(1e+20)} defined, decoding all values to NaN.
  var = coder.decode(var, name=name)
/scratch/p66/ars599/enso_metrics_env/lib/python3.11/site-packages/xarray/conventions.py:210: SerializationWarning: variable 'areacello' has multiple fill values {np.float32(1e+20), np.float64(1e+20)} defined, decoding all values to NaN.
  var = coder.decode(var, name=name)
/scratch/p66/ars599/enso_metrics_env/lib/python3.11/site-packages/xarray/conventions.py:210: SerializationWarning: variable 'tos' has multiple fill values {np.float32(1e+20), np.float64(1e+20)} defined, decoding all values to NaN.
  var = coder.decode(var, name=name)
/scratch/p66/ars599/enso_metrics_env/lib/python3.11/site-packages/EnsoMetrics/EnsoMetricsLib.py:6950: UserWarning: areacell is None for variable 'unknown'; synthesising cosine-latitude weights. Provide areacella/sftlf for accurate spatial averages.
  sst2, keyerror = AverageMeridional(sst2)
/scratch/p66/ars599/enso_metrics_env/lib/python3.11/site-packages/EnsoMetrics/EnsoUvcdatToolsLib.py:7386: UserWarning: areacell is None for variable 'tos'; synthesising cosine-latitude weights. Provide areacella/sftlf for accurate spatial averages.
  variable, areacell, keyerror3 = Read_mask_area(
/scratch/p66/ars599/enso_metrics_env/lib/python3.11/site-packages/EnsoMetrics/EnsoMetricsLib.py:6950: UserWarning: areacell is None for variable 'unknown'; synthesising cosine-latitude weights. Provide areacella/sftlf for accurate spatial averages.
  sst2, keyerror = AverageMeridional(sst2)
/scratch/p66/ars599/enso_metrics_env/lib/python3.11/site-packages/EnsoMetrics/EnsoUvcdatToolsLib.py:7283: UserWarning: areacell is None for variable 'unknown'; synthesising cosine-latitude weights. Provide areacella/sftlf for accurate spatial averages.
  tab, keyerror = dict_average[average](tab, areacell, region=region, **kwargs)
/scratch/p66/ars599/enso_metrics_env/lib/python3.11/site-packages/EnsoMetrics/EnsoUvcdatToolsLib.py:7386: UserWarning: areacell is None for variable 'tos'; synthesising cosine-latitude weights. Provide areacella/sftlf for accurate spatial averages.
  variable, areacell, keyerror3 = Read_mask_area(
/scratch/p66/ars599/enso_metrics_env/lib/python3.11/site-packages/EnsoMetrics/EnsoUvcdatToolsLib.py:7283: UserWarning: areacell is None for variable 'unknown'; synthesising cosine-latitude weights. Provide areacella/sftlf for accurate spatial averages.
  tab, keyerror = dict_average[average](tab, areacell, region=region, **kwargs)
/scratch/p66/ars599/enso_metrics_env/lib/python3.11/site-packages/EnsoMetrics/EnsoUvcdatToolsLib.py:7386: UserWarning: areacell is None for variable 'tos'; synthesising cosine-latitude weights. Provide areacella/sftlf for accurate spatial averages.
  variable, areacell, keyerror3 = Read_mask_area(
/scratch/p66/ars599/enso_metrics_env/lib/python3.11/site-packages/EnsoMetrics/EnsoUvcdatToolsLib.py:7386: UserWarning: areacell is None for variable 'tos'; synthesising cosine-latitude weights. Provide areacella/sftlf for accurate spatial averages.
  variable, areacell, keyerror3 = Read_mask_area(
/scratch/p66/ars599/enso_metrics_env/lib/python3.11/site-packages/EnsoMetrics/EnsoUvcdatToolsLib.py:7386: UserWarning: areacell is None for variable 'tos'; synthesising cosine-latitude weights. Provide areacella/sftlf for accurate spatial averages.
  variable, areacell, keyerror3 = Read_mask_area(
/scratch/p66/ars599/enso_metrics_env/lib/python3.11/site-packages/EnsoMetrics/EnsoUvcdatToolsLib.py:7386: UserWarning: areacell is None for variable 'tos'; synthesising cosine-latitude weights. Provide areacella/sftlf for accurate spatial averages.
  variable, areacell, keyerror3 = Read_mask_area(
/scratch/p66/ars599/enso_metrics_env/lib/python3.11/site-packages/xarray/conventions.py:210: SerializationWarning: variable 'areacello' has multiple fill values {np.float32(1e+20), np.float64(1e+20)} defined, decoding all values to NaN.
  var = coder.decode(var, name=name)
/scratch/p66/ars599/enso_metrics_env/lib/python3.11/site-packages/xarray/conventions.py:210: SerializationWarning: variable 'areacello' has multiple fill values {np.float32(1e+20), np.float64(1e+20)} defined, decoding all values to NaN.
  var = coder.decode(var, name=name)
/scratch/p66/ars599/enso_metrics_env/lib/python3.11/site-packages/EnsoMetrics/EnsoMetricsLib.py:6950: UserWarning: areacell is None for variable 'unknown'; synthesising cosine-latitude weights. Provide areacella/sftlf for accurate spatial averages.
  sst2, keyerror = AverageMeridional(sst2)
/scratch/p66/ars599/enso_metrics_env/lib/python3.11/site-packages/EnsoMetrics/EnsoMetricsLib.py:6950: UserWarning: areacell is None for variable 'unknown'; synthesising cosine-latitude weights. Provide areacella/sftlf for accurate spatial averages.
  sst2, keyerror = AverageMeridional(sst2)
/scratch/p66/ars599/enso_metrics_env/lib/python3.11/site-packages/EnsoMetrics/EnsoUvcdatToolsLib.py:7386: UserWarning: areacell is None for variable 'tos'; synthesising cosine-latitude weights. Provide areacella/sftlf for accurate spatial averages.
  variable, areacell, keyerror3 = Read_mask_area(
/scratch/p66/ars599/enso_metrics_env/lib/python3.11/site-packages/EnsoMetrics/EnsoUvcdatToolsLib.py:7283: UserWarning: areacell is None for variable 'unknown'; synthesising cosine-latitude weights. Provide areacella/sftlf for accurate spatial averages.
  tab, keyerror = dict_average[average](tab, areacell, region=region, **kwargs)
/scratch/p66/ars599/enso_metrics_env/lib/python3.11/site-packages/EnsoMetrics/EnsoUvcdatToolsLib.py:7386: UserWarning: areacell is None for variable 'tos'; synthesising cosine-latitude weights. Provide areacella/sftlf for accurate spatial averages.
  variable, areacell, keyerror3 = Read_mask_area(
/scratch/p66/ars599/enso_metrics_env/lib/python3.11/site-packages/EnsoMetrics/EnsoUvcdatToolsLib.py:7283: UserWarning: areacell is None for variable 'unknown'; synthesising cosine-latitude weights. Provide areacella/sftlf for accurate spatial averages.
  tab, keyerror = dict_average[average](tab, areacell, region=region, **kwargs)
/scratch/p66/ars599/enso_metrics_env/lib/python3.11/site-packages/EnsoMetrics/EnsoUvcdatToolsLib.py:7386: UserWarning: areacell is None for variable 'tos'; synthesising cosine-latitude weights. Provide areacella/sftlf for accurate spatial averages.
  variable, areacell, keyerror3 = Read_mask_area(
/scratch/p66/ars599/enso_metrics_env/lib/python3.11/site-packages/EnsoMetrics/EnsoUvcdatToolsLib.py:7386: UserWarning: areacell is None for variable 'tos'; synthesising cosine-latitude weights. Provide areacella/sftlf for accurate spatial averages.
  variable, areacell, keyerror3 = Read_mask_area(
/scratch/p66/ars599/enso_metrics_env/lib/python3.11/site-packages/EnsoMetrics/EnsoUvcdatToolsLib.py:7386: UserWarning: areacell is None for variable 'tos'; synthesising cosine-latitude weights. Provide areacella/sftlf for accurate spatial averages.
  variable, areacell, keyerror3 = Read_mask_area(
/scratch/p66/ars599/enso_metrics_env/lib/python3.11/site-packages/EnsoMetrics/EnsoUvcdatToolsLib.py:7386: UserWarning: areacell is None for variable 'tos'; synthesising cosine-latitude weights. Provide areacella/sftlf for accurate spatial averages.
  variable, areacell, keyerror3 = Read_mask_area(
/scratch/p66/ars599/enso_metrics_env/lib/python3.11/site-packages/EnsoMetrics/EnsoMetricsLib.py:6950: UserWarning: areacell is None for variable 'unknown'; synthesising cosine-latitude weights. Provide areacella/sftlf for accurate spatial averages.
  sst2, keyerror = AverageMeridional(sst2)
/scratch/p66/ars599/enso_metrics_env/lib/python3.11/site-packages/EnsoMetrics/EnsoMetricsLib.py:6950: UserWarning: areacell is None for variable 'unknown'; synthesising cosine-latitude weights. Provide areacella/sftlf for accurate spatial averages.
  sst2, keyerror = AverageMeridional(sst2)
/scratch/p66/ars599/enso_metrics_env/lib/python3.11/site-packages/EnsoMetrics/EnsoUvcdatToolsLib.py:7386: UserWarning: areacell is None for variable 'tos'; synthesising cosine-latitude weights. Provide areacella/sftlf for accurate spatial averages.
  variable, areacell, keyerror3 = Read_mask_area(
/scratch/p66/ars599/enso_metrics_env/lib/python3.11/site-packages/EnsoMetrics/EnsoMetricsLib.py:6950: UserWarning: areacell is None for variable 'unknown'; synthesising cosine-latitude weights. Provide areacella/sftlf for accurate spatial averages.
  sst2, keyerror = AverageMeridional(sst2)
/scratch/p66/ars599/enso_metrics_env/lib/python3.11/site-packages/EnsoMetrics/EnsoUvcdatToolsLib.py:7283: UserWarning: areacell is None for variable 'unknown'; synthesising cosine-latitude weights. Provide areacella/sftlf for accurate spatial averages.
  tab, keyerror = dict_average[average](tab, areacell, region=region, **kwargs)
/scratch/p66/ars599/enso_metrics_env/lib/python3.11/site-packages/EnsoMetrics/EnsoMetricsLib.py:6950: UserWarning: areacell is None for variable 'unknown'; synthesising cosine-latitude weights. Provide areacella/sftlf for accurate spatial averages.
  sst2, keyerror = AverageMeridional(sst2)
/scratch/p66/ars599/enso_metrics_env/lib/python3.11/site-packages/EnsoMetrics/EnsoUvcdatToolsLib.py:7386: UserWarning: areacell is None for variable 'tos'; synthesising cosine-latitude weights. Provide areacella/sftlf for accurate spatial averages.
  variable, areacell, keyerror3 = Read_mask_area(
/scratch/p66/ars599/enso_metrics_env/lib/python3.11/site-packages/EnsoMetrics/EnsoUvcdatToolsLib.py:7386: UserWarning: areacell is None for variable 'tos'; synthesising cosine-latitude weights. Provide areacella/sftlf for accurate spatial averages.
  variable, areacell, keyerror3 = Read_mask_area(
/scratch/p66/ars599/enso_metrics_env/lib/python3.11/site-packages/EnsoMetrics/EnsoUvcdatToolsLib.py:7283: UserWarning: areacell is None for variable 'unknown'; synthesising cosine-latitude weights. Provide areacella/sftlf for accurate spatial averages.
  tab, keyerror = dict_average[average](tab, areacell, region=region, **kwargs)
/scratch/p66/ars599/enso_metrics_env/lib/python3.11/site-packages/EnsoMetrics/EnsoUvcdatToolsLib.py:7386: UserWarning: areacell is None for variable 'tos'; synthesising cosine-latitude weights. Provide areacella/sftlf for accurate spatial averages.
  variable, areacell, keyerror3 = Read_mask_area(
/scratch/p66/ars599/enso_metrics_env/lib/python3.11/site-packages/EnsoMetrics/EnsoUvcdatToolsLib.py:7386: UserWarning: areacell is None for variable 'tos'; synthesising cosine-latitude weights. Provide areacella/sftlf for accurate spatial averages.
  variable, areacell, keyerror3 = Read_mask_area(
/scratch/p66/ars599/enso_metrics_env/lib/python3.11/site-packages/EnsoMetrics/EnsoUvcdatToolsLib.py:7386: UserWarning: areacell is None for variable 'tos'; synthesising cosine-latitude weights. Provide areacella/sftlf for accurate spatial averages.
  variable, areacell, keyerror3 = Read_mask_area(
/scratch/p66/ars599/enso_metrics_env/lib/python3.11/site-packages/EnsoMetrics/EnsoMetricsLib.py:6950: UserWarning: areacell is None for variable 'unknown'; synthesising cosine-latitude weights. Provide areacella/sftlf for accurate spatial averages.
  sst2, keyerror = AverageMeridional(sst2)
/scratch/p66/ars599/enso_metrics_env/lib/python3.11/site-packages/EnsoMetrics/EnsoUvcdatToolsLib.py:7386: UserWarning: areacell is None for variable 'tos'; synthesising cosine-latitude weights. Provide areacella/sftlf for accurate spatial averages.
  variable, areacell, keyerror3 = Read_mask_area(
/scratch/p66/ars599/enso_metrics_env/lib/python3.11/site-packages/EnsoMetrics/EnsoUvcdatToolsLib.py:7283: UserWarning: areacell is None for variable 'unknown'; synthesising cosine-latitude weights. Provide areacella/sftlf for accurate spatial averages.
  tab, keyerror = dict_average[average](tab, areacell, region=region, **kwargs)
/scratch/p66/ars599/enso_metrics_env/lib/python3.11/site-packages/EnsoMetrics/EnsoUvcdatToolsLib.py:7386: UserWarning: areacell is None for variable 'tos'; synthesising cosine-latitude weights. Provide areacella/sftlf for accurate spatial averages.
  variable, areacell, keyerror3 = Read_mask_area(
/scratch/p66/ars599/enso_metrics_env/lib/python3.11/site-packages/EnsoMetrics/EnsoUvcdatToolsLib.py:7386: UserWarning: areacell is None for variable 'tos'; synthesising cosine-latitude weights. Provide areacella/sftlf for accurate spatial averages.
  variable, areacell, keyerror3 = Read_mask_area(
/scratch/p66/ars599/enso_metrics_env/lib/python3.11/site-packages/EnsoMetrics/EnsoMetricsLib.py:6950: UserWarning: areacell is None for variable 'unknown'; synthesising cosine-latitude weights. Provide areacella/sftlf for accurate spatial averages.
  sst2, keyerror = AverageMeridional(sst2)
/scratch/p66/ars599/enso_metrics_env/lib/python3.11/site-packages/EnsoMetrics/EnsoUvcdatToolsLib.py:7386: UserWarning: areacell is None for variable 'tos'; synthesising cosine-latitude weights. Provide areacella/sftlf for accurate spatial averages.
  variable, areacell, keyerror3 = Read_mask_area(
/scratch/p66/ars599/enso_metrics_env/lib/python3.11/site-packages/EnsoMetrics/EnsoUvcdatToolsLib.py:7283: UserWarning: areacell is None for variable 'unknown'; synthesising cosine-latitude weights. Provide areacella/sftlf for accurate spatial averages.
  tab, keyerror = dict_average[average](tab, areacell, region=region, **kwargs)
/scratch/p66/ars599/enso_metrics_env/lib/python3.11/site-packages/EnsoMetrics/EnsoMetricsLib.py:6950: UserWarning: areacell is None for variable 'unknown'; synthesising cosine-latitude weights. Provide areacella/sftlf for accurate spatial averages.
  sst2, keyerror = AverageMeridional(sst2)
/scratch/p66/ars599/enso_metrics_env/lib/python3.11/site-packages/xarray/conventions.py:210: SerializationWarning: variable 'tos' has multiple fill values {np.float32(1e+20), np.float64(1e+20)} defined, decoding all values to NaN.
  var = coder.decode(var, name=name)
/scratch/p66/ars599/enso_metrics_env/lib/python3.11/site-packages/EnsoMetrics/EnsoUvcdatToolsLib.py:7386: UserWarning: areacell is None for variable 'tos'; synthesising cosine-latitude weights. Provide areacella/sftlf for accurate spatial averages.
  variable, areacell, keyerror3 = Read_mask_area(
/scratch/p66/ars599/enso_metrics_env/lib/python3.11/site-packages/EnsoMetrics/EnsoUvcdatToolsLib.py:7386: UserWarning: areacell is None for variable 'tos'; synthesising cosine-latitude weights. Provide areacella/sftlf for accurate spatial averages.
  variable, areacell, keyerror3 = Read_mask_area(
/scratch/p66/ars599/enso_metrics_env/lib/python3.11/site-packages/EnsoMetrics/EnsoMetricsLib.py:6950: UserWarning: areacell is None for variable 'unknown'; synthesising cosine-latitude weights. Provide areacella/sftlf for accurate spatial averages.
  sst2, keyerror = AverageMeridional(sst2)
/scratch/p66/ars599/enso_metrics_env/lib/python3.11/site-packages/xarray/conventions.py:210: SerializationWarning: variable 'tos' has multiple fill values {np.float32(1e+20), np.float64(1e+20)} defined, decoding all values to NaN.
  var = coder.decode(var, name=name)
/scratch/p66/ars599/enso_metrics_env/lib/python3.11/site-packages/EnsoMetrics/EnsoUvcdatToolsLib.py:7386: UserWarning: areacell is None for variable 'tos'; synthesising cosine-latitude weights. Provide areacella/sftlf for accurate spatial averages.
  variable, areacell, keyerror3 = Read_mask_area(
/scratch/p66/ars599/enso_metrics_env/lib/python3.11/site-packages/xarray/conventions.py:210: SerializationWarning: variable 'areacello' has multiple fill values {np.float32(1e+20), np.float64(1e+20)} defined, decoding all values to NaN.
  var = coder.decode(var, name=name)
/scratch/p66/ars599/enso_metrics_env/lib/python3.11/site-packages/xarray/conventions.py:210: SerializationWarning: variable 'tos' has multiple fill values {np.float32(1e+20), np.float64(1e+20)} defined, decoding all values to NaN.
  var = coder.decode(var, name=name)
/scratch/p66/ars599/enso_metrics_env/lib/python3.11/site-packages/EnsoMetrics/EnsoUvcdatToolsLib.py:7283: UserWarning: areacell is None for variable 'unknown'; synthesising cosine-latitude weights. Provide areacella/sftlf for accurate spatial averages.
  tab, keyerror = dict_average[average](tab, areacell, region=region, **kwargs)
/scratch/p66/ars599/enso_metrics_env/lib/python3.11/site-packages/xarray/conventions.py:210: SerializationWarning: variable 'areacello' has multiple fill values {np.float32(1e+20), np.float64(1e+20)} defined, decoding all values to NaN.
  var = coder.decode(var, name=name)
/scratch/p66/ars599/enso_metrics_env/lib/python3.11/site-packages/EnsoMetrics/EnsoUvcdatToolsLib.py:7283: UserWarning: areacell is None for variable 'unknown'; synthesising cosine-latitude weights. Provide areacella/sftlf for accurate spatial averages.
  tab, keyerror = dict_average[average](tab, areacell, region=region, **kwargs)
/scratch/p66/ars599/enso_metrics_env/lib/python3.11/site-packages/EnsoMetrics/EnsoUvcdatToolsLib.py:7386: UserWarning: areacell is None for variable 'tos'; synthesising cosine-latitude weights. Provide areacella/sftlf for accurate spatial averages.
  variable, areacell, keyerror3 = Read_mask_area(
/scratch/p66/ars599/enso_metrics_env/lib/python3.11/site-packages/EnsoMetrics/EnsoUvcdatToolsLib.py:7283: UserWarning: areacell is None for variable 'unknown'; synthesising cosine-latitude weights. Provide areacella/sftlf for accurate spatial averages.
  tab, keyerror = dict_average[average](tab, areacell, region=region, **kwargs)
/scratch/p66/ars599/enso_metrics_env/lib/python3.11/site-packages/xarray/conventions.py:210: SerializationWarning: variable 'areacello' has multiple fill values {np.float32(1e+20), np.float64(1e+20)} defined, decoding all values to NaN.
  var = coder.decode(var, name=name)
/scratch/p66/ars599/enso_metrics_env/lib/python3.11/site-packages/EnsoMetrics/EnsoUvcdatToolsLib.py:7283: UserWarning: areacell is None for variable 'unknown'; synthesising cosine-latitude weights. Provide areacella/sftlf for accurate spatial averages.
  tab, keyerror = dict_average[average](tab, areacell, region=region, **kwargs)
/scratch/p66/ars599/enso_metrics_env/lib/python3.11/site-packages/xarray/conventions.py:210: SerializationWarning: variable 'hfls' has multiple fill values {np.float32(1e+20), np.float64(1e+20)} defined, decoding all values to NaN.
  var = coder.decode(var, name=name)
/scratch/p66/ars599/enso_metrics_env/lib/python3.11/site-packages/EnsoMetrics/EnsoUvcdatToolsLib.py:7283: UserWarning: areacell is None for variable 'unknown'; synthesising cosine-latitude weights. Provide areacella/sftlf for accurate spatial averages.
  tab, keyerror = dict_average[average](tab, areacell, region=region, **kwargs)
/scratch/p66/ars599/enso_metrics_env/lib/python3.11/site-packages/EnsoMetrics/EnsoUvcdatToolsLib.py:7386: UserWarning: areacell is None for variable 'tos'; synthesising cosine-latitude weights. Provide areacella/sftlf for accurate spatial averages.
  variable, areacell, keyerror3 = Read_mask_area(
/scratch/p66/ars599/enso_metrics_env/lib/python3.11/site-packages/xarray/conventions.py:210: SerializationWarning: variable 'areacella' has multiple fill values {np.float32(1e+20), np.float64(1e+20)} defined, decoding all values to NaN.
  var = coder.decode(var, name=name)
/scratch/p66/ars599/enso_metrics_env/lib/python3.11/site-packages/xarray/conventions.py:210: SerializationWarning: variable 'sftlf' has multiple fill values {np.float32(1e+20), np.float64(1e+20)} defined, decoding all values to NaN.
  var = coder.decode(var, name=name)
/scratch/p66/ars599/enso_metrics_env/lib/python3.11/site-packages/xarray/conventions.py:210: SerializationWarning: variable 'hfss' has multiple fill values {np.float32(1e+20), np.float64(1e+20)} defined, decoding all values to NaN.
  var = coder.decode(var, name=name)
/scratch/p66/ars599/enso_metrics_env/lib/python3.11/site-packages/EnsoMetrics/EnsoUvcdatToolsLib.py:7283: UserWarning: areacell is None for variable 'unknown'; synthesising cosine-latitude weights. Provide areacella/sftlf for accurate spatial averages.
  tab, keyerror = dict_average[average](tab, areacell, region=region, **kwargs)
/scratch/p66/ars599/enso_metrics_env/lib/python3.11/site-packages/EnsoMetrics/EnsoUvcdatToolsLib.py:7283: UserWarning: areacell is None for variable 'unknown'; synthesising cosine-latitude weights. Provide areacella/sftlf for accurate spatial averages.
  tab, keyerror = dict_average[average](tab, areacell, region=region, **kwargs)
/scratch/p66/ars599/enso_metrics_env/lib/python3.11/site-packages/xarray/conventions.py:210: SerializationWarning: variable 'areacella' has multiple fill values {np.float32(1e+20), np.float64(1e+20)} defined, decoding all values to NaN.
  var = coder.decode(var, name=name)
/scratch/p66/ars599/enso_metrics_env/lib/python3.11/site-packages/xarray/conventions.py:210: SerializationWarning: variable 'sftlf' has multiple fill values {np.float32(1e+20), np.float64(1e+20)} defined, decoding all values to NaN.
  var = coder.decode(var, name=name)
/scratch/p66/ars599/enso_metrics_env/lib/python3.11/site-packages/xarray/conventions.py:210: SerializationWarning: variable 'rlds' has multiple fill values {np.float32(1e+20), np.float64(1e+20)} defined, decoding all values to NaN.
  var = coder.decode(var, name=name)
/scratch/p66/ars599/enso_metrics_env/lib/python3.11/site-packages/EnsoMetrics/EnsoUvcdatToolsLib.py:7386: UserWarning: areacell is None for variable 'tos'; synthesising cosine-latitude weights. Provide areacella/sftlf for accurate spatial averages.
  variable, areacell, keyerror3 = Read_mask_area(
/scratch/p66/ars599/enso_metrics_env/lib/python3.11/site-packages/EnsoMetrics/EnsoUvcdatToolsLib.py:7386: UserWarning: areacell is None for variable 'tos'; synthesising cosine-latitude weights. Provide areacella/sftlf for accurate spatial averages.
  variable, areacell, keyerror3 = Read_mask_area(
/scratch/p66/ars599/enso_metrics_env/lib/python3.11/site-packages/EnsoMetrics/EnsoUvcdatToolsLib.py:7283: UserWarning: areacell is None for variable 'unknown'; synthesising cosine-latitude weights. Provide areacella/sftlf for accurate spatial averages.
  tab, keyerror = dict_average[average](tab, areacell, region=region, **kwargs)
/scratch/p66/ars599/enso_metrics_env/lib/python3.11/site-packages/EnsoMetrics/EnsoUvcdatToolsLib.py:7283: UserWarning: areacell is None for variable 'unknown'; synthesising cosine-latitude weights. Provide areacella/sftlf for accurate spatial averages.
  tab, keyerror = dict_average[average](tab, areacell, region=region, **kwargs)
/scratch/p66/ars599/enso_metrics_env/lib/python3.11/site-packages/xarray/conventions.py:210: SerializationWarning: variable 'tos' has multiple fill values {np.float32(1e+20), np.float64(1e+20)} defined, decoding all values to NaN.
  var = coder.decode(var, name=name)
/scratch/p66/ars599/enso_metrics_env/lib/python3.11/site-packages/xarray/conventions.py:210: SerializationWarning: variable 'areacella' has multiple fill values {np.float32(1e+20), np.float64(1e+20)} defined, decoding all values to NaN.
  var = coder.decode(var, name=name)
/scratch/p66/ars599/enso_metrics_env/lib/python3.11/site-packages/xarray/conventions.py:210: SerializationWarning: variable 'sftlf' has multiple fill values {np.float32(1e+20), np.float64(1e+20)} defined, decoding all values to NaN.
  var = coder.decode(var, name=name)
/scratch/p66/ars599/enso_metrics_env/lib/python3.11/site-packages/xarray/conventions.py:210: SerializationWarning: variable 'rlus' has multiple fill values {np.float32(1e+20), np.float64(1e+20)} defined, decoding all values to NaN.
  var = coder.decode(var, name=name)
/scratch/p66/ars599/enso_metrics_env/lib/python3.11/site-packages/xarray/conventions.py:210: SerializationWarning: variable 'areacello' has multiple fill values {np.float32(1e+20), np.float64(1e+20)} defined, decoding all values to NaN.
  var = coder.decode(var, name=name)
/scratch/p66/ars599/enso_metrics_env/lib/python3.11/site-packages/xarray/conventions.py:210: SerializationWarning: variable 'tos' has multiple fill values {np.float32(1e+20), np.float64(1e+20)} defined, decoding all values to NaN.
  var = coder.decode(var, name=name)
/scratch/p66/ars599/enso_metrics_env/lib/python3.11/site-packages/xarray/conventions.py:210: SerializationWarning: variable 'areacella' has multiple fill values {np.float32(1e+20), np.float64(1e+20)} defined, decoding all values to NaN.
  var = coder.decode(var, name=name)
/scratch/p66/ars599/enso_metrics_env/lib/python3.11/site-packages/xarray/conventions.py:210: SerializationWarning: variable 'sftlf' has multiple fill values {np.float32(1e+20), np.float64(1e+20)} defined, decoding all values to NaN.
  var = coder.decode(var, name=name)
/scratch/p66/ars599/enso_metrics_env/lib/python3.11/site-packages/xarray/conventions.py:210: SerializationWarning: variable 'rsds' has multiple fill values {np.float32(1e+20), np.float64(1e+20)} defined, decoding all values to NaN.
  var = coder.decode(var, name=name)
/scratch/p66/ars599/enso_metrics_env/lib/python3.11/site-packages/EnsoMetrics/EnsoMetricsLib.py:11532: UserWarning: areacell is None for variable 'unknown'; synthesising cosine-latitude weights. Provide areacella/sftlf for accurate spatial averages.
  sst2, keyerror1 = AverageMeridional(sst2)
/scratch/p66/ars599/enso_metrics_env/lib/python3.11/site-packages/EnsoMetrics/EnsoMetricsLib.py:11533: UserWarning: areacell is None for variable 'unknown'; synthesising cosine-latitude weights. Provide areacella/sftlf for accurate spatial averages.
  sst3_NDJ, keyerror2 = AverageMeridional(sst3_NDJ)
/scratch/p66/ars599/enso_metrics_env/lib/python3.11/site-packages/EnsoMetrics/EnsoMetricsLib.py:11534: UserWarning: areacell is None for variable 'unknown'; synthesising cosine-latitude weights. Provide areacella/sftlf for accurate spatial averages.
  sst3_MAM, keyerror3 = AverageMeridional(sst3_MAM)
/scratch/p66/ars599/enso_metrics_env/lib/python3.11/site-packages/EnsoMetrics/EnsoUvcdatToolsLib.py:7386: UserWarning: areacell is None for variable 'tos'; synthesising cosine-latitude weights. Provide areacella/sftlf for accurate spatial averages.
  variable, areacell, keyerror3 = Read_mask_area(
/scratch/p66/ars599/enso_metrics_env/lib/python3.11/site-packages/EnsoMetrics/EnsoUvcdatToolsLib.py:7283: UserWarning: areacell is None for variable 'unknown'; synthesising cosine-latitude weights. Provide areacella/sftlf for accurate spatial averages.
  tab, keyerror = dict_average[average](tab, areacell, region=region, **kwargs)
/scratch/p66/ars599/enso_metrics_env/lib/python3.11/site-packages/xarray/conventions.py:210: SerializationWarning: variable 'areacello' has multiple fill values {np.float32(1e+20), np.float64(1e+20)} defined, decoding all values to NaN.
  var = coder.decode(var, name=name)
/scratch/p66/ars599/enso_metrics_env/lib/python3.11/site-packages/xarray/conventions.py:210: SerializationWarning: variable 'tos' has multiple fill values {np.float32(1e+20), np.float64(1e+20)} defined, decoding all values to NaN.
  var = coder.decode(var, name=name)
/scratch/p66/ars599/enso_metrics_env/lib/python3.11/site-packages/EnsoMetrics/EnsoUvcdatToolsLib.py:7283: UserWarning: areacell is None for variable 'unknown'; synthesising cosine-latitude weights. Provide areacella/sftlf for accurate spatial averages.
  tab, keyerror = dict_average[average](tab, areacell, region=region, **kwargs)
/scratch/p66/ars599/enso_metrics_env/lib/python3.11/site-packages/xarray/conventions.py:210: SerializationWarning: variable 'areacella' has multiple fill values {np.float32(1e+20), np.float64(1e+20)} defined, decoding all values to NaN.
  var = coder.decode(var, name=name)
/scratch/p66/ars599/enso_metrics_env/lib/python3.11/site-packages/xarray/conventions.py:210: SerializationWarning: variable 'sftlf' has multiple fill values {np.float32(1e+20), np.float64(1e+20)} defined, decoding all values to NaN.
  var = coder.decode(var, name=name)
/scratch/p66/ars599/enso_metrics_env/lib/python3.11/site-packages/xarray/conventions.py:210: SerializationWarning: variable 'rsus' has multiple fill values {np.float32(1e+20), np.float64(1e+20)} defined, decoding all values to NaN.
  var = coder.decode(var, name=name)
/scratch/p66/ars599/enso_metrics_env/lib/python3.11/site-packages/EnsoMetrics/EnsoUvcdatToolsLib.py:7386: UserWarning: areacell is None for variable 'tos'; synthesising cosine-latitude weights. Provide areacella/sftlf for accurate spatial averages.
  variable, areacell, keyerror3 = Read_mask_area(
/scratch/p66/ars599/enso_metrics_env/lib/python3.11/site-packages/EnsoMetrics/EnsoUvcdatToolsLib.py:7386: UserWarning: areacell is None for variable 'tos'; synthesising cosine-latitude weights. Provide areacella/sftlf for accurate spatial averages.
  variable, areacell, keyerror3 = Read_mask_area(
/scratch/p66/ars599/enso_metrics_env/lib/python3.11/site-packages/EnsoMetrics/EnsoUvcdatToolsLib.py:7283: UserWarning: areacell is None for variable 'unknown'; synthesising cosine-latitude weights. Provide areacella/sftlf for accurate spatial averages.
  tab, keyerror = dict_average[average](tab, areacell, region=region, **kwargs)
/scratch/p66/ars599/enso_metrics_env/lib/python3.11/site-packages/xarray/conventions.py:210: SerializationWarning: variable 'areacello' has multiple fill values {np.float32(1e+20), np.float64(1e+20)} defined, decoding all values to NaN.
  var = coder.decode(var, name=name)
/scratch/p66/ars599/enso_metrics_env/lib/python3.11/site-packages/EnsoMetrics/EnsoMetricsLib.py:11532: UserWarning: areacell is None for variable 'unknown'; synthesising cosine-latitude weights. Provide areacella/sftlf for accurate spatial averages.
  sst2, keyerror1 = AverageMeridional(sst2)
/scratch/p66/ars599/enso_metrics_env/lib/python3.11/site-packages/EnsoMetrics/EnsoMetricsLib.py:11533: UserWarning: areacell is None for variable 'unknown'; synthesising cosine-latitude weights. Provide areacella/sftlf for accurate spatial averages.
  sst3_NDJ, keyerror2 = AverageMeridional(sst3_NDJ)
/scratch/p66/ars599/enso_metrics_env/lib/python3.11/site-packages/EnsoMetrics/EnsoMetricsLib.py:11534: UserWarning: areacell is None for variable 'unknown'; synthesising cosine-latitude weights. Provide areacella/sftlf for accurate spatial averages.
  sst3_MAM, keyerror3 = AverageMeridional(sst3_MAM)
/scratch/p66/ars599/enso_metrics_env/lib/python3.11/site-packages/EnsoMetrics/EnsoUvcdatToolsLib.py:7386: UserWarning: areacell is None for variable 'tos'; synthesising cosine-latitude weights. Provide areacella/sftlf for accurate spatial averages.
  variable, areacell, keyerror3 = Read_mask_area(
/scratch/p66/ars599/enso_metrics_env/lib/python3.11/site-packages/EnsoMetrics/EnsoUvcdatToolsLib.py:7283: UserWarning: areacell is None for variable 'unknown'; synthesising cosine-latitude weights. Provide areacella/sftlf for accurate spatial averages.
  tab, keyerror = dict_average[average](tab, areacell, region=region, **kwargs)
/scratch/p66/ars599/enso_metrics_env/lib/python3.11/site-packages/EnsoMetrics/EnsoUvcdatToolsLib.py:7283: UserWarning: areacell is None for variable 'unknown'; synthesising cosine-latitude weights. Provide areacella/sftlf for accurate spatial averages.
  tab, keyerror = dict_average[average](tab, areacell, region=region, **kwargs)
/scratch/p66/ars599/enso_metrics_env/lib/python3.11/site-packages/xarray/conventions.py:210: SerializationWarning: variable 'areacella' has multiple fill values {np.float32(1e+20), np.float64(1e+20)} defined, decoding all values to NaN.
  var = coder.decode(var, name=name)
/scratch/p66/ars599/enso_metrics_env/lib/python3.11/site-packages/xarray/conventions.py:210: SerializationWarning: variable 'sftlf' has multiple fill values {np.float32(1e+20), np.float64(1e+20)} defined, decoding all values to NaN.
  var = coder.decode(var, name=name)
/scratch/p66/ars599/enso_metrics_env/lib/python3.11/site-packages/EnsoMetrics/EnsoUvcdatToolsLib.py:7386: UserWarning: areacell is None for variable 'tos'; synthesising cosine-latitude weights. Provide areacella/sftlf for accurate spatial averages.
  variable, areacell, keyerror3 = Read_mask_area(
/scratch/p66/ars599/enso_metrics_env/lib/python3.11/site-packages/EnsoMetrics/EnsoUvcdatToolsLib.py:7386: UserWarning: areacell is None for variable 'tos'; synthesising cosine-latitude weights. Provide areacella/sftlf for accurate spatial averages.
  variable, areacell, keyerror3 = Read_mask_area(
/scratch/p66/ars599/enso_metrics_env/lib/python3.11/site-packages/EnsoMetrics/EnsoMetricsLib.py:11532: UserWarning: areacell is None for variable 'unknown'; synthesising cosine-latitude weights. Provide areacella/sftlf for accurate spatial averages.
  sst2, keyerror1 = AverageMeridional(sst2)
/scratch/p66/ars599/enso_metrics_env/lib/python3.11/site-packages/EnsoMetrics/EnsoMetricsLib.py:11533: UserWarning: areacell is None for variable 'unknown'; synthesising cosine-latitude weights. Provide areacella/sftlf for accurate spatial averages.
  sst3_NDJ, keyerror2 = AverageMeridional(sst3_NDJ)
/scratch/p66/ars599/enso_metrics_env/lib/python3.11/site-packages/EnsoMetrics/EnsoMetricsLib.py:11534: UserWarning: areacell is None for variable 'unknown'; synthesising cosine-latitude weights. Provide areacella/sftlf for accurate spatial averages.
  sst3_MAM, keyerror3 = AverageMeridional(sst3_MAM)
/scratch/p66/ars599/enso_metrics_env/lib/python3.11/site-packages/EnsoMetrics/EnsoMetricsLib.py:11532: UserWarning: areacell is None for variable 'unknown'; synthesising cosine-latitude weights. Provide areacella/sftlf for accurate spatial averages.
  sst2, keyerror1 = AverageMeridional(sst2)
/scratch/p66/ars599/enso_metrics_env/lib/python3.11/site-packages/EnsoMetrics/EnsoMetricsLib.py:11533: UserWarning: areacell is None for variable 'unknown'; synthesising cosine-latitude weights. Provide areacella/sftlf for accurate spatial averages.
  sst3_NDJ, keyerror2 = AverageMeridional(sst3_NDJ)
/scratch/p66/ars599/enso_metrics_env/lib/python3.11/site-packages/EnsoMetrics/EnsoMetricsLib.py:11534: UserWarning: areacell is None for variable 'unknown'; synthesising cosine-latitude weights. Provide areacella/sftlf for accurate spatial averages.
  sst3_MAM, keyerror3 = AverageMeridional(sst3_MAM)
/scratch/p66/ars599/enso_metrics_env/lib/python3.11/site-packages/EnsoMetrics/EnsoUvcdatToolsLib.py:7386: UserWarning: areacell is None for variable 'tos'; synthesising cosine-latitude weights. Provide areacella/sftlf for accurate spatial averages.
  variable, areacell, keyerror3 = Read_mask_area(
/scratch/p66/ars599/enso_metrics_env/lib/python3.11/site-packages/EnsoMetrics/EnsoUvcdatToolsLib.py:7283: UserWarning: areacell is None for variable 'unknown'; synthesising cosine-latitude weights. Provide areacella/sftlf for accurate spatial averages.
  tab, keyerror = dict_average[average](tab, areacell, region=region, **kwargs)
/scratch/p66/ars599/enso_metrics_env/lib/python3.11/site-packages/EnsoMetrics/EnsoUvcdatToolsLib.py:7283: UserWarning: areacell is None for variable 'unknown'; synthesising cosine-latitude weights. Provide areacella/sftlf for accurate spatial averages.
  tab, keyerror = dict_average[average](tab, areacell, region=region, **kwargs)
/scratch/p66/ars599/enso_metrics_env/lib/python3.11/site-packages/EnsoMetrics/EnsoUvcdatToolsLib.py:7386: UserWarning: areacell is None for variable 'tos'; synthesising cosine-latitude weights. Provide areacella/sftlf for accurate spatial averages.
  variable, areacell, keyerror3 = Read_mask_area(
/scratch/p66/ars599/enso_metrics_env/lib/python3.11/site-packages/EnsoMetrics/EnsoUvcdatToolsLib.py:7386: UserWarning: areacell is None for variable 'tos'; synthesising cosine-latitude weights. Provide areacella/sftlf for accurate spatial averages.
  variable, areacell, keyerror3 = Read_mask_area(
/scratch/p66/ars599/enso_metrics_env/lib/python3.11/site-packages/EnsoMetrics/EnsoMetricsLib.py:11532: UserWarning: areacell is None for variable 'unknown'; synthesising cosine-latitude weights. Provide areacella/sftlf for accurate spatial averages.
  sst2, keyerror1 = AverageMeridional(sst2)
/scratch/p66/ars599/enso_metrics_env/lib/python3.11/site-packages/EnsoMetrics/EnsoMetricsLib.py:11533: UserWarning: areacell is None for variable 'unknown'; synthesising cosine-latitude weights. Provide areacella/sftlf for accurate spatial averages.
  sst3_NDJ, keyerror2 = AverageMeridional(sst3_NDJ)
/scratch/p66/ars599/enso_metrics_env/lib/python3.11/site-packages/EnsoMetrics/EnsoMetricsLib.py:11534: UserWarning: areacell is None for variable 'unknown'; synthesising cosine-latitude weights. Provide areacella/sftlf for accurate spatial averages.
  sst3_MAM, keyerror3 = AverageMeridional(sst3_MAM)
/scratch/p66/ars599/enso_metrics_env/lib/python3.11/site-packages/EnsoMetrics/EnsoUvcdatToolsLib.py:7386: UserWarning: areacell is None for variable 'tos'; synthesising cosine-latitude weights. Provide areacella/sftlf for accurate spatial averages.
  variable, areacell, keyerror3 = Read_mask_area(
/scratch/p66/ars599/enso_metrics_env/lib/python3.11/site-packages/EnsoMetrics/EnsoUvcdatToolsLib.py:7283: UserWarning: areacell is None for variable 'unknown'; synthesising cosine-latitude weights. Provide areacella/sftlf for accurate spatial averages.
  tab, keyerror = dict_average[average](tab, areacell, region=region, **kwargs)
/scratch/p66/ars599/enso_metrics_env/lib/python3.11/site-packages/EnsoMetrics/EnsoUvcdatToolsLib.py:7283: UserWarning: areacell is None for variable 'unknown'; synthesising cosine-latitude weights. Provide areacella/sftlf for accurate spatial averages.
  tab, keyerror = dict_average[average](tab, areacell, region=region, **kwargs)
/scratch/p66/ars599/enso_metrics_env/lib/python3.11/site-packages/xarray/conventions.py:210: SerializationWarning: variable 'tos' has multiple fill values {np.float32(1e+20), np.float64(1e+20)} defined, decoding all values to NaN.
  var = coder.decode(var, name=name)
/scratch/p66/ars599/enso_metrics_env/lib/python3.11/site-packages/EnsoMetrics/EnsoUvcdatToolsLib.py:7386: UserWarning: areacell is None for variable 'tos'; synthesising cosine-latitude weights. Provide areacella/sftlf for accurate spatial averages.
  variable, areacell, keyerror3 = Read_mask_area(
/scratch/p66/ars599/enso_metrics_env/lib/python3.11/site-packages/EnsoMetrics/EnsoUvcdatToolsLib.py:7386: UserWarning: areacell is None for variable 'tos'; synthesising cosine-latitude weights. Provide areacella/sftlf for accurate spatial averages.
  variable, areacell, keyerror3 = Read_mask_area(
/scratch/p66/ars599/enso_metrics_env/lib/python3.11/site-packages/EnsoMetrics/EnsoMetricsLib.py:11532: UserWarning: areacell is None for variable 'unknown'; synthesising cosine-latitude weights. Provide areacella/sftlf for accurate spatial averages.
  sst2, keyerror1 = AverageMeridional(sst2)
/scratch/p66/ars599/enso_metrics_env/lib/python3.11/site-packages/EnsoMetrics/EnsoMetricsLib.py:11533: UserWarning: areacell is None for variable 'unknown'; synthesising cosine-latitude weights. Provide areacella/sftlf for accurate spatial averages.
  sst3_NDJ, keyerror2 = AverageMeridional(sst3_NDJ)
/scratch/p66/ars599/enso_metrics_env/lib/python3.11/site-packages/EnsoMetrics/EnsoMetricsLib.py:11534: UserWarning: areacell is None for variable 'unknown'; synthesising cosine-latitude weights. Provide areacella/sftlf for accurate spatial averages.
  sst3_MAM, keyerror3 = AverageMeridional(sst3_MAM)
/scratch/p66/ars599/enso_metrics_env/lib/python3.11/site-packages/xarray/conventions.py:210: SerializationWarning: variable 'tos' has multiple fill values {np.float32(1e+20), np.float64(1e+20)} defined, decoding all values to NaN.
  var = coder.decode(var, name=name)
/scratch/p66/ars599/enso_metrics_env/lib/python3.11/site-packages/xarray/conventions.py:210: SerializationWarning: variable 'areacello' has multiple fill values {np.float32(1e+20), np.float64(1e+20)} defined, decoding all values to NaN.
  var = coder.decode(var, name=name)
/scratch/p66/ars599/enso_metrics_env/lib/python3.11/site-packages/xarray/conventions.py:210: SerializationWarning: variable 'hfls' has multiple fill values {np.float32(1e+20), np.float64(1e+20)} defined, decoding all values to NaN.
  var = coder.decode(var, name=name)
/scratch/p66/ars599/enso_metrics_env/lib/python3.11/site-packages/xarray/conventions.py:210: SerializationWarning: variable 'areacello' has multiple fill values {np.float32(1e+20), np.float64(1e+20)} defined, decoding all values to NaN.
  var = coder.decode(var, name=name)
/scratch/p66/ars599/enso_metrics_env/lib/python3.11/site-packages/xarray/conventions.py:210: SerializationWarning: variable 'tos' has multiple fill values {np.float32(1e+20), np.float64(1e+20)} defined, decoding all values to NaN.
  var = coder.decode(var, name=name)
/scratch/p66/ars599/enso_metrics_env/lib/python3.11/site-packages/EnsoMetrics/EnsoMetricsLib.py:11783: UserWarning: areacell is None for variable 'unknown'; synthesising cosine-latitude weights. Provide areacella/sftlf for accurate spatial averages.
  sstlon, keyerror = AverageMeridional(sstmap)
/scratch/p66/ars599/enso_metrics_env/lib/python3.11/site-packages/xarray/conventions.py:210: SerializationWarning: variable 'areacella' has multiple fill values {np.float32(1e+20), np.float64(1e+20)} defined, decoding all values to NaN.
  var = coder.decode(var, name=name)
/scratch/p66/ars599/enso_metrics_env/lib/python3.11/site-packages/xarray/conventions.py:210: SerializationWarning: variable 'sftlf' has multiple fill values {np.float32(1e+20), np.float64(1e+20)} defined, decoding all values to NaN.
  var = coder.decode(var, name=name)
/scratch/p66/ars599/enso_metrics_env/lib/python3.11/site-packages/xarray/conventions.py:210: SerializationWarning: variable 'hfss' has multiple fill values {np.float32(1e+20), np.float64(1e+20)} defined, decoding all values to NaN.
  var = coder.decode(var, name=name)
/scratch/p66/ars599/enso_metrics_env/lib/python3.11/site-packages/xarray/conventions.py:210: SerializationWarning: variable 'areacella' has multiple fill values {np.float32(1e+20), np.float64(1e+20)} defined, decoding all values to NaN.
  var = coder.decode(var, name=name)
/scratch/p66/ars599/enso_metrics_env/lib/python3.11/site-packages/xarray/conventions.py:210: SerializationWarning: variable 'sftlf' has multiple fill values {np.float32(1e+20), np.float64(1e+20)} defined, decoding all values to NaN.
  var = coder.decode(var, name=name)
/scratch/p66/ars599/enso_metrics_env/lib/python3.11/site-packages/xarray/conventions.py:210: SerializationWarning: variable 'rlds' has multiple fill values {np.float32(1e+20), np.float64(1e+20)} defined, decoding all values to NaN.
  var = coder.decode(var, name=name)
/scratch/p66/ars599/enso_metrics_env/lib/python3.11/site-packages/xarray/conventions.py:210: SerializationWarning: variable 'areacella' has multiple fill values {np.float32(1e+20), np.float64(1e+20)} defined, decoding all values to NaN.
  var = coder.decode(var, name=name)
/scratch/p66/ars599/enso_metrics_env/lib/python3.11/site-packages/xarray/conventions.py:210: SerializationWarning: variable 'sftlf' has multiple fill values {np.float32(1e+20), np.float64(1e+20)} defined, decoding all values to NaN.
  var = coder.decode(var, name=name)
/scratch/p66/ars599/enso_metrics_env/lib/python3.11/site-packages/EnsoMetrics/EnsoUvcdatToolsLib.py:7386: UserWarning: areacell is None for variable 'tos'; synthesising cosine-latitude weights. Provide areacella/sftlf for accurate spatial averages.
  variable, areacell, keyerror3 = Read_mask_area(
/scratch/p66/ars599/enso_metrics_env/lib/python3.11/site-packages/xarray/conventions.py:210: SerializationWarning: variable 'rlus' has multiple fill values {np.float32(1e+20), np.float64(1e+20)} defined, decoding all values to NaN.
  var = coder.decode(var, name=name)
/scratch/p66/ars599/enso_metrics_env/lib/python3.11/site-packages/EnsoMetrics/EnsoUvcdatToolsLib.py:7386: UserWarning: areacell is None for variable 'tos'; synthesising cosine-latitude weights. Provide areacella/sftlf for accurate spatial averages.
  variable, areacell, keyerror3 = Read_mask_area(
/scratch/p66/ars599/enso_metrics_env/lib/python3.11/site-packages/xarray/conventions.py:210: SerializationWarning: variable 'areacello' has multiple fill values {np.float32(1e+20), np.float64(1e+20)} defined, decoding all values to NaN.
  var = coder.decode(var, name=name)
/scratch/p66/ars599/enso_metrics_env/lib/python3.11/site-packages/xarray/conventions.py:210: SerializationWarning: variable 'areacella' has multiple fill values {np.float32(1e+20), np.float64(1e+20)} defined, decoding all values to NaN.
  var = coder.decode(var, name=name)
/scratch/p66/ars599/enso_metrics_env/lib/python3.11/site-packages/xarray/conventions.py:210: SerializationWarning: variable 'sftlf' has multiple fill values {np.float32(1e+20), np.float64(1e+20)} defined, decoding all values to NaN.
  var = coder.decode(var, name=name)
/scratch/p66/ars599/enso_metrics_env/lib/python3.11/site-packages/xarray/conventions.py:210: SerializationWarning: variable 'rsds' has multiple fill values {np.float32(1e+20), np.float64(1e+20)} defined, decoding all values to NaN.
  var = coder.decode(var, name=name)
/scratch/p66/ars599/enso_metrics_env/lib/python3.11/site-packages/EnsoMetrics/EnsoUvcdatToolsLib.py:7283: UserWarning: areacell is None for variable 'unknown'; synthesising cosine-latitude weights. Provide areacella/sftlf for accurate spatial averages.
  tab, keyerror = dict_average[average](tab, areacell, region=region, **kwargs)
/scratch/p66/ars599/enso_metrics_env/lib/python3.11/site-packages/xarray/conventions.py:210: SerializationWarning: variable 'areacella' has multiple fill values {np.float32(1e+20), np.float64(1e+20)} defined, decoding all values to NaN.
  var = coder.decode(var, name=name)
/scratch/p66/ars599/enso_metrics_env/lib/python3.11/site-packages/xarray/conventions.py:210: SerializationWarning: variable 'sftlf' has multiple fill values {np.float32(1e+20), np.float64(1e+20)} defined, decoding all values to NaN.
  var = coder.decode(var, name=name)
/scratch/p66/ars599/enso_metrics_env/lib/python3.11/site-packages/xarray/conventions.py:210: SerializationWarning: variable 'rsus' has multiple fill values {np.float32(1e+20), np.float64(1e+20)} defined, decoding all values to NaN.
  var = coder.decode(var, name=name)
/scratch/p66/ars599/enso_metrics_env/lib/python3.11/site-packages/EnsoMetrics/EnsoMetricsLib.py:11783: UserWarning: areacell is None for variable 'unknown'; synthesising cosine-latitude weights. Provide areacella/sftlf for accurate spatial averages.
  sstlon, keyerror = AverageMeridional(sstmap)
/scratch/p66/ars599/enso_metrics_env/lib/python3.11/site-packages/EnsoMetrics/EnsoMetricsLib.py:11783: UserWarning: areacell is None for variable 'unknown'; synthesising cosine-latitude weights. Provide areacella/sftlf for accurate spatial averages.
  sstlon, keyerror = AverageMeridional(sstmap)
/scratch/p66/ars599/enso_metrics_env/lib/python3.11/site-packages/xarray/conventions.py:210: SerializationWarning: variable 'areacella' has multiple fill values {np.float32(1e+20), np.float64(1e+20)} defined, decoding all values to NaN.
  var = coder.decode(var, name=name)
/scratch/p66/ars599/enso_metrics_env/lib/python3.11/site-packages/xarray/conventions.py:210: SerializationWarning: variable 'sftlf' has multiple fill values {np.float32(1e+20), np.float64(1e+20)} defined, decoding all values to NaN.
  var = coder.decode(var, name=name)
/scratch/p66/ars599/enso_metrics_env/lib/python3.11/site-packages/EnsoMetrics/EnsoUvcdatToolsLib.py:7386: UserWarning: areacell is None for variable 'tos'; synthesising cosine-latitude weights. Provide areacella/sftlf for accurate spatial averages.
  variable, areacell, keyerror3 = Read_mask_area(
/scratch/p66/ars599/enso_metrics_env/lib/python3.11/site-packages/EnsoMetrics/EnsoUvcdatToolsLib.py:7386: UserWarning: areacell is None for variable 'tos'; synthesising cosine-latitude weights. Provide areacella/sftlf for accurate spatial averages.
  variable, areacell, keyerror3 = Read_mask_area(
/scratch/p66/ars599/enso_metrics_env/lib/python3.11/site-packages/EnsoMetrics/EnsoUvcdatToolsLib.py:7283: UserWarning: areacell is None for variable 'unknown'; synthesising cosine-latitude weights. Provide areacella/sftlf for accurate spatial averages.
  tab, keyerror = dict_average[average](tab, areacell, region=region, **kwargs)
/scratch/p66/ars599/enso_metrics_env/lib/python3.11/site-packages/EnsoMetrics/EnsoUvcdatToolsLib.py:7386: UserWarning: areacell is None for variable 'tos'; synthesising cosine-latitude weights. Provide areacella/sftlf for accurate spatial averages.
  variable, areacell, keyerror3 = Read_mask_area(
/scratch/p66/ars599/enso_metrics_env/lib/python3.11/site-packages/EnsoMetrics/EnsoMetricsLib.py:11783: UserWarning: areacell is None for variable 'unknown'; synthesising cosine-latitude weights. Provide areacella/sftlf for accurate spatial averages.
  sstlon, keyerror = AverageMeridional(sstmap)
/scratch/p66/ars599/enso_metrics_env/lib/python3.11/site-packages/EnsoMetrics/EnsoUvcdatToolsLib.py:7386: UserWarning: areacell is None for variable 'tos'; synthesising cosine-latitude weights. Provide areacella/sftlf for accurate spatial averages.
  variable, areacell, keyerror3 = Read_mask_area(
/scratch/p66/ars599/enso_metrics_env/lib/python3.11/site-packages/EnsoMetrics/EnsoUvcdatToolsLib.py:7283: UserWarning: areacell is None for variable 'unknown'; synthesising cosine-latitude weights. Provide areacella/sftlf for accurate spatial averages.
  tab, keyerror = dict_average[average](tab, areacell, region=region, **kwargs)
/scratch/p66/ars599/enso_metrics_env/lib/python3.11/site-packages/EnsoMetrics/EnsoMetricsLib.py:7820: UserWarning: areacell is None for variable 'unknown'; synthesising cosine-latitude weights. Provide areacella/sftlf for accurate spatial averages.
  sst_map, keyerror1 = AverageMeridional(sst_map)
/scratch/p66/ars599/enso_metrics_env/lib/python3.11/site-packages/EnsoMetrics/EnsoMetricsLib.py:7821: UserWarning: areacell is None for variable 'unknown'; synthesising cosine-latitude weights. Provide areacella/sftlf for accurate spatial averages.
  thf_map, keyerror2 = AverageMeridional(thf_map)
/scratch/p66/ars599/enso_metrics_env/lib/python3.11/site-packages/EnsoMetrics/EnsoUvcdatToolsLib.py:7386: UserWarning: areacell is None for variable 'tos'; synthesising cosine-latitude weights. Provide areacella/sftlf for accurate spatial averages.
  variable, areacell, keyerror3 = Read_mask_area(
/scratch/p66/ars599/enso_metrics_env/lib/python3.11/site-packages/EnsoMetrics/EnsoUvcdatToolsLib.py:7386: UserWarning: areacell is None for variable 'tos'; synthesising cosine-latitude weights. Provide areacella/sftlf for accurate spatial averages.
  variable, areacell, keyerror3 = Read_mask_area(
/scratch/p66/ars599/enso_metrics_env/lib/python3.11/site-packages/EnsoMetrics/EnsoMetricsLib.py:11783: UserWarning: areacell is None for variable 'unknown'; synthesising cosine-latitude weights. Provide areacella/sftlf for accurate spatial averages.
  sstlon, keyerror = AverageMeridional(sstmap)
/scratch/p66/ars599/enso_metrics_env/lib/python3.11/site-packages/EnsoMetrics/EnsoUvcdatToolsLib.py:5751: UserWarning: Generated land mask is entirely ocean for this region. This may be expected if the region is all ocean.
  sft = cdutil.generateLandSeaMask(d(*(slice(0, 1),) * n),debug=False) * 100.0
/scratch/p66/ars599/enso_metrics_env/lib/python3.11/site-packages/EnsoMetrics/EnsoUvcdatToolsLib.py:7283: UserWarning: areacell is None for variable 'unknown'; synthesising cosine-latitude weights. Provide areacella/sftlf for accurate spatial averages.
  tab, keyerror = dict_average[average](tab, areacell, region=region, **kwargs)
/scratch/p66/ars599/enso_metrics_env/lib/python3.11/site-packages/EnsoMetrics/EnsoUvcdatToolsLib.py:7386: UserWarning: areacell is None for variable 'tos'; synthesising cosine-latitude weights. Provide areacella/sftlf for accurate spatial averages.
  variable, areacell, keyerror3 = Read_mask_area(
/scratch/p66/ars599/enso_metrics_env/lib/python3.11/site-packages/EnsoMetrics/EnsoUvcdatToolsLib.py:7283: UserWarning: areacell is None for variable 'unknown'; synthesising cosine-latitude weights. Provide areacella/sftlf for accurate spatial averages.
  tab, keyerror = dict_average[average](tab, areacell, region=region, **kwargs)
/scratch/p66/ars599/enso_metrics_env/lib/python3.11/site-packages/EnsoMetrics/EnsoUvcdatToolsLib.py:7386: UserWarning: areacell is None for variable 'tos'; synthesising cosine-latitude weights. Provide areacella/sftlf for accurate spatial averages.
  variable, areacell, keyerror3 = Read_mask_area(
/scratch/p66/ars599/enso_metrics_env/lib/python3.11/site-packages/EnsoMetrics/EnsoUvcdatToolsLib.py:5751: UserWarning: Generated land mask is entirely ocean for this region. This may be expected if the region is all ocean.
  sft = cdutil.generateLandSeaMask(d(*(slice(0, 1),) * n),debug=False) * 100.0
/scratch/p66/ars599/enso_metrics_env/lib/python3.11/site-packages/EnsoMetrics/EnsoUvcdatToolsLib.py:7386: UserWarning: areacell is None for variable 'tos'; synthesising cosine-latitude weights. Provide areacella/sftlf for accurate spatial averages.
  variable, areacell, keyerror3 = Read_mask_area(
/scratch/p66/ars599/enso_metrics_env/lib/python3.11/site-packages/EnsoMetrics/EnsoUvcdatToolsLib.py:7386: UserWarning: areacell is None for variable 'tos'; synthesising cosine-latitude weights. Provide areacella/sftlf for accurate spatial averages.
  variable, areacell, keyerror3 = Read_mask_area(
/scratch/p66/ars599/enso_metrics_env/lib/python3.11/site-packages/EnsoMetrics/EnsoUvcdatToolsLib.py:7283: UserWarning: areacell is None for variable 'unknown'; synthesising cosine-latitude weights. Provide areacella/sftlf for accurate spatial averages.
  tab, keyerror = dict_average[average](tab, areacell, region=region, **kwargs)
/scratch/p66/ars599/enso_metrics_env/lib/python3.11/site-packages/EnsoMetrics/EnsoUvcdatToolsLib.py:7283: UserWarning: areacell is None for variable 'unknown'; synthesising cosine-latitude weights. Provide areacella/sftlf for accurate spatial averages.
  tab, keyerror = dict_average[average](tab, areacell, region=region, **kwargs)
/scratch/p66/ars599/enso_metrics_env/lib/python3.11/site-packages/EnsoMetrics/EnsoMetricsLib.py:7820: UserWarning: areacell is None for variable 'unknown'; synthesising cosine-latitude weights. Provide areacella/sftlf for accurate spatial averages.
  sst_map, keyerror1 = AverageMeridional(sst_map)
/scratch/p66/ars599/enso_metrics_env/lib/python3.11/site-packages/EnsoMetrics/EnsoMetricsLib.py:7821: UserWarning: areacell is None for variable 'unknown'; synthesising cosine-latitude weights. Provide areacella/sftlf for accurate spatial averages.
  thf_map, keyerror2 = AverageMeridional(thf_map)
/scratch/p66/ars599/enso_metrics_env/lib/python3.11/site-packages/EnsoMetrics/EnsoUvcdatToolsLib.py:7386: UserWarning: areacell is None for variable 'tos'; synthesising cosine-latitude weights. Provide areacella/sftlf for accurate spatial averages.
  variable, areacell, keyerror3 = Read_mask_area(
/scratch/p66/ars599/enso_metrics_env/lib/python3.11/site-packages/EnsoMetrics/EnsoMetricsLib.py:11783: UserWarning: areacell is None for variable 'unknown'; synthesising cosine-latitude weights. Provide areacella/sftlf for accurate spatial averages.
  sstlon, keyerror = AverageMeridional(sstmap)
/scratch/p66/ars599/enso_metrics_env/lib/python3.11/site-packages/EnsoMetrics/EnsoUvcdatToolsLib.py:7386: UserWarning: areacell is None for variable 'tos'; synthesising cosine-latitude weights. Provide areacella/sftlf for accurate spatial averages.
  variable, areacell, keyerror3 = Read_mask_area(
/scratch/p66/ars599/enso_metrics_env/lib/python3.11/site-packages/EnsoMetrics/EnsoUvcdatToolsLib.py:5751: UserWarning: Generated land mask is entirely ocean for this region. This may be expected if the region is all ocean.
  sft = cdutil.generateLandSeaMask(d(*(slice(0, 1),) * n),debug=False) * 100.0
/scratch/p66/ars599/enso_metrics_env/lib/python3.11/site-packages/EnsoMetrics/EnsoUvcdatToolsLib.py:7386: UserWarning: areacell is None for variable 'tos'; synthesising cosine-latitude weights. Provide areacella/sftlf for accurate spatial averages.
  variable, areacell, keyerror3 = Read_mask_area(
/scratch/p66/ars599/enso_metrics_env/lib/python3.11/site-packages/xarray/conventions.py:210: SerializationWarning: variable 'tos' has multiple fill values {np.float32(1e+20), np.float64(1e+20)} defined, decoding all values to NaN.
  var = coder.decode(var, name=name)
/scratch/p66/ars599/enso_metrics_env/lib/python3.11/site-packages/EnsoMetrics/EnsoUvcdatToolsLib.py:7283: UserWarning: areacell is None for variable 'unknown'; synthesising cosine-latitude weights. Provide areacella/sftlf for accurate spatial averages.
  tab, keyerror = dict_average[average](tab, areacell, region=region, **kwargs)
/scratch/p66/ars599/enso_metrics_env/lib/python3.11/site-packages/EnsoMetrics/EnsoUvcdatToolsLib.py:7283: UserWarning: areacell is None for variable 'unknown'; synthesising cosine-latitude weights. Provide areacella/sftlf for accurate spatial averages.
  tab, keyerror = dict_average[average](tab, areacell, region=region, **kwargs)
/scratch/p66/ars599/enso_metrics_env/lib/python3.11/site-packages/EnsoMetrics/EnsoUvcdatToolsLib.py:7386: UserWarning: areacell is None for variable 'tos'; synthesising cosine-latitude weights. Provide areacella/sftlf for accurate spatial averages.
  variable, areacell, keyerror3 = Read_mask_area(
/scratch/p66/ars599/enso_metrics_env/lib/python3.11/site-packages/EnsoMetrics/EnsoUvcdatToolsLib.py:5751: UserWarning: Generated land mask is entirely ocean for this region. This may be expected if the region is all ocean.
  sft = cdutil.generateLandSeaMask(d(*(slice(0, 1),) * n),debug=False) * 100.0
/scratch/p66/ars599/enso_metrics_env/lib/python3.11/site-packages/EnsoMetrics/EnsoMetricsLib.py:7820: UserWarning: areacell is None for variable 'unknown'; synthesising cosine-latitude weights. Provide areacella/sftlf for accurate spatial averages.
  sst_map, keyerror1 = AverageMeridional(sst_map)
/scratch/p66/ars599/enso_metrics_env/lib/python3.11/site-packages/EnsoMetrics/EnsoMetricsLib.py:7821: UserWarning: areacell is None for variable 'unknown'; synthesising cosine-latitude weights. Provide areacella/sftlf for accurate spatial averages.
  thf_map, keyerror2 = AverageMeridional(thf_map)
/scratch/p66/ars599/enso_metrics_env/lib/python3.11/site-packages/xarray/conventions.py:210: SerializationWarning: variable 'tos' has multiple fill values {np.float32(1e+20), np.float64(1e+20)} defined, decoding all values to NaN.
  var = coder.decode(var, name=name)
/scratch/p66/ars599/enso_metrics_env/lib/python3.11/site-packages/xarray/conventions.py:210: SerializationWarning: variable 'areacello' has multiple fill values {np.float32(1e+20), np.float64(1e+20)} defined, decoding all values to NaN.
  var = coder.decode(var, name=name)
/scratch/p66/ars599/enso_metrics_env/lib/python3.11/site-packages/EnsoMetrics/EnsoUvcdatToolsLib.py:7386: UserWarning: areacell is None for variable 'tos'; synthesising cosine-latitude weights. Provide areacella/sftlf for accurate spatial averages.
  variable, areacell, keyerror3 = Read_mask_area(
/scratch/p66/ars599/enso_metrics_env/lib/python3.11/site-packages/EnsoMetrics/EnsoUvcdatToolsLib.py:7386: UserWarning: areacell is None for variable 'tos'; synthesising cosine-latitude weights. Provide areacella/sftlf for accurate spatial averages.
  variable, areacell, keyerror3 = Read_mask_area(
/scratch/p66/ars599/enso_metrics_env/lib/python3.11/site-packages/xarray/conventions.py:210: SerializationWarning: variable 'tos' has multiple fill values {np.float32(1e+20), np.float64(1e+20)} defined, decoding all values to NaN.
  var = coder.decode(var, name=name)
/scratch/p66/ars599/enso_metrics_env/lib/python3.11/site-packages/xarray/conventions.py:210: SerializationWarning: variable 'areacello' has multiple fill values {np.float32(1e+20), np.float64(1e+20)} defined, decoding all values to NaN.
  var = coder.decode(var, name=name)
/scratch/p66/ars599/enso_metrics_env/lib/python3.11/site-packages/xarray/conventions.py:210: SerializationWarning: variable 'zos' has multiple fill values {np.float32(1e+20), np.float64(1e+20)} defined, decoding all values to NaN.
  var = coder.decode(var, name=name)
/scratch/p66/ars599/enso_metrics_env/lib/python3.11/site-packages/xarray/conventions.py:210: SerializationWarning: variable 'areacello' has multiple fill values {np.float32(1e+20), np.float64(1e+20)} defined, decoding all values to NaN.
  var = coder.decode(var, name=name)
/scratch/p66/ars599/enso_metrics_env/lib/python3.11/site-packages/EnsoMetrics/EnsoUvcdatToolsLib.py:7386: UserWarning: areacell is None for variable 'tos'; synthesising cosine-latitude weights. Provide areacella/sftlf for accurate spatial averages.
  variable, areacell, keyerror3 = Read_mask_area(
/scratch/p66/ars599/enso_metrics_env/lib/python3.11/site-packages/EnsoMetrics/EnsoUvcdatToolsLib.py:7283: UserWarning: areacell is None for variable 'unknown'; synthesising cosine-latitude weights. Provide areacella/sftlf for accurate spatial averages.
  tab, keyerror = dict_average[average](tab, areacell, region=region, **kwargs)
/scratch/p66/ars599/enso_metrics_env/lib/python3.11/site-packages/xarray/conventions.py:210: SerializationWarning: variable 'areacello' has multiple fill values {np.float32(1e+20), np.float64(1e+20)} defined, decoding all values to NaN.
  var = coder.decode(var, name=name)
/scratch/p66/ars599/enso_metrics_env/lib/python3.11/site-packages/EnsoMetrics/EnsoUvcdatToolsLib.py:7283: UserWarning: areacell is None for variable 'unknown'; synthesising cosine-latitude weights. Provide areacella/sftlf for accurate spatial averages.
  tab, keyerror = dict_average[average](tab, areacell, region=region, **kwargs)
/scratch/p66/ars599/enso_metrics_env/lib/python3.11/site-packages/xarray/conventions.py:210: SerializationWarning: variable 'tos' has multiple fill values {np.float32(1e+20), np.float64(1e+20)} defined, decoding all values to NaN.
  var = coder.decode(var, name=name)
/scratch/p66/ars599/enso_metrics_env/lib/python3.11/site-packages/EnsoMetrics/EnsoMetricsLib.py:14907: UserWarning: areacell is None for variable 'unknown'; synthesising cosine-latitude weights. Provide areacella/sftlf for accurate spatial averages.
  sstlon_mod, keyerror_mod = AverageMeridional(sstmap_mod)
/scratch/p66/ars599/enso_metrics_env/lib/python3.11/site-packages/EnsoMetrics/EnsoMetricsLib.py:14908: UserWarning: areacell is None for variable 'unknown'; synthesising cosine-latitude weights. Provide areacella/sftlf for accurate spatial averages.
  sstlon_obs, keyerror_obs = AverageMeridional(sstmap_obs)
/scratch/p66/ars599/enso_metrics_env/lib/python3.11/site-packages/xarray/conventions.py:210: SerializationWarning: variable 'tos' has multiple fill values {np.float32(1e+20), np.float64(1e+20)} defined, decoding all values to NaN.
  var = coder.decode(var, name=name)
/scratch/p66/ars599/enso_metrics_env/lib/python3.11/site-packages/EnsoMetrics/EnsoUvcdatToolsLib.py:7283: UserWarning: areacell is None for variable 'unknown'; synthesising cosine-latitude weights. Provide areacella/sftlf for accurate spatial averages.
  tab, keyerror = dict_average[average](tab, areacell, region=region, **kwargs)
/scratch/p66/ars599/enso_metrics_env/lib/python3.11/site-packages/EnsoMetrics/EnsoMetricsLib.py:14907: UserWarning: areacell is None for variable 'unknown'; synthesising cosine-latitude weights. Provide areacella/sftlf for accurate spatial averages.
  sstlon_mod, keyerror_mod = AverageMeridional(sstmap_mod)
/scratch/p66/ars599/enso_metrics_env/lib/python3.11/site-packages/EnsoMetrics/EnsoMetricsLib.py:14908: UserWarning: areacell is None for variable 'unknown'; synthesising cosine-latitude weights. Provide areacella/sftlf for accurate spatial averages.
  sstlon_obs, keyerror_obs = AverageMeridional(sstmap_obs)
/scratch/p66/ars599/enso_metrics_env/lib/python3.11/site-packages/xarray/conventions.py:210: SerializationWarning: variable 'areacello' has multiple fill values {np.float32(1e+20), np.float64(1e+20)} defined, decoding all values to NaN.
  var = coder.decode(var, name=name)
/scratch/p66/ars599/enso_metrics_env/lib/python3.11/site-packages/xarray/conventions.py:210: SerializationWarning: variable 'zos' has multiple fill values {np.float32(1e+20), np.float64(1e+20)} defined, decoding all values to NaN.
  var = coder.decode(var, name=name)
/scratch/p66/ars599/enso_metrics_env/lib/python3.11/site-packages/xarray/conventions.py:210: SerializationWarning: variable 'areacello' has multiple fill values {np.float32(1e+20), np.float64(1e+20)} defined, decoding all values to NaN.
  var = coder.decode(var, name=name)
/scratch/p66/ars599/enso_metrics_env/lib/python3.11/site-packages/EnsoMetrics/EnsoUvcdatToolsLib.py:7386: UserWarning: areacell is None for variable 'tos'; synthesising cosine-latitude weights. Provide areacella/sftlf for accurate spatial averages.
  variable, areacell, keyerror3 = Read_mask_area(
/scratch/p66/ars599/enso_metrics_env/lib/python3.11/site-packages/xarray/conventions.py:210: SerializationWarning: variable 'areacello' has multiple fill values {np.float32(1e+20), np.float64(1e+20)} defined, decoding all values to NaN.
  var = coder.decode(var, name=name)
/scratch/p66/ars599/enso_metrics_env/lib/python3.11/site-packages/EnsoMetrics/EnsoUvcdatToolsLib.py:7386: UserWarning: areacell is None for variable 'tos'; synthesising cosine-latitude weights. Provide areacella/sftlf for accurate spatial averages.
  variable, areacell, keyerror3 = Read_mask_area(
/scratch/p66/ars599/enso_metrics_env/lib/python3.11/site-packages/EnsoMetrics/EnsoMetricsLib.py:8494: UserWarning: areacell is None for variable 'unknown'; synthesising cosine-latitude weights. Provide areacella/sftlf for accurate spatial averages.
  sst_map, keyerror1 = AverageMeridional(sst_map)
/scratch/p66/ars599/enso_metrics_env/lib/python3.11/site-packages/EnsoMetrics/EnsoMetricsLib.py:8495: UserWarning: areacell is None for variable 'unknown'; synthesising cosine-latitude weights. Provide areacella/sftlf for accurate spatial averages.
  ssh_map, keyerror2 = AverageMeridional(ssh_map)
/scratch/p66/ars599/enso_metrics_env/lib/python3.11/site-packages/EnsoMetrics/EnsoUvcdatToolsLib.py:7386: UserWarning: areacell is None for variable 'tos'; synthesising cosine-latitude weights. Provide areacella/sftlf for accurate spatial averages.
  variable, areacell, keyerror3 = Read_mask_area(
/scratch/p66/ars599/enso_metrics_env/lib/python3.11/site-packages/xarray/conventions.py:210: SerializationWarning: variable 'tos' has multiple fill values {np.float32(1e+20), np.float64(1e+20)} defined, decoding all values to NaN.
  var = coder.decode(var, name=name)
/scratch/p66/ars599/enso_metrics_env/lib/python3.11/site-packages/xarray/conventions.py:210: SerializationWarning: variable 'areacello' has multiple fill values {np.float32(1e+20), np.float64(1e+20)} defined, decoding all values to NaN.
  var = coder.decode(var, name=name)
/scratch/p66/ars599/enso_metrics_env/lib/python3.11/site-packages/EnsoMetrics/EnsoUvcdatToolsLib.py:7386: UserWarning: areacell is None for variable 'tos'; synthesising cosine-latitude weights. Provide areacella/sftlf for accurate spatial averages.
  variable, areacell, keyerror3 = Read_mask_area(
/scratch/p66/ars599/enso_metrics_env/lib/python3.11/site-packages/xarray/conventions.py:210: SerializationWarning: variable 'tos' has multiple fill values {np.float32(1e+20), np.float64(1e+20)} defined, decoding all values to NaN.
  var = coder.decode(var, name=name)
/scratch/p66/ars599/enso_metrics_env/lib/python3.11/site-packages/EnsoMetrics/EnsoUvcdatToolsLib.py:7386: UserWarning: areacell is None for variable 'tos'; synthesising cosine-latitude weights. Provide areacella/sftlf for accurate spatial averages.
  variable, areacell, keyerror3 = Read_mask_area(
/scratch/p66/ars599/enso_metrics_env/lib/python3.11/site-packages/xarray/conventions.py:210: SerializationWarning: variable 'areacello' has multiple fill values {np.float32(1e+20), np.float64(1e+20)} defined, decoding all values to NaN.
  var = coder.decode(var, name=name)
/scratch/p66/ars599/enso_metrics_env/lib/python3.11/site-packages/EnsoMetrics/EnsoUvcdatToolsLib.py:7386: UserWarning: areacell is None for variable 'tos'; synthesising cosine-latitude weights. Provide areacella/sftlf for accurate spatial averages.
  variable, areacell, keyerror3 = Read_mask_area(
/scratch/p66/ars599/enso_metrics_env/lib/python3.11/site-packages/EnsoMetrics/EnsoUvcdatToolsLib.py:7386: UserWarning: areacell is None for variable 'tos'; synthesising cosine-latitude weights. Provide areacella/sftlf for accurate spatial averages.
  variable, areacell, keyerror3 = Read_mask_area(
/scratch/p66/ars599/enso_metrics_env/lib/python3.11/site-packages/EnsoMetrics/EnsoUvcdatToolsLib.py:7283: UserWarning: areacell is None for variable 'unknown'; synthesising cosine-latitude weights. Provide areacella/sftlf for accurate spatial averages.
  tab, keyerror = dict_average[average](tab, areacell, region=region, **kwargs)
/scratch/p66/ars599/enso_metrics_env/lib/python3.11/site-packages/EnsoMetrics/EnsoMetricsLib.py:14907: UserWarning: areacell is None for variable 'unknown'; synthesising cosine-latitude weights. Provide areacella/sftlf for accurate spatial averages.
  sstlon_mod, keyerror_mod = AverageMeridional(sstmap_mod)
/scratch/p66/ars599/enso_metrics_env/lib/python3.11/site-packages/EnsoMetrics/EnsoMetricsLib.py:14908: UserWarning: areacell is None for variable 'unknown'; synthesising cosine-latitude weights. Provide areacella/sftlf for accurate spatial averages.
  sstlon_obs, keyerror_obs = AverageMeridional(sstmap_obs)
/scratch/p66/ars599/enso_metrics_env/lib/python3.11/site-packages/xarray/conventions.py:210: SerializationWarning: variable 'tos' has multiple fill values {np.float32(1e+20), np.float64(1e+20)} defined, decoding all values to NaN.
  var = coder.decode(var, name=name)
/scratch/p66/ars599/enso_metrics_env/lib/python3.11/site-packages/xarray/conventions.py:210: SerializationWarning: variable 'areacello' has multiple fill values {np.float32(1e+20), np.float64(1e+20)} defined, decoding all values to NaN.
  var = coder.decode(var, name=name)
/scratch/p66/ars599/enso_metrics_env/lib/python3.11/site-packages/EnsoMetrics/EnsoUvcdatToolsLib.py:7386: UserWarning: areacell is None for variable 'tos'; synthesising cosine-latitude weights. Provide areacella/sftlf for accurate spatial averages.
  variable, areacell, keyerror3 = Read_mask_area(
/scratch/p66/ars599/enso_metrics_env/lib/python3.11/site-packages/EnsoMetrics/EnsoUvcdatToolsLib.py:7283: UserWarning: areacell is None for variable 'unknown'; synthesising cosine-latitude weights. Provide areacella/sftlf for accurate spatial averages.
  tab, keyerror = dict_average[average](tab, areacell, region=region, **kwargs)
/scratch/p66/ars599/enso_metrics_env/lib/python3.11/site-packages/EnsoMetrics/EnsoUvcdatToolsLib.py:7283: UserWarning: areacell is None for variable 'unknown'; synthesising cosine-latitude weights. Provide areacella/sftlf for accurate spatial averages.
  tab, keyerror = dict_average[average](tab, areacell, region=region, **kwargs)
/scratch/p66/ars599/enso_metrics_env/lib/python3.11/site-packages/xarray/conventions.py:210: SerializationWarning: variable 'tos' has multiple fill values {np.float32(1e+20), np.float64(1e+20)} defined, decoding all values to NaN.
  var = coder.decode(var, name=name)
/scratch/p66/ars599/enso_metrics_env/lib/python3.11/site-packages/EnsoMetrics/EnsoMetricsLib.py:14907: UserWarning: areacell is None for variable 'unknown'; synthesising cosine-latitude weights. Provide areacella/sftlf for accurate spatial averages.
  sstlon_mod, keyerror_mod = AverageMeridional(sstmap_mod)
/scratch/p66/ars599/enso_metrics_env/lib/python3.11/site-packages/EnsoMetrics/EnsoMetricsLib.py:14908: UserWarning: areacell is None for variable 'unknown'; synthesising cosine-latitude weights. Provide areacella/sftlf for accurate spatial averages.
  sstlon_obs, keyerror_obs = AverageMeridional(sstmap_obs)
/scratch/p66/ars599/enso_metrics_env/lib/python3.11/site-packages/EnsoMetrics/EnsoUvcdatToolsLib.py:7386: UserWarning: areacell is None for variable 'tos'; synthesising cosine-latitude weights. Provide areacella/sftlf for accurate spatial averages.
  variable, areacell, keyerror3 = Read_mask_area(
/scratch/p66/ars599/enso_metrics_env/lib/python3.11/site-packages/xarray/conventions.py:210: SerializationWarning: variable 'areacello' has multiple fill values {np.float32(1e+20), np.float64(1e+20)} defined, decoding all values to NaN.
  var = coder.decode(var, name=name)
/scratch/p66/ars599/enso_metrics_env/lib/python3.11/site-packages/xarray/conventions.py:210: SerializationWarning: variable 'tos' has multiple fill values {np.float32(1e+20), np.float64(1e+20)} defined, decoding all values to NaN.
  var = coder.decode(var, name=name)
/scratch/p66/ars599/enso_metrics_env/lib/python3.11/site-packages/EnsoMetrics/EnsoUvcdatToolsLib.py:7386: UserWarning: areacell is None for variable 'tos'; synthesising cosine-latitude weights. Provide areacella/sftlf for accurate spatial averages.
  variable, areacell, keyerror3 = Read_mask_area(
/scratch/p66/ars599/enso_metrics_env/lib/python3.11/site-packages/EnsoMetrics/EnsoUvcdatToolsLib.py:7386: UserWarning: areacell is None for variable 'zos'; synthesising cosine-latitude weights. Provide areacella/sftlf for accurate spatial averages.
  variable, areacell, keyerror3 = Read_mask_area(
/scratch/p66/ars599/enso_metrics_env/lib/python3.11/site-packages/EnsoMetrics/EnsoUvcdatToolsLib.py:7283: UserWarning: areacell is None for variable 'unknown'; synthesising cosine-latitude weights. Provide areacella/sftlf for accurate spatial averages.
  tab, keyerror = dict_average[average](tab, areacell, region=region, **kwargs)
/scratch/p66/ars599/enso_metrics_env/lib/python3.11/site-packages/xarray/conventions.py:210: SerializationWarning: variable 'areacello' has multiple fill values {np.float32(1e+20), np.float64(1e+20)} defined, decoding all values to NaN.
  var = coder.decode(var, name=name)
/scratch/p66/ars599/enso_metrics_env/lib/python3.11/site-packages/EnsoMetrics/EnsoUvcdatToolsLib.py:7283: UserWarning: areacell is None for variable 'unknown'; synthesising cosine-latitude weights. Provide areacella/sftlf for accurate spatial averages.
  tab, keyerror = dict_average[average](tab, areacell, region=region, **kwargs)
/scratch/p66/ars599/enso_metrics_env/lib/python3.11/site-packages/xarray/conventions.py:210: SerializationWarning: variable 'tos' has multiple fill values {np.float32(1e+20), np.float64(1e+20)} defined, decoding all values to NaN.
  var = coder.decode(var, name=name)
/scratch/p66/ars599/enso_metrics_env/lib/python3.11/site-packages/EnsoMetrics/EnsoUvcdatToolsLib.py:7386: UserWarning: areacell is None for variable 'tos'; synthesising cosine-latitude weights. Provide areacella/sftlf for accurate spatial averages.
  variable, areacell, keyerror3 = Read_mask_area(
/scratch/p66/ars599/enso_metrics_env/lib/python3.11/site-packages/EnsoMetrics/EnsoUvcdatToolsLib.py:7386: UserWarning: areacell is None for variable 'zos'; synthesising cosine-latitude weights. Provide areacella/sftlf for accurate spatial averages.
  variable, areacell, keyerror3 = Read_mask_area(
/scratch/p66/ars599/enso_metrics_env/lib/python3.11/site-packages/xarray/conventions.py:210: SerializationWarning: variable 'areacello' has multiple fill values {np.float32(1e+20), np.float64(1e+20)} defined, decoding all values to NaN.
  var = coder.decode(var, name=name)
/scratch/p66/ars599/enso_metrics_env/lib/python3.11/site-packages/EnsoMetrics/EnsoMetricsLib.py:12116: UserWarning: areacell is None for variable 'skewness'; synthesising cosine-latitude weights. Provide areacella/sftlf for accurate spatial averages.
  sst2, keyerror = AverageMeridional(sst2)
/scratch/p66/ars599/enso_metrics_env/lib/python3.11/site-packages/EnsoMetrics/EnsoUvcdatToolsLib.py:7386: UserWarning: areacell is None for variable 'tos'; synthesising cosine-latitude weights. Provide areacella/sftlf for accurate spatial averages.
  variable, areacell, keyerror3 = Read_mask_area(
/scratch/p66/ars599/enso_metrics_env/lib/python3.11/site-packages/EnsoMetrics/EnsoUvcdatToolsLib.py:7283: UserWarning: areacell is None for variable 'unknown'; synthesising cosine-latitude weights. Provide areacella/sftlf for accurate spatial averages.
  tab, keyerror = dict_average[average](tab, areacell, region=region, **kwargs)
/scratch/p66/ars599/enso_metrics_env/lib/python3.11/site-packages/EnsoMetrics/EnsoMetricsLib.py:8494: UserWarning: areacell is None for variable 'unknown'; synthesising cosine-latitude weights. Provide areacella/sftlf for accurate spatial averages.
  sst_map, keyerror1 = AverageMeridional(sst_map)
/scratch/p66/ars599/enso_metrics_env/lib/python3.11/site-packages/EnsoMetrics/EnsoMetricsLib.py:8495: UserWarning: areacell is None for variable 'unknown'; synthesising cosine-latitude weights. Provide areacella/sftlf for accurate spatial averages.
  ssh_map, keyerror2 = AverageMeridional(ssh_map)
/scratch/p66/ars599/enso_metrics_env/lib/python3.11/site-packages/EnsoMetrics/EnsoUvcdatToolsLib.py:7283: UserWarning: areacell is None for variable 'unknown'; synthesising cosine-latitude weights. Provide areacella/sftlf for accurate spatial averages.
  tab, keyerror = dict_average[average](tab, areacell, region=region, **kwargs)
/scratch/p66/ars599/enso_metrics_env/lib/python3.11/site-packages/EnsoMetrics/EnsoUvcdatToolsLib.py:7386: UserWarning: areacell is None for variable 'tos'; synthesising cosine-latitude weights. Provide areacella/sftlf for accurate spatial averages.
  variable, areacell, keyerror3 = Read_mask_area(
/scratch/p66/ars599/enso_metrics_env/lib/python3.11/site-packages/EnsoMetrics/EnsoUvcdatToolsLib.py:7386: UserWarning: areacell is None for variable 'tos'; synthesising cosine-latitude weights. Provide areacella/sftlf for accurate spatial averages.
  variable, areacell, keyerror3 = Read_mask_area(
/scratch/p66/ars599/enso_metrics_env/lib/python3.11/site-packages/EnsoMetrics/EnsoMetricsLib.py:12116: UserWarning: areacell is None for variable 'skewness'; synthesising cosine-latitude weights. Provide areacella/sftlf for accurate spatial averages.
  sst2, keyerror = AverageMeridional(sst2)
/scratch/p66/ars599/enso_metrics_env/lib/python3.11/site-packages/EnsoMetrics/EnsoUvcdatToolsLib.py:7386: UserWarning: areacell is None for variable 'tos'; synthesising cosine-latitude weights. Provide areacella/sftlf for accurate spatial averages.
  variable, areacell, keyerror3 = Read_mask_area(
/scratch/p66/ars599/enso_metrics_env/lib/python3.11/site-packages/EnsoMetrics/EnsoUvcdatToolsLib.py:7283: UserWarning: areacell is None for variable 'unknown'; synthesising cosine-latitude weights. Provide areacella/sftlf for accurate spatial averages.
  tab, keyerror = dict_average[average](tab, areacell, region=region, **kwargs)
/scratch/p66/ars599/enso_metrics_env/lib/python3.11/site-packages/EnsoMetrics/EnsoUvcdatToolsLib.py:7386: UserWarning: areacell is None for variable 'tos'; synthesising cosine-latitude weights. Provide areacella/sftlf for accurate spatial averages.
  variable, areacell, keyerror3 = Read_mask_area(
/scratch/p66/ars599/enso_metrics_env/lib/python3.11/site-packages/EnsoMetrics/EnsoUvcdatToolsLib.py:7386: UserWarning: areacell is None for variable 'tos'; synthesising cosine-latitude weights. Provide areacella/sftlf for accurate spatial averages.
  variable, areacell, keyerror3 = Read_mask_area(
/scratch/p66/ars599/enso_metrics_env/lib/python3.11/site-packages/EnsoMetrics/EnsoUvcdatToolsLib.py:7386: UserWarning: areacell is None for variable 'tos'; synthesising cosine-latitude weights. Provide areacella/sftlf for accurate spatial averages.
  variable, areacell, keyerror3 = Read_mask_area(
/scratch/p66/ars599/enso_metrics_env/lib/python3.11/site-packages/EnsoMetrics/EnsoMetricsLib.py:12116: UserWarning: areacell is None for variable 'skewness'; synthesising cosine-latitude weights. Provide areacella/sftlf for accurate spatial averages.
  sst2, keyerror = AverageMeridional(sst2)
/scratch/p66/ars599/enso_metrics_env/lib/python3.11/site-packages/xarray/conventions.py:210: SerializationWarning: variable 'tos' has multiple fill values {np.float32(1e+20), np.float64(1e+20)} defined, decoding all values to NaN.
  var = coder.decode(var, name=name)
/scratch/p66/ars599/enso_metrics_env/lib/python3.11/site-packages/EnsoMetrics/EnsoUvcdatToolsLib.py:7386: UserWarning: areacell is None for variable 'zos'; synthesising cosine-latitude weights. Provide areacella/sftlf for accurate spatial averages.
  variable, areacell, keyerror3 = Read_mask_area(
/scratch/p66/ars599/enso_metrics_env/lib/python3.11/site-packages/EnsoMetrics/EnsoUvcdatToolsLib.py:7283: UserWarning: areacell is None for variable 'unknown'; synthesising cosine-latitude weights. Provide areacella/sftlf for accurate spatial averages.
  tab, keyerror = dict_average[average](tab, areacell, region=region, **kwargs)
/scratch/p66/ars599/enso_metrics_env/lib/python3.11/site-packages/EnsoMetrics/EnsoMetricsLib.py:12116: UserWarning: areacell is None for variable 'skewness'; synthesising cosine-latitude weights. Provide areacella/sftlf for accurate spatial averages.
  sst2, keyerror = AverageMeridional(sst2)
/scratch/p66/ars599/enso_metrics_env/lib/python3.11/site-packages/EnsoMetrics/EnsoUvcdatToolsLib.py:7283: UserWarning: areacell is None for variable 'unknown'; synthesising cosine-latitude weights. Provide areacella/sftlf for accurate spatial averages.
  tab, keyerror = dict_average[average](tab, areacell, region=region, **kwargs)
/scratch/p66/ars599/enso_metrics_env/lib/python3.11/site-packages/EnsoMetrics/EnsoUvcdatToolsLib.py:7386: UserWarning: areacell is None for variable 'tos'; synthesising cosine-latitude weights. Provide areacella/sftlf for accurate spatial averages.
  variable, areacell, keyerror3 = Read_mask_area(
/scratch/p66/ars599/enso_metrics_env/lib/python3.11/site-packages/EnsoMetrics/EnsoUvcdatToolsLib.py:7283: UserWarning: areacell is None for variable 'unknown'; synthesising cosine-latitude weights. Provide areacella/sftlf for accurate spatial averages.
  tab, keyerror = dict_average[average](tab, areacell, region=region, **kwargs)
/scratch/p66/ars599/enso_metrics_env/lib/python3.11/site-packages/EnsoMetrics/EnsoUvcdatToolsLib.py:7386: UserWarning: areacell is None for variable 'tos'; synthesising cosine-latitude weights. Provide areacella/sftlf for accurate spatial averages.
  variable, areacell, keyerror3 = Read_mask_area(
/scratch/p66/ars599/enso_metrics_env/lib/python3.11/site-packages/EnsoMetrics/EnsoUvcdatToolsLib.py:7386: UserWarning: areacell is None for variable 'tos'; synthesising cosine-latitude weights. Provide areacella/sftlf for accurate spatial averages.
  variable, areacell, keyerror3 = Read_mask_area(
/scratch/p66/ars599/enso_metrics_env/lib/python3.11/site-packages/EnsoMetrics/EnsoUvcdatToolsLib.py:7386: UserWarning: areacell is None for variable 'tos'; synthesising cosine-latitude weights. Provide areacella/sftlf for accurate spatial averages.
  variable, areacell, keyerror3 = Read_mask_area(
/scratch/p66/ars599/enso_metrics_env/lib/python3.11/site-packages/xarray/conventions.py:210: SerializationWarning: variable 'areacello' has multiple fill values {np.float32(1e+20), np.float64(1e+20)} defined, decoding all values to NaN.
  var = coder.decode(var, name=name)
/scratch/p66/ars599/enso_metrics_env/lib/python3.11/site-packages/EnsoMetrics/EnsoUvcdatToolsLib.py:7386: UserWarning: areacell is None for variable 'tos'; synthesising cosine-latitude weights. Provide areacella/sftlf for accurate spatial averages.
  variable, areacell, keyerror3 = Read_mask_area(
/scratch/p66/ars599/enso_metrics_env/lib/python3.11/site-packages/EnsoMetrics/EnsoUvcdatToolsLib.py:7386: UserWarning: areacell is None for variable 'zos'; synthesising cosine-latitude weights. Provide areacella/sftlf for accurate spatial averages.
  variable, areacell, keyerror3 = Read_mask_area(
/scratch/p66/ars599/enso_metrics_env/lib/python3.11/site-packages/EnsoMetrics/EnsoMetricsLib.py:12116: UserWarning: areacell is None for variable 'skewness'; synthesising cosine-latitude weights. Provide areacella/sftlf for accurate spatial averages.
  sst2, keyerror = AverageMeridional(sst2)
/scratch/p66/ars599/enso_metrics_env/lib/python3.11/site-packages/EnsoMetrics/EnsoUvcdatToolsLib.py:7386: UserWarning: areacell is None for variable 'tos'; synthesising cosine-latitude weights. Provide areacella/sftlf for accurate spatial averages.
  variable, areacell, keyerror3 = Read_mask_area(
/scratch/p66/ars599/enso_metrics_env/lib/python3.11/site-packages/EnsoMetrics/EnsoUvcdatToolsLib.py:7283: UserWarning: areacell is None for variable 'unknown'; synthesising cosine-latitude weights. Provide areacella/sftlf for accurate spatial averages.
  tab, keyerror = dict_average[average](tab, areacell, region=region, **kwargs)
/scratch/p66/ars599/enso_metrics_env/lib/python3.11/site-packages/EnsoMetrics/EnsoUvcdatToolsLib.py:7386: UserWarning: areacell is None for variable 'tos'; synthesising cosine-latitude weights. Provide areacella/sftlf for accurate spatial averages.
  variable, areacell, keyerror3 = Read_mask_area(
/scratch/p66/ars599/enso_metrics_env/lib/python3.11/site-packages/EnsoMetrics/EnsoUvcdatToolsLib.py:7386: UserWarning: areacell is None for variable 'tos'; synthesising cosine-latitude weights. Provide areacella/sftlf for accurate spatial averages.
  variable, areacell, keyerror3 = Read_mask_area(
/scratch/p66/ars599/enso_metrics_env/lib/python3.11/site-packages/EnsoMetrics/EnsoUvcdatToolsLib.py:7283: UserWarning: areacell is None for variable 'unknown'; synthesising cosine-latitude weights. Provide areacella/sftlf for accurate spatial averages.
  tab, keyerror = dict_average[average](tab, areacell, region=region, **kwargs)
/scratch/p66/ars599/enso_metrics_env/lib/python3.11/site-packages/EnsoMetrics/EnsoMetricsLib.py:12116: UserWarning: areacell is None for variable 'skewness'; synthesising cosine-latitude weights. Provide areacella/sftlf for accurate spatial averages.
  sst2, keyerror = AverageMeridional(sst2)
/scratch/p66/ars599/enso_metrics_env/lib/python3.11/site-packages/EnsoMetrics/EnsoMetricsLib.py:8494: UserWarning: areacell is None for variable 'unknown'; synthesising cosine-latitude weights. Provide areacella/sftlf for accurate spatial averages.
  sst_map, keyerror1 = AverageMeridional(sst_map)
/scratch/p66/ars599/enso_metrics_env/lib/python3.11/site-packages/EnsoMetrics/EnsoMetricsLib.py:8495: UserWarning: areacell is None for variable 'unknown'; synthesising cosine-latitude weights. Provide areacella/sftlf for accurate spatial averages.
  ssh_map, keyerror2 = AverageMeridional(ssh_map)
/scratch/p66/ars599/enso_metrics_env/lib/python3.11/site-packages/EnsoMetrics/EnsoUvcdatToolsLib.py:7283: UserWarning: areacell is None for variable 'unknown'; synthesising cosine-latitude weights. Provide areacella/sftlf for accurate spatial averages.
  tab, keyerror = dict_average[average](tab, areacell, region=region, **kwargs)
/scratch/p66/ars599/enso_metrics_env/lib/python3.11/site-packages/EnsoMetrics/EnsoUvcdatToolsLib.py:7386: UserWarning: areacell is None for variable 'tos'; synthesising cosine-latitude weights. Provide areacella/sftlf for accurate spatial averages.
  variable, areacell, keyerror3 = Read_mask_area(
/scratch/p66/ars599/enso_metrics_env/lib/python3.11/site-packages/xarray/conventions.py:210: SerializationWarning: variable 'tos' has multiple fill values {np.float32(1e+20), np.float64(1e+20)} defined, decoding all values to NaN.
  var = coder.decode(var, name=name)
/scratch/p66/ars599/enso_metrics_env/lib/python3.11/site-packages/xarray/conventions.py:210: SerializationWarning: variable 'tos' has multiple fill values {np.float32(1e+20), np.float64(1e+20)} defined, decoding all values to NaN.
  var = coder.decode(var, name=name)
/scratch/p66/ars599/enso_metrics_env/lib/python3.11/site-packages/EnsoMetrics/EnsoUvcdatToolsLib.py:7283: UserWarning: areacell is None for variable 'unknown'; synthesising cosine-latitude weights. Provide areacella/sftlf for accurate spatial averages.
  tab, keyerror = dict_average[average](tab, areacell, region=region, **kwargs)
/scratch/p66/ars599/enso_metrics_env/lib/python3.11/site-packages/xarray/conventions.py:210: SerializationWarning: variable 'areacello' has multiple fill values {np.float32(1e+20), np.float64(1e+20)} defined, decoding all values to NaN.
  var = coder.decode(var, name=name)
/scratch/p66/ars599/enso_metrics_env/lib/python3.11/site-packages/EnsoMetrics/EnsoUvcdatToolsLib.py:7386: UserWarning: areacell is None for variable 'tos'; synthesising cosine-latitude weights. Provide areacella/sftlf for accurate spatial averages.
  variable, areacell, keyerror3 = Read_mask_area(
/scratch/p66/ars599/enso_metrics_env/lib/python3.11/site-packages/xarray/conventions.py:210: SerializationWarning: variable 'areacello' has multiple fill values {np.float32(1e+20), np.float64(1e+20)} defined, decoding all values to NaN.
  var = coder.decode(var, name=name)
/scratch/p66/ars599/enso_metrics_env/lib/python3.11/site-packages/xarray/conventions.py:210: SerializationWarning: variable 'tauu' has multiple fill values {np.float32(1e+20), np.float64(1e+20)} defined, decoding all values to NaN.
  var = coder.decode(var, name=name)
/scratch/p66/ars599/enso_metrics_env/lib/python3.11/site-packages/EnsoMetrics/EnsoUvcdatToolsLib.py:7283: UserWarning: areacell is None for variable 'unknown'; synthesising cosine-latitude weights. Provide areacella/sftlf for accurate spatial averages.
  tab, keyerror = dict_average[average](tab, areacell, region=region, **kwargs)
/scratch/p66/ars599/enso_metrics_env/lib/python3.11/site-packages/EnsoMetrics/EnsoUvcdatToolsLib.py:5532: UserWarning: areacell is None for variable 'tauu'; synthesising cosine-latitude weights. Provide areacella/sftlf for accurate spatial averages.
  taux, keyerror = AverageHorizontal(taux, region="nino4")
/scratch/p66/ars599/enso_metrics_env/lib/python3.11/site-packages/xarray/conventions.py:210: SerializationWarning: variable 'areacella' has multiple fill values {np.float32(1e+20), np.float64(1e+20)} defined, decoding all values to NaN.
  var = coder.decode(var, name=name)
/scratch/p66/ars599/enso_metrics_env/lib/python3.11/site-packages/xarray/conventions.py:210: SerializationWarning: variable 'sftlf' has multiple fill values {np.float32(1e+20), np.float64(1e+20)} defined, decoding all values to NaN.
  var = coder.decode(var, name=name)
/scratch/p66/ars599/enso_metrics_env/lib/python3.11/site-packages/xarray/conventions.py:210: SerializationWarning: variable 'tauu' has multiple fill values {np.float32(1e+20), np.float64(1e+20)} defined, decoding all values to NaN.
  var = coder.decode(var, name=name)
/scratch/p66/ars599/enso_metrics_env/lib/python3.11/site-packages/EnsoMetrics/EnsoMetricsLib.py:17288: UserWarning: areacell is None for variable 'unknown'; synthesising cosine-latitude weights. Provide areacella/sftlf for accurate spatial averages.
  ssthov_mod, keyerror_mod = AverageMeridional(sstmap_mod)
/scratch/p66/ars599/enso_metrics_env/lib/python3.11/site-packages/EnsoMetrics/EnsoMetricsLib.py:17289: UserWarning: areacell is None for variable 'unknown'; synthesising cosine-latitude weights. Provide areacella/sftlf for accurate spatial averages.
  ssthov_obs, keyerror_obs = AverageMeridional(sstmap_obs)
/scratch/p66/ars599/enso_metrics_env/lib/python3.11/site-packages/xarray/conventions.py:210: SerializationWarning: variable 'tos' has multiple fill values {np.float32(1e+20), np.float64(1e+20)} defined, decoding all values to NaN.
  var = coder.decode(var, name=name)
/scratch/p66/ars599/enso_metrics_env/lib/python3.11/site-packages/EnsoMetrics/EnsoUvcdatToolsLib.py:5532: UserWarning: areacell is None for variable 'tauu'; synthesising cosine-latitude weights. Provide areacella/sftlf for accurate spatial averages.
  taux, keyerror = AverageHorizontal(taux, region="nino4")
/scratch/p66/ars599/enso_metrics_env/lib/python3.11/site-packages/EnsoMetrics/EnsoUvcdatToolsLib.py:7386: UserWarning: areacell is None for variable 'tos'; synthesising cosine-latitude weights. Provide areacella/sftlf for accurate spatial averages.
  variable, areacell, keyerror3 = Read_mask_area(
/scratch/p66/ars599/enso_metrics_env/lib/python3.11/site-packages/xarray/conventions.py:210: SerializationWarning: variable 'areacella' has multiple fill values {np.float32(1e+20), np.float64(1e+20)} defined, decoding all values to NaN.
  var = coder.decode(var, name=name)
/scratch/p66/ars599/enso_metrics_env/lib/python3.11/site-packages/xarray/conventions.py:210: SerializationWarning: variable 'sftlf' has multiple fill values {np.float32(1e+20), np.float64(1e+20)} defined, decoding all values to NaN.
  var = coder.decode(var, name=name)
/scratch/p66/ars599/enso_metrics_env/lib/python3.11/site-packages/EnsoMetrics/EnsoMetricsLib.py:8129: UserWarning: areacell is None for variable 'unknown'; synthesising cosine-latitude weights. Provide areacella/sftlf for accurate spatial averages.
  taux_map, keyerror = AverageMeridional(taux_map)
/scratch/p66/ars599/enso_metrics_env/lib/python3.11/site-packages/xarray/conventions.py:210: SerializationWarning: variable 'areacello' has multiple fill values {np.float32(1e+20), np.float64(1e+20)} defined, decoding all values to NaN.
  var = coder.decode(var, name=name)
/scratch/p66/ars599/enso_metrics_env/lib/python3.11/site-packages/EnsoMetrics/EnsoUvcdatToolsLib.py:7386: UserWarning: areacell is None for variable 'tos'; synthesising cosine-latitude weights. Provide areacella/sftlf for accurate spatial averages.
  variable, areacell, keyerror3 = Read_mask_area(
/scratch/p66/ars599/enso_metrics_env/lib/python3.11/site-packages/EnsoMetrics/EnsoUvcdatToolsLib.py:7386: UserWarning: areacell is None for variable 'tos'; synthesising cosine-latitude weights. Provide areacella/sftlf for accurate spatial averages.
  variable, areacell, keyerror3 = Read_mask_area(
/scratch/p66/ars599/enso_metrics_env/lib/python3.11/site-packages/EnsoMetrics/EnsoUvcdatToolsLib.py:5532: UserWarning: areacell is None for variable 'tauu'; synthesising cosine-latitude weights. Provide areacella/sftlf for accurate spatial averages.
  taux, keyerror = AverageHorizontal(taux, region="nino4")
/scratch/p66/ars599/enso_metrics_env/lib/python3.11/site-packages/EnsoMetrics/EnsoUvcdatToolsLib.py:5751: UserWarning: Generated land mask is entirely ocean for this region. This may be expected if the region is all ocean.
  sft = cdutil.generateLandSeaMask(d(*(slice(0, 1),) * n),debug=False) * 100.0
/scratch/p66/ars599/enso_metrics_env/lib/python3.11/site-packages/EnsoMetrics/EnsoUvcdatToolsLib.py:7283: UserWarning: areacell is None for variable 'unknown'; synthesising cosine-latitude weights. Provide areacella/sftlf for accurate spatial averages.
  tab, keyerror = dict_average[average](tab, areacell, region=region, **kwargs)
/scratch/p66/ars599/enso_metrics_env/lib/python3.11/site-packages/EnsoMetrics/EnsoUvcdatToolsLib.py:7283: UserWarning: areacell is None for variable 'unknown'; synthesising cosine-latitude weights. Provide areacella/sftlf for accurate spatial averages.
  tab, keyerror = dict_average[average](tab, areacell, region=region, **kwargs)
/scratch/p66/ars599/enso_metrics_env/lib/python3.11/site-packages/EnsoMetrics/EnsoUvcdatToolsLib.py:5532: UserWarning: areacell is None for variable 'tauu'; synthesising cosine-latitude weights. Provide areacella/sftlf for accurate spatial averages.
  taux, keyerror = AverageHorizontal(taux, region="nino4")
/scratch/p66/ars599/enso_metrics_env/lib/python3.11/site-packages/EnsoMetrics/EnsoUvcdatToolsLib.py:5751: UserWarning: Generated land mask is entirely ocean for this region. This may be expected if the region is all ocean.
  sft = cdutil.generateLandSeaMask(d(*(slice(0, 1),) * n),debug=False) * 100.0
/scratch/p66/ars599/enso_metrics_env/lib/python3.11/site-packages/EnsoMetrics/EnsoMetricsLib.py:8129: UserWarning: areacell is None for variable 'unknown'; synthesising cosine-latitude weights. Provide areacella/sftlf for accurate spatial averages.
  taux_map, keyerror = AverageMeridional(taux_map)
/scratch/p66/ars599/enso_metrics_env/lib/python3.11/site-packages/EnsoMetrics/EnsoUvcdatToolsLib.py:7283: UserWarning: areacell is None for variable 'unknown'; synthesising cosine-latitude weights. Provide areacella/sftlf for accurate spatial averages.
  tab, keyerror = dict_average[average](tab, areacell, region=region, **kwargs)
/scratch/p66/ars599/enso_metrics_env/lib/python3.11/site-packages/EnsoMetrics/EnsoUvcdatToolsLib.py:7283: UserWarning: areacell is None for variable 'unknown'; synthesising cosine-latitude weights. Provide areacella/sftlf for accurate spatial averages.
  tab, keyerror = dict_average[average](tab, areacell, region=region, **kwargs)
/scratch/p66/ars599/enso_metrics_env/lib/python3.11/site-packages/xarray/conventions.py:210: SerializationWarning: variable 'tos' has multiple fill values {np.float32(1e+20), np.float64(1e+20)} defined, decoding all values to NaN.
  var = coder.decode(var, name=name)
/scratch/p66/ars599/enso_metrics_env/lib/python3.11/site-packages/EnsoMetrics/EnsoUvcdatToolsLib.py:7386: UserWarning: areacell is None for variable 'tos'; synthesising cosine-latitude weights. Provide areacella/sftlf for accurate spatial averages.
  variable, areacell, keyerror3 = Read_mask_area(
/scratch/p66/ars599/enso_metrics_env/lib/python3.11/site-packages/EnsoMetrics/EnsoUvcdatToolsLib.py:5532: UserWarning: areacell is None for variable 'tauu'; synthesising cosine-latitude weights. Provide areacella/sftlf for accurate spatial averages.
  taux, keyerror = AverageHorizontal(taux, region="nino4")
/scratch/p66/ars599/enso_metrics_env/lib/python3.11/site-packages/EnsoMetrics/EnsoUvcdatToolsLib.py:5751: UserWarning: Generated land mask is entirely ocean for this region. This may be expected if the region is all ocean.
  sft = cdutil.generateLandSeaMask(d(*(slice(0, 1),) * n),debug=False) * 100.0
/scratch/p66/ars599/enso_metrics_env/lib/python3.11/site-packages/EnsoMetrics/EnsoUvcdatToolsLib.py:7283: UserWarning: areacell is None for variable 'unknown'; synthesising cosine-latitude weights. Provide areacella/sftlf for accurate spatial averages.
  tab, keyerror = dict_average[average](tab, areacell, region=region, **kwargs)
/scratch/p66/ars599/enso_metrics_env/lib/python3.11/site-packages/EnsoMetrics/EnsoUvcdatToolsLib.py:5532: UserWarning: areacell is None for variable 'tauu'; synthesising cosine-latitude weights. Provide areacella/sftlf for accurate spatial averages.
  taux, keyerror = AverageHorizontal(taux, region="nino4")
/scratch/p66/ars599/enso_metrics_env/lib/python3.11/site-packages/EnsoMetrics/EnsoUvcdatToolsLib.py:5751: UserWarning: Generated land mask is entirely ocean for this region. This may be expected if the region is all ocean.
  sft = cdutil.generateLandSeaMask(d(*(slice(0, 1),) * n),debug=False) * 100.0
/scratch/p66/ars599/enso_metrics_env/lib/python3.11/site-packages/EnsoMetrics/EnsoMetricsLib.py:8129: UserWarning: areacell is None for variable 'unknown'; synthesising cosine-latitude weights. Provide areacella/sftlf for accurate spatial averages.
  taux_map, keyerror = AverageMeridional(taux_map)
/scratch/p66/ars599/enso_metrics_env/lib/python3.11/site-packages/xarray/conventions.py:210: SerializationWarning: variable 'areacello' has multiple fill values {np.float32(1e+20), np.float64(1e+20)} defined, decoding all values to NaN.
  var = coder.decode(var, name=name)
/scratch/p66/ars599/enso_metrics_env/lib/python3.11/site-packages/EnsoMetrics/EnsoUvcdatToolsLib.py:7386: UserWarning: areacell is None for variable 'tos'; synthesising cosine-latitude weights. Provide areacella/sftlf for accurate spatial averages.
  variable, areacell, keyerror3 = Read_mask_area(
/scratch/p66/ars599/enso_metrics_env/lib/python3.11/site-packages/xarray/conventions.py:210: SerializationWarning: variable 'tos' has multiple fill values {np.float32(1e+20), np.float64(1e+20)} defined, decoding all values to NaN.
  var = coder.decode(var, name=name)
/scratch/p66/ars599/enso_metrics_env/lib/python3.11/site-packages/EnsoMetrics/EnsoMetricsLib.py:17288: UserWarning: areacell is None for variable 'unknown'; synthesising cosine-latitude weights. Provide areacella/sftlf for accurate spatial averages.
  ssthov_mod, keyerror_mod = AverageMeridional(sstmap_mod)
/scratch/p66/ars599/enso_metrics_env/lib/python3.11/site-packages/EnsoMetrics/EnsoMetricsLib.py:17289: UserWarning: areacell is None for variable 'unknown'; synthesising cosine-latitude weights. Provide areacella/sftlf for accurate spatial averages.
  ssthov_obs, keyerror_obs = AverageMeridional(sstmap_obs)
/scratch/p66/ars599/enso_metrics_env/lib/python3.11/site-packages/EnsoMetrics/EnsoMetricsLib.py:17288: UserWarning: areacell is None for variable 'unknown'; synthesising cosine-latitude weights. Provide areacella/sftlf for accurate spatial averages.
  ssthov_mod, keyerror_mod = AverageMeridional(sstmap_mod)
/scratch/p66/ars599/enso_metrics_env/lib/python3.11/site-packages/EnsoMetrics/EnsoMetricsLib.py:17289: UserWarning: areacell is None for variable 'unknown'; synthesising cosine-latitude weights. Provide areacella/sftlf for accurate spatial averages.
  ssthov_obs, keyerror_obs = AverageMeridional(sstmap_obs)
/scratch/p66/ars599/enso_metrics_env/lib/python3.11/site-packages/xarray/conventions.py:210: SerializationWarning: variable 'pr' has multiple fill values {np.float32(1e+20), np.float64(1e+20)} defined, decoding all values to NaN.
  var = coder.decode(var, name=name)
/scratch/p66/ars599/enso_metrics_env/lib/python3.11/site-packages/xarray/conventions.py:210: SerializationWarning: variable 'areacella' has multiple fill values {np.float32(1e+20), np.float64(1e+20)} defined, decoding all values to NaN.
  var = coder.decode(var, name=name)
/scratch/p66/ars599/enso_metrics_env/lib/python3.11/site-packages/xarray/conventions.py:210: SerializationWarning: variable 'sftlf' has multiple fill values {np.float32(1e+20), np.float64(1e+20)} defined, decoding all values to NaN.
  var = coder.decode(var, name=name)
/scratch/p66/ars599/enso_metrics_env/lib/python3.11/site-packages/xarray/conventions.py:210: SerializationWarning: variable 'areacello' has multiple fill values {np.float32(1e+20), np.float64(1e+20)} defined, decoding all values to NaN.
  var = coder.decode(var, name=name)
/scratch/p66/ars599/enso_metrics_env/lib/python3.11/site-packages/xarray/conventions.py:210: SerializationWarning: variable 'hfls' has multiple fill values {np.float32(1e+20), np.float64(1e+20)} defined, decoding all values to NaN.
  var = coder.decode(var, name=name)
/scratch/p66/ars599/enso_metrics_env/lib/python3.11/site-packages/EnsoMetrics/EnsoUvcdatToolsLib.py:5751: UserWarning: Generated land mask is entirely ocean for this region. This may be expected if the region is all ocean.
  sft = cdutil.generateLandSeaMask(d(*(slice(0, 1),) * n),debug=False) * 100.0
/scratch/p66/ars599/enso_metrics_env/lib/python3.11/site-packages/EnsoMetrics/EnsoMetricsLib.py:24819: UserWarning: areacell is None for variable 'unknown'; synthesising cosine-latitude weights. Provide areacella/sftlf for accurate spatial averages.
  prStdLat_mod, keyerror_mod = AverageZonal(prStd_mod)
/scratch/p66/ars599/enso_metrics_env/lib/python3.11/site-packages/EnsoMetrics/EnsoMetricsLib.py:24820: UserWarning: areacell is None for variable 'unknown'; synthesising cosine-latitude weights. Provide areacella/sftlf for accurate spatial averages.
  prStdLat_obs, keyerror_obs = AverageZonal(prStd_obs)
/scratch/p66/ars599/enso_metrics_env/lib/python3.11/site-packages/xarray/conventions.py:210: SerializationWarning: variable 'pr' has multiple fill values {np.float32(1e+20), np.float64(1e+20)} defined, decoding all values to NaN.
  var = coder.decode(var, name=name)
/scratch/p66/ars599/enso_metrics_env/lib/python3.11/site-packages/EnsoMetrics/EnsoUvcdatToolsLib.py:7386: UserWarning: areacell is None for variable 'tos'; synthesising cosine-latitude weights. Provide areacella/sftlf for accurate spatial averages.
  variable, areacell, keyerror3 = Read_mask_area(
/scratch/p66/ars599/enso_metrics_env/lib/python3.11/site-packages/xarray/conventions.py:210: SerializationWarning: variable 'areacella' has multiple fill values {np.float32(1e+20), np.float64(1e+20)} defined, decoding all values to NaN.
  var = coder.decode(var, name=name)
/scratch/p66/ars599/enso_metrics_env/lib/python3.11/site-packages/xarray/conventions.py:210: SerializationWarning: variable 'sftlf' has multiple fill values {np.float32(1e+20), np.float64(1e+20)} defined, decoding all values to NaN.
  var = coder.decode(var, name=name)
/scratch/p66/ars599/enso_metrics_env/lib/python3.11/site-packages/xarray/conventions.py:210: SerializationWarning: variable 'hfss' has multiple fill values {np.float32(1e+20), np.float64(1e+20)} defined, decoding all values to NaN.
  var = coder.decode(var, name=name)
/scratch/p66/ars599/enso_metrics_env/lib/python3.11/site-packages/xarray/conventions.py:210: SerializationWarning: variable 'areacella' has multiple fill values {np.float32(1e+20), np.float64(1e+20)} defined, decoding all values to NaN.
  var = coder.decode(var, name=name)
/scratch/p66/ars599/enso_metrics_env/lib/python3.11/site-packages/xarray/conventions.py:210: SerializationWarning: variable 'sftlf' has multiple fill values {np.float32(1e+20), np.float64(1e+20)} defined, decoding all values to NaN.
  var = coder.decode(var, name=name)
/scratch/p66/ars599/enso_metrics_env/lib/python3.11/site-packages/xarray/conventions.py:210: SerializationWarning: variable 'areacella' has multiple fill values {np.float32(1e+20), np.float64(1e+20)} defined, decoding all values to NaN.
  var = coder.decode(var, name=name)
/scratch/p66/ars599/enso_metrics_env/lib/python3.11/site-packages/xarray/conventions.py:210: SerializationWarning: variable 'sftlf' has multiple fill values {np.float32(1e+20), np.float64(1e+20)} defined, decoding all values to NaN.
  var = coder.decode(var, name=name)
/scratch/p66/ars599/enso_metrics_env/lib/python3.11/site-packages/xarray/conventions.py:210: SerializationWarning: variable 'rlds' has multiple fill values {np.float32(1e+20), np.float64(1e+20)} defined, decoding all values to NaN.
  var = coder.decode(var, name=name)
/scratch/p66/ars599/enso_metrics_env/lib/python3.11/site-packages/EnsoMetrics/EnsoUvcdatToolsLib.py:7283: UserWarning: areacell is None for variable 'unknown'; synthesising cosine-latitude weights. Provide areacella/sftlf for accurate spatial averages.
  tab, keyerror = dict_average[average](tab, areacell, region=region, **kwargs)
/scratch/p66/ars599/enso_metrics_env/lib/python3.11/site-packages/EnsoMetrics/EnsoMetricsLib.py:24901: UserWarning: areacell is None for variable 'unknown'; synthesising cosine-latitude weights. Provide areacella/sftlf for accurate spatial averages.
  pr_mod, keyerror_mod = AverageZonal(pr_mod)
/scratch/p66/ars599/enso_metrics_env/lib/python3.11/site-packages/EnsoMetrics/EnsoMetricsLib.py:24902: UserWarning: areacell is None for variable 'unknown'; synthesising cosine-latitude weights. Provide areacella/sftlf for accurate spatial averages.
  pr_obs, keyerror_obs = AverageZonal(pr_obs)
/scratch/p66/ars599/enso_metrics_env/lib/python3.11/site-packages/xarray/conventions.py:210: SerializationWarning: variable 'pr' has multiple fill values {np.float32(1e+20), np.float64(1e+20)} defined, decoding all values to NaN.
  var = coder.decode(var, name=name)
/scratch/p66/ars599/enso_metrics_env/lib/python3.11/site-packages/xarray/conventions.py:210: SerializationWarning: variable 'areacella' has multiple fill values {np.float32(1e+20), np.float64(1e+20)} defined, decoding all values to NaN.
  var = coder.decode(var, name=name)
/scratch/p66/ars599/enso_metrics_env/lib/python3.11/site-packages/xarray/conventions.py:210: SerializationWarning: variable 'sftlf' has multiple fill values {np.float32(1e+20), np.float64(1e+20)} defined, decoding all values to NaN.
  var = coder.decode(var, name=name)
/scratch/p66/ars599/enso_metrics_env/lib/python3.11/site-packages/xarray/conventions.py:210: SerializationWarning: variable 'rlus' has multiple fill values {np.float32(1e+20), np.float64(1e+20)} defined, decoding all values to NaN.
  var = coder.decode(var, name=name)
/scratch/p66/ars599/enso_metrics_env/lib/python3.11/site-packages/EnsoMetrics/EnsoMetricsLib.py:11532: UserWarning: areacell is None for variable 'unknown'; synthesising cosine-latitude weights. Provide areacella/sftlf for accurate spatial averages.
  sst2, keyerror1 = AverageMeridional(sst2)
/scratch/p66/ars599/enso_metrics_env/lib/python3.11/site-packages/EnsoMetrics/EnsoMetricsLib.py:11533: UserWarning: areacell is None for variable 'unknown'; synthesising cosine-latitude weights. Provide areacella/sftlf for accurate spatial averages.
  sst3_NDJ, keyerror2 = AverageMeridional(sst3_NDJ)
/scratch/p66/ars599/enso_metrics_env/lib/python3.11/site-packages/EnsoMetrics/EnsoMetricsLib.py:11534: UserWarning: areacell is None for variable 'unknown'; synthesising cosine-latitude weights. Provide areacella/sftlf for accurate spatial averages.
  sst3_MAM, keyerror3 = AverageMeridional(sst3_MAM)
/scratch/p66/ars599/enso_metrics_env/lib/python3.11/site-packages/EnsoMetrics/EnsoUvcdatToolsLib.py:7386: UserWarning: areacell is None for variable 'tos'; synthesising cosine-latitude weights. Provide areacella/sftlf for accurate spatial averages.
  variable, areacell, keyerror3 = Read_mask_area(
/scratch/p66/ars599/enso_metrics_env/lib/python3.11/site-packages/EnsoMetrics/EnsoUvcdatToolsLib.py:7283: UserWarning: areacell is None for variable 'unknown'; synthesising cosine-latitude weights. Provide areacella/sftlf for accurate spatial averages.
  tab, keyerror = dict_average[average](tab, areacell, region=region, **kwargs)
/scratch/p66/ars599/enso_metrics_env/lib/python3.11/site-packages/EnsoMetrics/EnsoUvcdatToolsLib.py:7283: UserWarning: areacell is None for variable 'unknown'; synthesising cosine-latitude weights. Provide areacella/sftlf for accurate spatial averages.
  tab, keyerror = dict_average[average](tab, areacell, region=region, **kwargs)
/scratch/p66/ars599/enso_metrics_env/lib/python3.11/site-packages/xarray/conventions.py:210: SerializationWarning: variable 'areacella' has multiple fill values {np.float32(1e+20), np.float64(1e+20)} defined, decoding all values to NaN.
  var = coder.decode(var, name=name)
/scratch/p66/ars599/enso_metrics_env/lib/python3.11/site-packages/xarray/conventions.py:210: SerializationWarning: variable 'sftlf' has multiple fill values {np.float32(1e+20), np.float64(1e+20)} defined, decoding all values to NaN.
  var = coder.decode(var, name=name)
/scratch/p66/ars599/enso_metrics_env/lib/python3.11/site-packages/xarray/conventions.py:210: SerializationWarning: variable 'areacella' has multiple fill values {np.float32(1e+20), np.float64(1e+20)} defined, decoding all values to NaN.
  var = coder.decode(var, name=name)
/scratch/p66/ars599/enso_metrics_env/lib/python3.11/site-packages/xarray/conventions.py:210: SerializationWarning: variable 'sftlf' has multiple fill values {np.float32(1e+20), np.float64(1e+20)} defined, decoding all values to NaN.
  var = coder.decode(var, name=name)
/scratch/p66/ars599/enso_metrics_env/lib/python3.11/site-packages/xarray/conventions.py:210: SerializationWarning: variable 'rsds' has multiple fill values {np.float32(1e+20), np.float64(1e+20)} defined, decoding all values to NaN.
  var = coder.decode(var, name=name)
/scratch/p66/ars599/enso_metrics_env/lib/python3.11/site-packages/EnsoMetrics/EnsoUvcdatToolsLib.py:7283: UserWarning: areacell is None for variable 'unknown'; synthesising cosine-latitude weights. Provide areacella/sftlf for accurate spatial averages.
  tab, keyerror = dict_average[average](tab, areacell, region=region, **kwargs)
/scratch/p66/ars599/enso_metrics_env/lib/python3.11/site-packages/EnsoMetrics/EnsoUvcdatToolsLib.py:5751: UserWarning: Generated land mask is entirely ocean for this region. This may be expected if the region is all ocean.
  sft = cdutil.generateLandSeaMask(d(*(slice(0, 1),) * n),debug=False) * 100.0
/scratch/p66/ars599/enso_metrics_env/lib/python3.11/site-packages/EnsoMetrics/EnsoMetricsLib.py:25151: UserWarning: areacell is None for variable 'unknown'; synthesising cosine-latitude weights. Provide areacella/sftlf for accurate spatial averages.
  prStdLon_mod, keyerror_mod = AverageMeridional(prStd_mod)
/scratch/p66/ars599/enso_metrics_env/lib/python3.11/site-packages/EnsoMetrics/EnsoMetricsLib.py:25152: UserWarning: areacell is None for variable 'unknown'; synthesising cosine-latitude weights. Provide areacella/sftlf for accurate spatial averages.
  prStdLon_obs, keyerror_obs = AverageMeridional(prStd_obs)
/scratch/p66/ars599/enso_metrics_env/lib/python3.11/site-packages/xarray/conventions.py:210: SerializationWarning: variable 'pr' has multiple fill values {np.float32(1e+20), np.float64(1e+20)} defined, decoding all values to NaN.
  var = coder.decode(var, name=name)
/scratch/p66/ars599/enso_metrics_env/lib/python3.11/site-packages/EnsoMetrics/EnsoUvcdatToolsLib.py:7386: UserWarning: areacell is None for variable 'tos'; synthesising cosine-latitude weights. Provide areacella/sftlf for accurate spatial averages.
  variable, areacell, keyerror3 = Read_mask_area(
/scratch/p66/ars599/enso_metrics_env/lib/python3.11/site-packages/EnsoMetrics/EnsoUvcdatToolsLib.py:7386: UserWarning: areacell is None for variable 'tos'; synthesising cosine-latitude weights. Provide areacella/sftlf for accurate spatial averages.
  variable, areacell, keyerror3 = Read_mask_area(
/scratch/p66/ars599/enso_metrics_env/lib/python3.11/site-packages/xarray/conventions.py:210: SerializationWarning: variable 'areacella' has multiple fill values {np.float32(1e+20), np.float64(1e+20)} defined, decoding all values to NaN.
  var = coder.decode(var, name=name)
/scratch/p66/ars599/enso_metrics_env/lib/python3.11/site-packages/xarray/conventions.py:210: SerializationWarning: variable 'sftlf' has multiple fill values {np.float32(1e+20), np.float64(1e+20)} defined, decoding all values to NaN.
  var = coder.decode(var, name=name)
/scratch/p66/ars599/enso_metrics_env/lib/python3.11/site-packages/xarray/conventions.py:210: SerializationWarning: variable 'rsus' has multiple fill values {np.float32(1e+20), np.float64(1e+20)} defined, decoding all values to NaN.
  var = coder.decode(var, name=name)
/scratch/p66/ars599/enso_metrics_env/lib/python3.11/site-packages/xarray/conventions.py:210: SerializationWarning: variable 'areacella' has multiple fill values {np.float32(1e+20), np.float64(1e+20)} defined, decoding all values to NaN.
  var = coder.decode(var, name=name)
/scratch/p66/ars599/enso_metrics_env/lib/python3.11/site-packages/xarray/conventions.py:210: SerializationWarning: variable 'sftlf' has multiple fill values {np.float32(1e+20), np.float64(1e+20)} defined, decoding all values to NaN.
  var = coder.decode(var, name=name)
/scratch/p66/ars599/enso_metrics_env/lib/python3.11/site-packages/xarray/conventions.py:210: SerializationWarning: variable 'areacella' has multiple fill values {np.float32(1e+20), np.float64(1e+20)} defined, decoding all values to NaN.
  var = coder.decode(var, name=name)
/scratch/p66/ars599/enso_metrics_env/lib/python3.11/site-packages/xarray/conventions.py:210: SerializationWarning: variable 'sftlf' has multiple fill values {np.float32(1e+20), np.float64(1e+20)} defined, decoding all values to NaN.
  var = coder.decode(var, name=name)
/scratch/p66/ars599/enso_metrics_env/lib/python3.11/site-packages/EnsoMetrics/EnsoMetricsLib.py:11532: UserWarning: areacell is None for variable 'unknown'; synthesising cosine-latitude weights. Provide areacella/sftlf for accurate spatial averages.
  sst2, keyerror1 = AverageMeridional(sst2)
/scratch/p66/ars599/enso_metrics_env/lib/python3.11/site-packages/EnsoMetrics/EnsoMetricsLib.py:11533: UserWarning: areacell is None for variable 'unknown'; synthesising cosine-latitude weights. Provide areacella/sftlf for accurate spatial averages.
  sst3_NDJ, keyerror2 = AverageMeridional(sst3_NDJ)
/scratch/p66/ars599/enso_metrics_env/lib/python3.11/site-packages/EnsoMetrics/EnsoMetricsLib.py:11534: UserWarning: areacell is None for variable 'unknown'; synthesising cosine-latitude weights. Provide areacella/sftlf for accurate spatial averages.
  sst3_MAM, keyerror3 = AverageMeridional(sst3_MAM)
/scratch/p66/ars599/enso_metrics_env/lib/python3.11/site-packages/EnsoMetrics/EnsoUvcdatToolsLib.py:7386: UserWarning: areacell is None for variable 'tos'; synthesising cosine-latitude weights. Provide areacella/sftlf for accurate spatial averages.
  variable, areacell, keyerror3 = Read_mask_area(
/scratch/p66/ars599/enso_metrics_env/lib/python3.11/site-packages/EnsoMetrics/EnsoUvcdatToolsLib.py:7283: UserWarning: areacell is None for variable 'unknown'; synthesising cosine-latitude weights. Provide areacella/sftlf for accurate spatial averages.
  tab, keyerror = dict_average[average](tab, areacell, region=region, **kwargs)
/scratch/p66/ars599/enso_metrics_env/lib/python3.11/site-packages/EnsoMetrics/EnsoMetricsLib.py:25232: UserWarning: areacell is None for variable 'unknown'; synthesising cosine-latitude weights. Provide areacella/sftlf for accurate spatial averages.
  pr_mod, keyerror_mod = AverageMeridional(pr_mod)
/scratch/p66/ars599/enso_metrics_env/lib/python3.11/site-packages/EnsoMetrics/EnsoMetricsLib.py:25233: UserWarning: areacell is None for variable 'unknown'; synthesising cosine-latitude weights. Provide areacella/sftlf for accurate spatial averages.
  pr_obs, keyerror_obs = AverageMeridional(pr_obs)
/scratch/p66/ars599/enso_metrics_env/lib/python3.11/site-packages/xarray/conventions.py:210: SerializationWarning: variable 'tos' has multiple fill values {np.float32(1e+20), np.float64(1e+20)} defined, decoding all values to NaN.
  var = coder.decode(var, name=name)
/scratch/p66/ars599/enso_metrics_env/lib/python3.11/site-packages/EnsoMetrics/EnsoUvcdatToolsLib.py:7386: UserWarning: areacell is None for variable 'tos'; synthesising cosine-latitude weights. Provide areacella/sftlf for accurate spatial averages.
  variable, areacell, keyerror3 = Read_mask_area(
/scratch/p66/ars599/enso_metrics_env/lib/python3.11/site-packages/EnsoMetrics/EnsoUvcdatToolsLib.py:7283: UserWarning: areacell is None for variable 'unknown'; synthesising cosine-latitude weights. Provide areacella/sftlf for accurate spatial averages.
  tab, keyerror = dict_average[average](tab, areacell, region=region, **kwargs)
/scratch/p66/ars599/enso_metrics_env/lib/python3.11/site-packages/EnsoMetrics/EnsoUvcdatToolsLib.py:7386: UserWarning: areacell is None for variable 'tos'; synthesising cosine-latitude weights. Provide areacella/sftlf for accurate spatial averages.
  variable, areacell, keyerror3 = Read_mask_area(
/scratch/p66/ars599/enso_metrics_env/lib/python3.11/site-packages/xarray/conventions.py:210: SerializationWarning: variable 'tos' has multiple fill values {np.float32(1e+20), np.float64(1e+20)} defined, decoding all values to NaN.
  var = coder.decode(var, name=name)
/scratch/p66/ars599/enso_metrics_env/lib/python3.11/site-packages/EnsoMetrics/EnsoUvcdatToolsLib.py:7386: UserWarning: areacell is None for variable 'tos'; synthesising cosine-latitude weights. Provide areacella/sftlf for accurate spatial averages.
  variable, areacell, keyerror3 = Read_mask_area(
/scratch/p66/ars599/enso_metrics_env/lib/python3.11/site-packages/EnsoMetrics/EnsoMetricsLib.py:11532: UserWarning: areacell is None for variable 'unknown'; synthesising cosine-latitude weights. Provide areacella/sftlf for accurate spatial averages.
  sst2, keyerror1 = AverageMeridional(sst2)
/scratch/p66/ars599/enso_metrics_env/lib/python3.11/site-packages/EnsoMetrics/EnsoMetricsLib.py:11533: UserWarning: areacell is None for variable 'unknown'; synthesising cosine-latitude weights. Provide areacella/sftlf for accurate spatial averages.
  sst3_NDJ, keyerror2 = AverageMeridional(sst3_NDJ)
/scratch/p66/ars599/enso_metrics_env/lib/python3.11/site-packages/EnsoMetrics/EnsoMetricsLib.py:11534: UserWarning: areacell is None for variable 'unknown'; synthesising cosine-latitude weights. Provide areacella/sftlf for accurate spatial averages.
  sst3_MAM, keyerror3 = AverageMeridional(sst3_MAM)
/scratch/p66/ars599/enso_metrics_env/lib/python3.11/site-packages/xarray/conventions.py:210: SerializationWarning: variable 'areacello' has multiple fill values {np.float32(1e+20), np.float64(1e+20)} defined, decoding all values to NaN.
  var = coder.decode(var, name=name)
/scratch/p66/ars599/enso_metrics_env/lib/python3.11/site-packages/EnsoMetrics/EnsoUvcdatToolsLib.py:7386: UserWarning: areacell is None for variable 'tos'; synthesising cosine-latitude weights. Provide areacella/sftlf for accurate spatial averages.
  variable, areacell, keyerror3 = Read_mask_area(
/scratch/p66/ars599/enso_metrics_env/lib/python3.11/site-packages/xarray/conventions.py:210: SerializationWarning: variable 'areacello' has multiple fill values {np.float32(1e+20), np.float64(1e+20)} defined, decoding all values to NaN.
  var = coder.decode(var, name=name)
/scratch/p66/ars599/enso_metrics_env/lib/python3.11/site-packages/xarray/conventions.py:210: SerializationWarning: variable 'hfls' has multiple fill values {np.float32(1e+20), np.float64(1e+20)} defined, decoding all values to NaN.
  var = coder.decode(var, name=name)
/scratch/p66/ars599/enso_metrics_env/lib/python3.11/site-packages/EnsoMetrics/EnsoMetricsLib.py:26493: UserWarning: areacell is None for variable 'unknown'; synthesising cosine-latitude weights. Provide areacella/sftlf for accurate spatial averages.
  sstStdLon_mod, keyerror_mod = AverageMeridional(sstStd_mod)
/scratch/p66/ars599/enso_metrics_env/lib/python3.11/site-packages/EnsoMetrics/EnsoMetricsLib.py:26494: UserWarning: areacell is None for variable 'unknown'; synthesising cosine-latitude weights. Provide areacella/sftlf for accurate spatial averages.
  sstStdLon_obs, keyerror_obs = AverageMeridional(sstStd_obs)
/scratch/p66/ars599/enso_metrics_env/lib/python3.11/site-packages/xarray/conventions.py:210: SerializationWarning: variable 'tos' has multiple fill values {np.float32(1e+20), np.float64(1e+20)} defined, decoding all values to NaN.
  var = coder.decode(var, name=name)
/scratch/p66/ars599/enso_metrics_env/lib/python3.11/site-packages/EnsoMetrics/EnsoUvcdatToolsLib.py:7386: UserWarning: areacell is None for variable 'tos'; synthesising cosine-latitude weights. Provide areacella/sftlf for accurate spatial averages.
  variable, areacell, keyerror3 = Read_mask_area(
/scratch/p66/ars599/enso_metrics_env/lib/python3.11/site-packages/xarray/conventions.py:210: SerializationWarning: variable 'areacella' has multiple fill values {np.float32(1e+20), np.float64(1e+20)} defined, decoding all values to NaN.
  var = coder.decode(var, name=name)
/scratch/p66/ars599/enso_metrics_env/lib/python3.11/site-packages/xarray/conventions.py:210: SerializationWarning: variable 'sftlf' has multiple fill values {np.float32(1e+20), np.float64(1e+20)} defined, decoding all values to NaN.
  var = coder.decode(var, name=name)
/scratch/p66/ars599/enso_metrics_env/lib/python3.11/site-packages/xarray/conventions.py:210: SerializationWarning: variable 'hfss' has multiple fill values {np.float32(1e+20), np.float64(1e+20)} defined, decoding all values to NaN.
  var = coder.decode(var, name=name)
/scratch/p66/ars599/enso_metrics_env/lib/python3.11/site-packages/xarray/conventions.py:210: SerializationWarning: variable 'areacella' has multiple fill values {np.float32(1e+20), np.float64(1e+20)} defined, decoding all values to NaN.
  var = coder.decode(var, name=name)
/scratch/p66/ars599/enso_metrics_env/lib/python3.11/site-packages/xarray/conventions.py:210: SerializationWarning: variable 'sftlf' has multiple fill values {np.float32(1e+20), np.float64(1e+20)} defined, decoding all values to NaN.
  var = coder.decode(var, name=name)
/scratch/p66/ars599/enso_metrics_env/lib/python3.11/site-packages/xarray/conventions.py:210: SerializationWarning: variable 'rlds' has multiple fill values {np.float32(1e+20), np.float64(1e+20)} defined, decoding all values to NaN.
  var = coder.decode(var, name=name)
/scratch/p66/ars599/enso_metrics_env/lib/python3.11/site-packages/xarray/conventions.py:210: SerializationWarning: variable 'areacella' has multiple fill values {np.float32(1e+20), np.float64(1e+20)} defined, decoding all values to NaN.
  var = coder.decode(var, name=name)
/scratch/p66/ars599/enso_metrics_env/lib/python3.11/site-packages/xarray/conventions.py:210: SerializationWarning: variable 'areacello' has multiple fill values {np.float32(1e+20), np.float64(1e+20)} defined, decoding all values to NaN.
  var = coder.decode(var, name=name)
/scratch/p66/ars599/enso_metrics_env/lib/python3.11/site-packages/xarray/conventions.py:210: SerializationWarning: variable 'sftlf' has multiple fill values {np.float32(1e+20), np.float64(1e+20)} defined, decoding all values to NaN.
  var = coder.decode(var, name=name)
/scratch/p66/ars599/enso_metrics_env/lib/python3.11/site-packages/xarray/conventions.py:210: SerializationWarning: variable 'rlus' has multiple fill values {np.float32(1e+20), np.float64(1e+20)} defined, decoding all values to NaN.
  var = coder.decode(var, name=name)
/scratch/p66/ars599/enso_metrics_env/lib/python3.11/site-packages/EnsoMetrics/EnsoUvcdatToolsLib.py:7386: UserWarning: areacell is None for variable 'tos'; synthesising cosine-latitude weights. Provide areacella/sftlf for accurate spatial averages.
  variable, areacell, keyerror3 = Read_mask_area(
/scratch/p66/ars599/enso_metrics_env/lib/python3.11/site-packages/EnsoMetrics/EnsoUvcdatToolsLib.py:7386: UserWarning: areacell is None for variable 'tos'; synthesising cosine-latitude weights. Provide areacella/sftlf for accurate spatial averages.
  variable, areacell, keyerror3 = Read_mask_area(
/scratch/p66/ars599/enso_metrics_env/lib/python3.11/site-packages/xarray/conventions.py:210: SerializationWarning: variable 'areacella' has multiple fill values {np.float32(1e+20), np.float64(1e+20)} defined, decoding all values to NaN.
  var = coder.decode(var, name=name)
/scratch/p66/ars599/enso_metrics_env/lib/python3.11/site-packages/xarray/conventions.py:210: SerializationWarning: variable 'sftlf' has multiple fill values {np.float32(1e+20), np.float64(1e+20)} defined, decoding all values to NaN.
  var = coder.decode(var, name=name)
/scratch/p66/ars599/enso_metrics_env/lib/python3.11/site-packages/xarray/conventions.py:210: SerializationWarning: variable 'rsds' has multiple fill values {np.float32(1e+20), np.float64(1e+20)} defined, decoding all values to NaN.
  var = coder.decode(var, name=name)
/scratch/p66/ars599/enso_metrics_env/lib/python3.11/site-packages/EnsoMetrics/EnsoMetricsLib.py:26574: UserWarning: areacell is None for variable 'unknown'; synthesising cosine-latitude weights. Provide areacella/sftlf for accurate spatial averages.
  sst_mod, keyerror_mod = AverageMeridional(sst_mod)
/scratch/p66/ars599/enso_metrics_env/lib/python3.11/site-packages/EnsoMetrics/EnsoMetricsLib.py:26575: UserWarning: areacell is None for variable 'unknown'; synthesising cosine-latitude weights. Provide areacella/sftlf for accurate spatial averages.
  sst_obs, keyerror_obs = AverageMeridional(sst_obs)
/scratch/p66/ars599/enso_metrics_env/lib/python3.11/site-packages/xarray/conventions.py:210: SerializationWarning: variable 'tos' has multiple fill values {np.float32(1e+20), np.float64(1e+20)} defined, decoding all values to NaN.
  var = coder.decode(var, name=name)
/scratch/p66/ars599/enso_metrics_env/lib/python3.11/site-packages/xarray/conventions.py:210: SerializationWarning: variable 'areacella' has multiple fill values {np.float32(1e+20), np.float64(1e+20)} defined, decoding all values to NaN.
  var = coder.decode(var, name=name)
/scratch/p66/ars599/enso_metrics_env/lib/python3.11/site-packages/xarray/conventions.py:210: SerializationWarning: variable 'sftlf' has multiple fill values {np.float32(1e+20), np.float64(1e+20)} defined, decoding all values to NaN.
  var = coder.decode(var, name=name)
/scratch/p66/ars599/enso_metrics_env/lib/python3.11/site-packages/xarray/conventions.py:210: SerializationWarning: variable 'rsus' has multiple fill values {np.float32(1e+20), np.float64(1e+20)} defined, decoding all values to NaN.
  var = coder.decode(var, name=name)
/scratch/p66/ars599/enso_metrics_env/lib/python3.11/site-packages/EnsoMetrics/EnsoMetricsLib.py:17288: UserWarning: areacell is None for variable 'unknown'; synthesising cosine-latitude weights. Provide areacella/sftlf for accurate spatial averages.
  ssthov_mod, keyerror_mod = AverageMeridional(sstmap_mod)
/scratch/p66/ars599/enso_metrics_env/lib/python3.11/site-packages/EnsoMetrics/EnsoMetricsLib.py:17289: UserWarning: areacell is None for variable 'unknown'; synthesising cosine-latitude weights. Provide areacella/sftlf for accurate spatial averages.
  ssthov_obs, keyerror_obs = AverageMeridional(sstmap_obs)
/scratch/p66/ars599/enso_metrics_env/lib/python3.11/site-packages/xarray/conventions.py:210: SerializationWarning: variable 'areacella' has multiple fill values {np.float32(1e+20), np.float64(1e+20)} defined, decoding all values to NaN.
  var = coder.decode(var, name=name)
/scratch/p66/ars599/enso_metrics_env/lib/python3.11/site-packages/xarray/conventions.py:210: SerializationWarning: variable 'sftlf' has multiple fill values {np.float32(1e+20), np.float64(1e+20)} defined, decoding all values to NaN.
  var = coder.decode(var, name=name)
/scratch/p66/ars599/enso_metrics_env/lib/python3.11/site-packages/EnsoMetrics/EnsoUvcdatToolsLib.py:5751: UserWarning: Generated land mask is entirely ocean for this region. This may be expected if the region is all ocean.
  sft = cdutil.generateLandSeaMask(d(*(slice(0, 1),) * n),debug=False) * 100.0
/scratch/p66/ars599/enso_metrics_env/lib/python3.11/site-packages/EnsoMetrics/EnsoMetricsLib.py:24819: UserWarning: areacell is None for variable 'unknown'; synthesising cosine-latitude weights. Provide areacella/sftlf for accurate spatial averages.
  prStdLat_mod, keyerror_mod = AverageZonal(prStd_mod)
/scratch/p66/ars599/enso_metrics_env/lib/python3.11/site-packages/EnsoMetrics/EnsoMetricsLib.py:24820: UserWarning: areacell is None for variable 'unknown'; synthesising cosine-latitude weights. Provide areacella/sftlf for accurate spatial averages.
  prStdLat_obs, keyerror_obs = AverageZonal(prStd_obs)
/scratch/p66/ars599/enso_metrics_env/lib/python3.11/site-packages/xarray/conventions.py:210: SerializationWarning: variable 'areacello' has multiple fill values {np.float32(1e+20), np.float64(1e+20)} defined, decoding all values to NaN.
  var = coder.decode(var, name=name)
/scratch/p66/ars599/enso_metrics_env/lib/python3.11/site-packages/EnsoMetrics/EnsoMetricsLib.py:6629: UserWarning: areacell is None for variable 'unknown'; synthesising cosine-latitude weights. Provide areacella/sftlf for accurate spatial averages.
  sst_map, keyerror1 = AverageMeridional(sst_map)
/scratch/p66/ars599/enso_metrics_env/lib/python3.11/site-packages/EnsoMetrics/EnsoMetricsLib.py:6630: UserWarning: areacell is None for variable 'unknown'; synthesising cosine-latitude weights. Provide areacella/sftlf for accurate spatial averages.
  thf_map, keyerror2 = AverageMeridional(thf_map)
/scratch/p66/ars599/enso_metrics_env/lib/python3.11/site-packages/EnsoMetrics/EnsoUvcdatToolsLib.py:7386: UserWarning: areacell is None for variable 'tos'; synthesising cosine-latitude weights. Provide areacella/sftlf for accurate spatial averages.
  variable, areacell, keyerror3 = Read_mask_area(
/scratch/p66/ars599/enso_metrics_env/lib/python3.11/site-packages/EnsoMetrics/EnsoMetricsLib.py:26493: UserWarning: areacell is None for variable 'unknown'; synthesising cosine-latitude weights. Provide areacella/sftlf for accurate spatial averages.
  sstStdLon_mod, keyerror_mod = AverageMeridional(sstStd_mod)
/scratch/p66/ars599/enso_metrics_env/lib/python3.11/site-packages/EnsoMetrics/EnsoMetricsLib.py:26494: UserWarning: areacell is None for variable 'unknown'; synthesising cosine-latitude weights. Provide areacella/sftlf for accurate spatial averages.
  sstStdLon_obs, keyerror_obs = AverageMeridional(sstStd_obs)
/scratch/p66/ars599/enso_metrics_env/lib/python3.11/site-packages/xarray/conventions.py:210: SerializationWarning: variable 'tos' has multiple fill values {np.float32(1e+20), np.float64(1e+20)} defined, decoding all values to NaN.
  var = coder.decode(var, name=name)
/scratch/p66/ars599/enso_metrics_env/lib/python3.11/site-packages/EnsoMetrics/EnsoMetricsLib.py:24901: UserWarning: areacell is None for variable 'unknown'; synthesising cosine-latitude weights. Provide areacella/sftlf for accurate spatial averages.
  pr_mod, keyerror_mod = AverageZonal(pr_mod)
/scratch/p66/ars599/enso_metrics_env/lib/python3.11/site-packages/EnsoMetrics/EnsoMetricsLib.py:24902: UserWarning: areacell is None for variable 'unknown'; synthesising cosine-latitude weights. Provide areacella/sftlf for accurate spatial averages.
  pr_obs, keyerror_obs = AverageZonal(pr_obs)
/scratch/p66/ars599/enso_metrics_env/lib/python3.11/site-packages/EnsoMetrics/EnsoUvcdatToolsLib.py:5751: UserWarning: Generated land mask is entirely ocean for this region. This may be expected if the region is all ocean.
  sft = cdutil.generateLandSeaMask(d(*(slice(0, 1),) * n),debug=False) * 100.0
/scratch/p66/ars599/enso_metrics_env/lib/python3.11/site-packages/EnsoMetrics/EnsoMetricsLib.py:25151: UserWarning: areacell is None for variable 'unknown'; synthesising cosine-latitude weights. Provide areacella/sftlf for accurate spatial averages.
  prStdLon_mod, keyerror_mod = AverageMeridional(prStd_mod)
/scratch/p66/ars599/enso_metrics_env/lib/python3.11/site-packages/EnsoMetrics/EnsoMetricsLib.py:25152: UserWarning: areacell is None for variable 'unknown'; synthesising cosine-latitude weights. Provide areacella/sftlf for accurate spatial averages.
  prStdLon_obs, keyerror_obs = AverageMeridional(prStd_obs)
/scratch/p66/ars599/enso_metrics_env/lib/python3.11/site-packages/EnsoMetrics/EnsoUvcdatToolsLib.py:7386: UserWarning: areacell is None for variable 'tos'; synthesising cosine-latitude weights. Provide areacella/sftlf for accurate spatial averages.
  variable, areacell, keyerror3 = Read_mask_area(
/scratch/p66/ars599/enso_metrics_env/lib/python3.11/site-packages/xarray/conventions.py:210: SerializationWarning: variable 'areacello' has multiple fill values {np.float32(1e+20), np.float64(1e+20)} defined, decoding all values to NaN.
  var = coder.decode(var, name=name)
/scratch/p66/ars599/enso_metrics_env/lib/python3.11/site-packages/EnsoMetrics/EnsoUvcdatToolsLib.py:5751: UserWarning: Generated land mask is entirely ocean for this region. This may be expected if the region is all ocean.
  sft = cdutil.generateLandSeaMask(d(*(slice(0, 1),) * n),debug=False) * 100.0
/scratch/p66/ars599/enso_metrics_env/lib/python3.11/site-packages/EnsoMetrics/EnsoUvcdatToolsLib.py:7283: UserWarning: areacell is None for variable 'unknown'; synthesising cosine-latitude weights. Provide areacella/sftlf for accurate spatial averages.
  tab, keyerror = dict_average[average](tab, areacell, region=region, **kwargs)
/scratch/p66/ars599/enso_metrics_env/lib/python3.11/site-packages/EnsoMetrics/EnsoUvcdatToolsLib.py:7386: UserWarning: areacell is None for variable 'tos'; synthesising cosine-latitude weights. Provide areacella/sftlf for accurate spatial averages.
  variable, areacell, keyerror3 = Read_mask_area(
/scratch/p66/ars599/enso_metrics_env/lib/python3.11/site-packages/EnsoMetrics/EnsoUvcdatToolsLib.py:7386: UserWarning: areacell is None for variable 'tos'; synthesising cosine-latitude weights. Provide areacella/sftlf for accurate spatial averages.
  variable, areacell, keyerror3 = Read_mask_area(
/scratch/p66/ars599/enso_metrics_env/lib/python3.11/site-packages/EnsoMetrics/EnsoUvcdatToolsLib.py:5751: UserWarning: Generated land mask is entirely ocean for this region. This may be expected if the region is all ocean.
  sft = cdutil.generateLandSeaMask(d(*(slice(0, 1),) * n),debug=False) * 100.0
/scratch/p66/ars599/enso_metrics_env/lib/python3.11/site-packages/EnsoMetrics/EnsoMetricsLib.py:26574: UserWarning: areacell is None for variable 'unknown'; synthesising cosine-latitude weights. Provide areacella/sftlf for accurate spatial averages.
  sst_mod, keyerror_mod = AverageMeridional(sst_mod)
/scratch/p66/ars599/enso_metrics_env/lib/python3.11/site-packages/EnsoMetrics/EnsoMetricsLib.py:26575: UserWarning: areacell is None for variable 'unknown'; synthesising cosine-latitude weights. Provide areacella/sftlf for accurate spatial averages.
  sst_obs, keyerror_obs = AverageMeridional(sst_obs)
/scratch/p66/ars599/enso_metrics_env/lib/python3.11/site-packages/EnsoMetrics/EnsoMetricsLib.py:6629: UserWarning: areacell is None for variable 'unknown'; synthesising cosine-latitude weights. Provide areacella/sftlf for accurate spatial averages.
  sst_map, keyerror1 = AverageMeridional(sst_map)
/scratch/p66/ars599/enso_metrics_env/lib/python3.11/site-packages/EnsoMetrics/EnsoMetricsLib.py:6630: UserWarning: areacell is None for variable 'unknown'; synthesising cosine-latitude weights. Provide areacella/sftlf for accurate spatial averages.
  thf_map, keyerror2 = AverageMeridional(thf_map)
/scratch/p66/ars599/enso_metrics_env/lib/python3.11/site-packages/xarray/conventions.py:210: SerializationWarning: variable 'tauu' has multiple fill values {np.float32(1e+20), np.float64(1e+20)} defined, decoding all values to NaN.
  var = coder.decode(var, name=name)
/scratch/p66/ars599/enso_metrics_env/lib/python3.11/site-packages/EnsoMetrics/EnsoUvcdatToolsLib.py:7283: UserWarning: areacell is None for variable 'unknown'; synthesising cosine-latitude weights. Provide areacella/sftlf for accurate spatial averages.
  tab, keyerror = dict_average[average](tab, areacell, region=region, **kwargs)
/scratch/p66/ars599/enso_metrics_env/lib/python3.11/site-packages/EnsoMetrics/EnsoMetricsLib.py:25232: UserWarning: areacell is None for variable 'unknown'; synthesising cosine-latitude weights. Provide areacella/sftlf for accurate spatial averages.
  pr_mod, keyerror_mod = AverageMeridional(pr_mod)
/scratch/p66/ars599/enso_metrics_env/lib/python3.11/site-packages/EnsoMetrics/EnsoMetricsLib.py:25233: UserWarning: areacell is None for variable 'unknown'; synthesising cosine-latitude weights. Provide areacella/sftlf for accurate spatial averages.
  pr_obs, keyerror_obs = AverageMeridional(pr_obs)
/scratch/p66/ars599/enso_metrics_env/lib/python3.11/site-packages/EnsoMetrics/EnsoUvcdatToolsLib.py:5532: UserWarning: areacell is None for variable 'tauu'; synthesising cosine-latitude weights. Provide areacella/sftlf for accurate spatial averages.
  taux, keyerror = AverageHorizontal(taux, region="nino4")
/scratch/p66/ars599/enso_metrics_env/lib/python3.11/site-packages/xarray/conventions.py:210: SerializationWarning: variable 'areacella' has multiple fill values {np.float32(1e+20), np.float64(1e+20)} defined, decoding all values to NaN.
  var = coder.decode(var, name=name)
/scratch/p66/ars599/enso_metrics_env/lib/python3.11/site-packages/xarray/conventions.py:210: SerializationWarning: variable 'sftlf' has multiple fill values {np.float32(1e+20), np.float64(1e+20)} defined, decoding all values to NaN.
  var = coder.decode(var, name=name)
/scratch/p66/ars599/enso_metrics_env/lib/python3.11/site-packages/EnsoMetrics/EnsoUvcdatToolsLib.py:5532: UserWarning: areacell is None for variable 'tauu'; synthesising cosine-latitude weights. Provide areacella/sftlf for accurate spatial averages.
  taux, keyerror = AverageHorizontal(taux, region="nino4")
/scratch/p66/ars599/enso_metrics_env/lib/python3.11/site-packages/EnsoMetrics/EnsoUvcdatToolsLib.py:5751: UserWarning: Generated land mask is entirely ocean for this region. This may be expected if the region is all ocean.
  sft = cdutil.generateLandSeaMask(d(*(slice(0, 1),) * n),debug=False) * 100.0
/scratch/p66/ars599/enso_metrics_env/lib/python3.11/site-packages/EnsoMetrics/EnsoMetricsLib.py:27166: UserWarning: areacell is None for variable 'unknown'; synthesising cosine-latitude weights. Provide areacella/sftlf for accurate spatial averages.
  tauxStdLon_mod, keyerror_mod = AverageMeridional(tauxStd_mod)
/scratch/p66/ars599/enso_metrics_env/lib/python3.11/site-packages/EnsoMetrics/EnsoMetricsLib.py:27167: UserWarning: areacell is None for variable 'unknown'; synthesising cosine-latitude weights. Provide areacella/sftlf for accurate spatial averages.
  tauxStdLon_obs, keyerror_obs = AverageMeridional(tauxStd_obs)
/scratch/p66/ars599/enso_metrics_env/lib/python3.11/site-packages/xarray/conventions.py:210: SerializationWarning: variable 'tauu' has multiple fill values {np.float32(1e+20), np.float64(1e+20)} defined, decoding all values to NaN.
  var = coder.decode(var, name=name)
/scratch/p66/ars599/enso_metrics_env/lib/python3.11/site-packages/EnsoMetrics/EnsoUvcdatToolsLib.py:7386: UserWarning: areacell is None for variable 'tos'; synthesising cosine-latitude weights. Provide areacella/sftlf for accurate spatial averages.
  variable, areacell, keyerror3 = Read_mask_area(
/scratch/p66/ars599/enso_metrics_env/lib/python3.11/site-packages/EnsoMetrics/EnsoUvcdatToolsLib.py:5751: UserWarning: Generated land mask is entirely ocean for this region. This may be expected if the region is all ocean.
  sft = cdutil.generateLandSeaMask(d(*(slice(0, 1),) * n),debug=False) * 100.0
/scratch/p66/ars599/enso_metrics_env/lib/python3.11/site-packages/EnsoMetrics/EnsoUvcdatToolsLib.py:7283: UserWarning: areacell is None for variable 'unknown'; synthesising cosine-latitude weights. Provide areacella/sftlf for accurate spatial averages.
  tab, keyerror = dict_average[average](tab, areacell, region=region, **kwargs)
/scratch/p66/ars599/enso_metrics_env/lib/python3.11/site-packages/EnsoMetrics/EnsoUvcdatToolsLib.py:7386: UserWarning: areacell is None for variable 'tos'; synthesising cosine-latitude weights. Provide areacella/sftlf for accurate spatial averages.
  variable, areacell, keyerror3 = Read_mask_area(
/scratch/p66/ars599/enso_metrics_env/lib/python3.11/site-packages/EnsoMetrics/EnsoMetricsLib.py:14907: UserWarning: areacell is None for variable 'unknown'; synthesising cosine-latitude weights. Provide areacella/sftlf for accurate spatial averages.
  sstlon_mod, keyerror_mod = AverageMeridional(sstmap_mod)
/scratch/p66/ars599/enso_metrics_env/lib/python3.11/site-packages/EnsoMetrics/EnsoMetricsLib.py:14908: UserWarning: areacell is None for variable 'unknown'; synthesising cosine-latitude weights. Provide areacella/sftlf for accurate spatial averages.
  sstlon_obs, keyerror_obs = AverageMeridional(sstmap_obs)
/scratch/p66/ars599/enso_metrics_env/lib/python3.11/site-packages/EnsoMetrics/EnsoUvcdatToolsLib.py:7386: UserWarning: areacell is None for variable 'tos'; synthesising cosine-latitude weights. Provide areacella/sftlf for accurate spatial averages.
  variable, areacell, keyerror3 = Read_mask_area(
/scratch/p66/ars599/enso_metrics_env/lib/python3.11/site-packages/EnsoMetrics/EnsoMetricsLib.py:26493: UserWarning: areacell is None for variable 'unknown'; synthesising cosine-latitude weights. Provide areacella/sftlf for accurate spatial averages.
  sstStdLon_mod, keyerror_mod = AverageMeridional(sstStd_mod)
/scratch/p66/ars599/enso_metrics_env/lib/python3.11/site-packages/EnsoMetrics/EnsoMetricsLib.py:26494: UserWarning: areacell is None for variable 'unknown'; synthesising cosine-latitude weights. Provide areacella/sftlf for accurate spatial averages.
  sstStdLon_obs, keyerror_obs = AverageMeridional(sstStd_obs)
/scratch/p66/ars599/enso_metrics_env/lib/python3.11/site-packages/EnsoMetrics/EnsoUvcdatToolsLib.py:5751: UserWarning: Generated land mask is entirely ocean for this region. This may be expected if the region is all ocean.
  sft = cdutil.generateLandSeaMask(d(*(slice(0, 1),) * n),debug=False) * 100.0
/scratch/p66/ars599/enso_metrics_env/lib/python3.11/site-packages/EnsoMetrics/EnsoMetricsLib.py:6629: UserWarning: areacell is None for variable 'unknown'; synthesising cosine-latitude weights. Provide areacella/sftlf for accurate spatial averages.
  sst_map, keyerror1 = AverageMeridional(sst_map)
/scratch/p66/ars599/enso_metrics_env/lib/python3.11/site-packages/EnsoMetrics/EnsoMetricsLib.py:6630: UserWarning: areacell is None for variable 'unknown'; synthesising cosine-latitude weights. Provide areacella/sftlf for accurate spatial averages.
  thf_map, keyerror2 = AverageMeridional(thf_map)
/scratch/p66/ars599/enso_metrics_env/lib/python3.11/site-packages/EnsoMetrics/EnsoUvcdatToolsLib.py:5532: UserWarning: areacell is None for variable 'tauu'; synthesising cosine-latitude weights. Provide areacella/sftlf for accurate spatial averages.
  taux, keyerror = AverageHorizontal(taux, region="nino4")
/scratch/p66/ars599/enso_metrics_env/lib/python3.11/site-packages/xarray/conventions.py:210: SerializationWarning: variable 'areacella' has multiple fill values {np.float32(1e+20), np.float64(1e+20)} defined, decoding all values to NaN.
  var = coder.decode(var, name=name)
/scratch/p66/ars599/enso_metrics_env/lib/python3.11/site-packages/xarray/conventions.py:210: SerializationWarning: variable 'sftlf' has multiple fill values {np.float32(1e+20), np.float64(1e+20)} defined, decoding all values to NaN.
  var = coder.decode(var, name=name)
/scratch/p66/ars599/enso_metrics_env/lib/python3.11/site-packages/EnsoMetrics/EnsoUvcdatToolsLib.py:5532: UserWarning: areacell is None for variable 'tauu'; synthesising cosine-latitude weights. Provide areacella/sftlf for accurate spatial averages.
  taux, keyerror = AverageHorizontal(taux, region="nino4")
/scratch/p66/ars599/enso_metrics_env/lib/python3.11/site-packages/EnsoMetrics/EnsoMetricsLib.py:27254: UserWarning: areacell is None for variable 'unknown'; synthesising cosine-latitude weights. Provide areacella/sftlf for accurate spatial averages.
  taux_mod, keyerror_mod = AverageMeridional(taux_mod)
/scratch/p66/ars599/enso_metrics_env/lib/python3.11/site-packages/EnsoMetrics/EnsoMetricsLib.py:27255: UserWarning: areacell is None for variable 'unknown'; synthesising cosine-latitude weights. Provide areacella/sftlf for accurate spatial averages.
  taux_obs, keyerror_obs = AverageMeridional(taux_obs)
数据清单: /g/data/p66/ars599/ENSO_metrics/results_gadi_full/manifests/inventory.json
CESM2: root=/g/data/oi10/replicas/CMIP6/CMIP/NCAR/CESM2/historical/r1i1p1f1, variables=['lhf', 'lwr', 'pr', 'shf', 'ssh', 'sst', 'swr', 'taux', 'tauy', 'thf'], split=[]
[94m     ComputeCollection: metric = BiasPrLatRmse[0m
[94m     ComputeMetric: oneVarRMSmetric, BiasPrLatRmse = CESM2_r1i1p1f1 and GPCPv2.3[0m
[93m                         NOTE: Estimated landmask applied[0m
[93m                         NOTE: Estimated landmask applied[0m
[94m     ComputeCollection: metric = BiasPrLonRmse[0m
[94m     ComputeMetric: oneVarRMSmetric, BiasPrLonRmse = CESM2_r1i1p1f1 and GPCPv2.3[0m
[93m                         NOTE: Estimated landmask applied[0m
[93m                         NOTE: Estimated landmask applied[0m
[94m     ComputeCollection: metric = BiasSstLonRmse[0m
[94m     ComputeMetric: oneVarRMSmetric, BiasSstLonRmse = CESM2_r1i1p1f1 and HadISST[0m
[94m     ComputeMetric: oneVarRMSmetric, BiasSstLonRmse = CESM2_r1i1p1f1 and Tropflux[0m
[94m     ComputeCollection: metric = BiasTauxLonRmse[0m
[94m     ComputeMetric: oneVarRMSmetric, BiasTauxLonRmse = CESM2_r1i1p1f1 and Tropflux[0m
[93m                         NOTE: Estimated landmask applied[0m
[93m                         NOTE: Estimated landmask applied[0m
[94m     ComputeCollection: metric = EnsoAmpl[0m
[94m     ComputeMetric: oneVarmetric = CESM2_r1i1p1f1[0m
[94m     ComputeMetric: oneVarmetric = HadISST[0m
[94m     ComputeMetric: oneVarmetric = Tropflux[0m
[94m     ComputeCollection: metric = EnsoDuration[0m
[94m     ComputeMetric: oneVarmetric = CESM2_r1i1p1f1[0m
[94m     ComputeMetric: oneVarmetric = HadISST[0m
[94m     ComputeMetric: oneVarmetric = Tropflux[0m
[94m     ComputeCollection: metric = EnsoSeasonality[0m
[94m     ComputeMetric: oneVarmetric = CESM2_r1i1p1f1[0m
[94m     ComputeMetric: oneVarmetric = HadISST[0m
[94m     ComputeMetric: oneVarmetric = Tropflux[0m
[94m     ComputeCollection: metric = EnsoSstDiversity_2[0m
[94m     ComputeMetric: oneVarmetric = CESM2_r1i1p1f1[0m
[94m     ComputeMetric: oneVarmetric = HadISST[0m
[94m     ComputeMetric: oneVarmetric = Tropflux[0m
[94m     ComputeCollection: metric = EnsoSstLonRmse[0m
[94m     ComputeMetric: oneVarRMSmetric, EnsoSstLonRmse = CESM2_r1i1p1f1 and HadISST[0m
[94m     ComputeMetric: oneVarRMSmetric, EnsoSstLonRmse = CESM2_r1i1p1f1 and Tropflux[0m
[94m     ComputeCollection: metric = EnsoSstSkew[0m
[94m     ComputeMetric: oneVarmetric = CESM2_r1i1p1f1[0m
[94m     ComputeMetric: oneVarmetric = HadISST[0m
[94m     ComputeMetric: oneVarmetric = Tropflux[0m
[94m     ComputeCollection: metric = EnsoSstTsRmse[0m
[94m     ComputeMetric: oneVarRMSmetric, EnsoSstTsRmse = CESM2_r1i1p1f1 and HadISST[0m
[94m     ComputeMetric: oneVarRMSmetric, EnsoSstTsRmse = CESM2_r1i1p1f1 and Tropflux[0m
[94m     ComputeCollection: metric = SeasonalPrLatRmse[0m
[94m     ComputeMetric: oneVarRMSmetric, SeasonalPrLatRmse = CESM2_r1i1p1f1 and GPCPv2.3[0m
[93m                         NOTE: Estimated landmask applied[0m
[93m                         NOTE: Estimated landmask applied[0m
[94m     ComputeCollection: metric = SeasonalPrLonRmse[0m
[94m     ComputeMetric: oneVarRMSmetric, SeasonalPrLonRmse = CESM2_r1i1p1f1 and GPCPv2.3[0m
[93m                         NOTE: Estimated landmask applied[0m
[93m                         NOTE: Estimated landmask applied[0m
[94m     ComputeCollection: metric = SeasonalSstLonRmse[0m
[94m     ComputeMetric: oneVarRMSmetric, SeasonalSstLonRmse = CESM2_r1i1p1f1 and HadISST[0m
[94m     ComputeMetric: oneVarRMSmetric, SeasonalSstLonRmse = CESM2_r1i1p1f1 and Tropflux[0m
[94m     ComputeCollection: metric = SeasonalTauxLonRmse[0m
[94m     ComputeMetric: oneVarRMSmetric, SeasonalTauxLonRmse = CESM2_r1i1p1f1 and Tropflux[0m
[93m                         NOTE: Estimated landmask applied[0m
[93m                         NOTE: Estimated landmask applied[0m
完成时间: Mon Oct  5 03:13:08 UTC 2026
输出目录: /g/data/p66/ars599/ENSO_metrics/results_gadi_full
/scratch/p66/ars599/enso_metrics_env/lib/python3.11/site-packages/xarray/conventions.py:210: SerializationWarning: variable 'zos' has multiple fill values {np.float32(1e+20), np.float64(1e+20)} defined, decoding all values to NaN.
  var = coder.decode(var, name=name)
/scratch/p66/ars599/enso_metrics_env/lib/python3.11/site-packages/EnsoMetrics/EnsoUvcdatToolsLib.py:7386: UserWarning: areacell is None for variable 'tos'; synthesising cosine-latitude weights. Provide areacella/sftlf for accurate spatial averages.
  variable, areacell, keyerror3 = Read_mask_area(
/scratch/p66/ars599/enso_metrics_env/lib/python3.11/site-packages/EnsoMetrics/EnsoUvcdatToolsLib.py:7386: UserWarning: areacell is None for variable 'tos'; synthesising cosine-latitude weights. Provide areacella/sftlf for accurate spatial averages.
  variable, areacell, keyerror3 = Read_mask_area(
/scratch/p66/ars599/enso_metrics_env/lib/python3.11/site-packages/EnsoMetrics/EnsoMetricsLib.py:26574: UserWarning: areacell is None for variable 'unknown'; synthesising cosine-latitude weights. Provide areacella/sftlf for accurate spatial averages.
  sst_mod, keyerror_mod = AverageMeridional(sst_mod)
/scratch/p66/ars599/enso_metrics_env/lib/python3.11/site-packages/EnsoMetrics/EnsoMetricsLib.py:26575: UserWarning: areacell is None for variable 'unknown'; synthesising cosine-latitude weights. Provide areacella/sftlf for accurate spatial averages.
  sst_obs, keyerror_obs = AverageMeridional(sst_obs)
/scratch/p66/ars599/enso_metrics_env/lib/python3.11/site-packages/xarray/conventions.py:210: SerializationWarning: variable 'areacello' has multiple fill values {np.float32(1e+20), np.float64(1e+20)} defined, decoding all values to NaN.
  var = coder.decode(var, name=name)
/scratch/p66/ars599/enso_metrics_env/lib/python3.11/site-packages/xarray/conventions.py:210: SerializationWarning: variable 'tauu' has multiple fill values {np.float32(1e+20), np.float64(1e+20)} defined, decoding all values to NaN.
  var = coder.decode(var, name=name)
/scratch/p66/ars599/enso_metrics_env/lib/python3.11/site-packages/EnsoMetrics/EnsoUvcdatToolsLib.py:7386: UserWarning: areacell is None for variable 'tos'; synthesising cosine-latitude weights. Provide areacella/sftlf for accurate spatial averages.
  variable, areacell, keyerror3 = Read_mask_area(
/scratch/p66/ars599/enso_metrics_env/lib/python3.11/site-packages/EnsoMetrics/EnsoMetricsLib.py:26493: UserWarning: areacell is None for variable 'unknown'; synthesising cosine-latitude weights. Provide areacella/sftlf for accurate spatial averages.
  sstStdLon_mod, keyerror_mod = AverageMeridional(sstStd_mod)
/scratch/p66/ars599/enso_metrics_env/lib/python3.11/site-packages/EnsoMetrics/EnsoMetricsLib.py:26494: UserWarning: areacell is None for variable 'unknown'; synthesising cosine-latitude weights. Provide areacella/sftlf for accurate spatial averages.
  sstStdLon_obs, keyerror_obs = AverageMeridional(sstStd_obs)
/scratch/p66/ars599/enso_metrics_env/lib/python3.11/site-packages/EnsoMetrics/EnsoUvcdatToolsLib.py:5532: UserWarning: areacell is None for variable 'tauu'; synthesising cosine-latitude weights. Provide areacella/sftlf for accurate spatial averages.
  taux, keyerror = AverageHorizontal(taux, region="nino4")
/scratch/p66/ars599/enso_metrics_env/lib/python3.11/site-packages/xarray/conventions.py:210: SerializationWarning: variable 'areacella' has multiple fill values {np.float32(1e+20), np.float64(1e+20)} defined, decoding all values to NaN.
  var = coder.decode(var, name=name)
/scratch/p66/ars599/enso_metrics_env/lib/python3.11/site-packages/xarray/conventions.py:210: SerializationWarning: variable 'sftlf' has multiple fill values {np.float32(1e+20), np.float64(1e+20)} defined, decoding all values to NaN.
  var = coder.decode(var, name=name)
/scratch/p66/ars599/enso_metrics_env/lib/python3.11/site-packages/xarray/conventions.py:210: SerializationWarning: variable 'zos' has multiple fill values {np.float32(1e+20), np.float64(1e+20)} defined, decoding all values to NaN.
  var = coder.decode(var, name=name)
/scratch/p66/ars599/enso_metrics_env/lib/python3.11/site-packages/EnsoMetrics/EnsoUvcdatToolsLib.py:7386: UserWarning: areacell is None for variable 'tos'; synthesising cosine-latitude weights. Provide areacella/sftlf for accurate spatial averages.
  variable, areacell, keyerror3 = Read_mask_area(
/scratch/p66/ars599/enso_metrics_env/lib/python3.11/site-packages/EnsoMetrics/EnsoUvcdatToolsLib.py:7386: UserWarning: areacell is None for variable 'tos'; synthesising cosine-latitude weights. Provide areacella/sftlf for accurate spatial averages.
  variable, areacell, keyerror3 = Read_mask_area(
/scratch/p66/ars599/enso_metrics_env/lib/python3.11/site-packages/xarray/conventions.py:210: SerializationWarning: variable 'areacello' has multiple fill values {np.float32(1e+20), np.float64(1e+20)} defined, decoding all values to NaN.
  var = coder.decode(var, name=name)
/scratch/p66/ars599/enso_metrics_env/lib/python3.11/site-packages/EnsoMetrics/EnsoMetricsLib.py:26574: UserWarning: areacell is None for variable 'unknown'; synthesising cosine-latitude weights. Provide areacella/sftlf for accurate spatial averages.
  sst_mod, keyerror_mod = AverageMeridional(sst_mod)
/scratch/p66/ars599/enso_metrics_env/lib/python3.11/site-packages/EnsoMetrics/EnsoMetricsLib.py:26575: UserWarning: areacell is None for variable 'unknown'; synthesising cosine-latitude weights. Provide areacella/sftlf for accurate spatial averages.
  sst_obs, keyerror_obs = AverageMeridional(sst_obs)
/scratch/p66/ars599/enso_metrics_env/lib/python3.11/site-packages/EnsoMetrics/EnsoMetricsLib.py:8835: UserWarning: areacell is None for variable 'unknown'; synthesising cosine-latitude weights. Provide areacella/sftlf for accurate spatial averages.
  ssh_map, keyerror = AverageMeridional(ssh_map)
/scratch/p66/ars599/enso_metrics_env/lib/python3.11/site-packages/EnsoMetrics/EnsoUvcdatToolsLib.py:5532: UserWarning: areacell is None for variable 'tauu'; synthesising cosine-latitude weights. Provide areacella/sftlf for accurate spatial averages.
  taux, keyerror = AverageHorizontal(taux, region="nino4")
/scratch/p66/ars599/enso_metrics_env/lib/python3.11/site-packages/EnsoMetrics/EnsoUvcdatToolsLib.py:5751: UserWarning: Generated land mask is entirely ocean for this region. This may be expected if the region is all ocean.
  sft = cdutil.generateLandSeaMask(d(*(slice(0, 1),) * n),debug=False) * 100.0
/scratch/p66/ars599/enso_metrics_env/lib/python3.11/site-packages/EnsoMetrics/EnsoUvcdatToolsLib.py:5532: UserWarning: areacell is None for variable 'tauu'; synthesising cosine-latitude weights. Provide areacella/sftlf for accurate spatial averages.
  taux, keyerror = AverageHorizontal(taux, region="nino4")
/scratch/p66/ars599/enso_metrics_env/lib/python3.11/site-packages/EnsoMetrics/EnsoUvcdatToolsLib.py:5751: UserWarning: Generated land mask is entirely ocean for this region. This may be expected if the region is all ocean.
  sft = cdutil.generateLandSeaMask(d(*(slice(0, 1),) * n),debug=False) * 100.0
/scratch/p66/ars599/enso_metrics_env/lib/python3.11/site-packages/EnsoMetrics/EnsoMetricsLib.py:27166: UserWarning: areacell is None for variable 'unknown'; synthesising cosine-latitude weights. Provide areacella/sftlf for accurate spatial averages.
  tauxStdLon_mod, keyerror_mod = AverageMeridional(tauxStd_mod)
/scratch/p66/ars599/enso_metrics_env/lib/python3.11/site-packages/EnsoMetrics/EnsoMetricsLib.py:27167: UserWarning: areacell is None for variable 'unknown'; synthesising cosine-latitude weights. Provide areacella/sftlf for accurate spatial averages.
  tauxStdLon_obs, keyerror_obs = AverageMeridional(tauxStd_obs)
/scratch/p66/ars599/enso_metrics_env/lib/python3.11/site-packages/EnsoMetrics/EnsoUvcdatToolsLib.py:7386: UserWarning: areacell is None for variable 'tos'; synthesising cosine-latitude weights. Provide areacella/sftlf for accurate spatial averages.
  variable, areacell, keyerror3 = Read_mask_area(
/scratch/p66/ars599/enso_metrics_env/lib/python3.11/site-packages/EnsoMetrics/EnsoUvcdatToolsLib.py:5532: UserWarning: areacell is None for variable 'tauu'; synthesising cosine-latitude weights. Provide areacella/sftlf for accurate spatial averages.
  taux, keyerror = AverageHorizontal(taux, region="nino4")
/scratch/p66/ars599/enso_metrics_env/lib/python3.11/site-packages/EnsoMetrics/EnsoUvcdatToolsLib.py:5532: UserWarning: areacell is None for variable 'tauu'; synthesising cosine-latitude weights. Provide areacella/sftlf for accurate spatial averages.
  taux, keyerror = AverageHorizontal(taux, region="nino4")
/scratch/p66/ars599/enso_metrics_env/lib/python3.11/site-packages/EnsoMetrics/EnsoUvcdatToolsLib.py:7386: UserWarning: areacell is None for variable 'zos'; synthesising cosine-latitude weights. Provide areacella/sftlf for accurate spatial averages.
  variable, areacell, keyerror3 = Read_mask_area(
/scratch/p66/ars599/enso_metrics_env/lib/python3.11/site-packages/EnsoMetrics/EnsoUvcdatToolsLib.py:5532: UserWarning: areacell is None for variable 'tauu'; synthesising cosine-latitude weights. Provide areacella/sftlf for accurate spatial averages.
  taux, keyerror = AverageHorizontal(taux, region="nino4")
/scratch/p66/ars599/enso_metrics_env/lib/python3.11/site-packages/EnsoMetrics/EnsoUvcdatToolsLib.py:5751: UserWarning: Generated land mask is entirely ocean for this region. This may be expected if the region is all ocean.
  sft = cdutil.generateLandSeaMask(d(*(slice(0, 1),) * n),debug=False) * 100.0
/scratch/p66/ars599/enso_metrics_env/lib/python3.11/site-packages/EnsoMetrics/EnsoMetricsLib.py:27254: UserWarning: areacell is None for variable 'unknown'; synthesising cosine-latitude weights. Provide areacella/sftlf for accurate spatial averages.
  taux_mod, keyerror_mod = AverageMeridional(taux_mod)
/scratch/p66/ars599/enso_metrics_env/lib/python3.11/site-packages/EnsoMetrics/EnsoMetricsLib.py:27255: UserWarning: areacell is None for variable 'unknown'; synthesising cosine-latitude weights. Provide areacella/sftlf for accurate spatial averages.
  taux_obs, keyerror_obs = AverageMeridional(taux_obs)
数据清单: /g/data/p66/ars599/ENSO_metrics/results_gadi_full/manifests/inventory.json
ACCESS-ESM1-5: root=/g/data/fs38/publications/CMIP6/CMIP/CSIRO/ACCESS-ESM1-5/historical/r1i1p1f1, variables=['lhf', 'lwr', 'pr', 'shf', 'ssh', 'sst', 'swr', 'taux', 'tauy', 'thf'], split=[]
[94m     ComputeCollection: metric = BiasPrLatRmse[0m
[94m     ComputeMetric: oneVarRMSmetric, BiasPrLatRmse = ACCESS-ESM1-5_r1i1p1f1 and GPCPv2.3[0m
[93m                         NOTE: Estimated landmask applied[0m
[93m                         NOTE: Estimated landmask applied[0m
[94m     ComputeCollection: metric = BiasPrLonRmse[0m
[94m     ComputeMetric: oneVarRMSmetric, BiasPrLonRmse = ACCESS-ESM1-5_r1i1p1f1 and GPCPv2.3[0m
[93m                         NOTE: Estimated landmask applied[0m
[93m                         NOTE: Estimated landmask applied[0m
[94m     ComputeCollection: metric = BiasSstLonRmse[0m
[94m     ComputeMetric: oneVarRMSmetric, BiasSstLonRmse = ACCESS-ESM1-5_r1i1p1f1 and HadISST[0m
[94m     ComputeMetric: oneVarRMSmetric, BiasSstLonRmse = ACCESS-ESM1-5_r1i1p1f1 and Tropflux[0m
[94m     ComputeCollection: metric = BiasTauxLonRmse[0m
[94m     ComputeMetric: oneVarRMSmetric, BiasTauxLonRmse = ACCESS-ESM1-5_r1i1p1f1 and Tropflux[0m
[93m                         NOTE: Estimated landmask applied[0m
[93m                         NOTE: Estimated landmask applied[0m
[93m                         NOTE: Estimated landmask applied[0m
[93m                         NOTE: Estimated landmask applied[0m
[94m     ComputeCollection: metric = EnsoAmpl[0m
[94m     ComputeMetric: oneVarmetric = ACCESS-ESM1-5_r1i1p1f1[0m
[94m     ComputeMetric: oneVarmetric = HadISST[0m
[94m     ComputeMetric: oneVarmetric = Tropflux[0m
[94m     ComputeCollection: metric = EnsoDuration[0m
[94m     ComputeMetric: oneVarmetric = ACCESS-ESM1-5_r1i1p1f1[0m
[94m     ComputeMetric: oneVarmetric = HadISST[0m
[94m     ComputeMetric: oneVarmetric = Tropflux[0m
[94m     ComputeCollection: metric = EnsoSeasonality[0m
[94m     ComputeMetric: oneVarmetric = ACCESS-ESM1-5_r1i1p1f1[0m
[94m     ComputeMetric: oneVarmetric = HadISST[0m
[94m     ComputeMetric: oneVarmetric = Tropflux[0m
[94m     ComputeCollection: metric = EnsoSstDiversity_2[0m
[94m     ComputeMetric: oneVarmetric = ACCESS-ESM1-5_r1i1p1f1[0m
[94m     ComputeMetric: oneVarmetric = HadISST[0m
[94m     ComputeMetric: oneVarmetric = Tropflux[0m
[94m     ComputeCollection: metric = EnsoSstLonRmse[0m
[94m     ComputeMetric: oneVarRMSmetric, EnsoSstLonRmse = ACCESS-ESM1-5_r1i1p1f1 and HadISST[0m
[94m     ComputeMetric: oneVarRMSmetric, EnsoSstLonRmse = ACCESS-ESM1-5_r1i1p1f1 and Tropflux[0m
[94m     ComputeCollection: metric = EnsoSstSkew[0m
[94m     ComputeMetric: oneVarmetric = ACCESS-ESM1-5_r1i1p1f1[0m
[94m     ComputeMetric: oneVarmetric = HadISST[0m
[94m     ComputeMetric: oneVarmetric = Tropflux[0m
[94m     ComputeCollection: metric = EnsoSstTsRmse[0m
[94m     ComputeMetric: oneVarRMSmetric, EnsoSstTsRmse = ACCESS-ESM1-5_r1i1p1f1 and HadISST[0m
[94m     ComputeMetric: oneVarRMSmetric, EnsoSstTsRmse = ACCESS-ESM1-5_r1i1p1f1 and Tropflux[0m
[94m     ComputeCollection: metric = SeasonalPrLatRmse[0m
[94m     ComputeMetric: oneVarRMSmetric, SeasonalPrLatRmse = ACCESS-ESM1-5_r1i1p1f1 and GPCPv2.3[0m
[93m                         NOTE: Estimated landmask applied[0m
[93m                         NOTE: Estimated landmask applied[0m
[94m     ComputeCollection: metric = SeasonalPrLonRmse[0m
[94m     ComputeMetric: oneVarRMSmetric, SeasonalPrLonRmse = ACCESS-ESM1-5_r1i1p1f1 and GPCPv2.3[0m
[93m                         NOTE: Estimated landmask applied[0m
[93m                         NOTE: Estimated landmask applied[0m
[94m     ComputeCollection: metric = SeasonalSstLonRmse[0m
[94m     ComputeMetric: oneVarRMSmetric, SeasonalSstLonRmse = ACCESS-ESM1-5_r1i1p1f1 and HadISST[0m
[94m     ComputeMetric: oneVarRMSmetric, SeasonalSstLonRmse = ACCESS-ESM1-5_r1i1p1f1 and Tropflux[0m
[94m     ComputeCollection: metric = SeasonalTauxLonRmse[0m
[94m     ComputeMetric: oneVarRMSmetric, SeasonalTauxLonRmse = ACCESS-ESM1-5_r1i1p1f1 and Tropflux[0m
[93m                         NOTE: Estimated landmask applied[0m
[93m                         NOTE: Estimated landmask applied[0m
[93m                         NOTE: Estimated landmask applied[0m
[93m                         NOTE: Estimated landmask applied[0m
完成时间: Mon Oct  5 03:13:27 UTC 2026
输出目录: /g/data/p66/ars599/ENSO_metrics/results_gadi_full
/scratch/p66/ars599/enso_metrics_env/lib/python3.11/site-packages/EnsoMetrics/EnsoUvcdatToolsLib.py:7283: UserWarning: areacell is None for variable 'unknown'; synthesising cosine-latitude weights. Provide areacella/sftlf for accurate spatial averages.
  tab, keyerror = dict_average[average](tab, areacell, region=region, **kwargs)
/scratch/p66/ars599/enso_metrics_env/lib/python3.11/site-packages/EnsoMetrics/EnsoUvcdatToolsLib.py:7386: UserWarning: areacell is None for variable 'zos'; synthesising cosine-latitude weights. Provide areacella/sftlf for accurate spatial averages.
  variable, areacell, keyerror3 = Read_mask_area(
/scratch/p66/ars599/enso_metrics_env/lib/python3.11/site-packages/EnsoMetrics/EnsoMetricsLib.py:8835: UserWarning: areacell is None for variable 'unknown'; synthesising cosine-latitude weights. Provide areacella/sftlf for accurate spatial averages.
  ssh_map, keyerror = AverageMeridional(ssh_map)
/scratch/p66/ars599/enso_metrics_env/lib/python3.11/site-packages/EnsoMetrics/EnsoUvcdatToolsLib.py:7283: UserWarning: areacell is None for variable 'unknown'; synthesising cosine-latitude weights. Provide areacella/sftlf for accurate spatial averages.
  tab, keyerror = dict_average[average](tab, areacell, region=region, **kwargs)
/scratch/p66/ars599/enso_metrics_env/lib/python3.11/site-packages/EnsoMetrics/EnsoMetricsLib.py:14907: UserWarning: areacell is None for variable 'unknown'; synthesising cosine-latitude weights. Provide areacella/sftlf for accurate spatial averages.
  sstlon_mod, keyerror_mod = AverageMeridional(sstmap_mod)
/scratch/p66/ars599/enso_metrics_env/lib/python3.11/site-packages/EnsoMetrics/EnsoMetricsLib.py:14908: UserWarning: areacell is None for variable 'unknown'; synthesising cosine-latitude weights. Provide areacella/sftlf for accurate spatial averages.
  sstlon_obs, keyerror_obs = AverageMeridional(sstmap_obs)
/scratch/p66/ars599/enso_metrics_env/lib/python3.11/site-packages/xarray/conventions.py:210: SerializationWarning: variable 'tos' has multiple fill values {np.float32(1e+20), np.float64(1e+20)} defined, decoding all values to NaN.
  var = coder.decode(var, name=name)
/scratch/p66/ars599/enso_metrics_env/lib/python3.11/site-packages/xarray/conventions.py:210: SerializationWarning: variable 'areacello' has multiple fill values {np.float32(1e+20), np.float64(1e+20)} defined, decoding all values to NaN.
  var = coder.decode(var, name=name)
/scratch/p66/ars599/enso_metrics_env/lib/python3.11/site-packages/EnsoMetrics/EnsoUvcdatToolsLib.py:7386: UserWarning: areacell is None for variable 'tos'; synthesising cosine-latitude weights. Provide areacella/sftlf for accurate spatial averages.
  variable, areacell, keyerror3 = Read_mask_area(
/scratch/p66/ars599/enso_metrics_env/lib/python3.11/site-packages/xarray/conventions.py:210: SerializationWarning: variable 'tos' has multiple fill values {np.float32(1e+20), np.float64(1e+20)} defined, decoding all values to NaN.
  var = coder.decode(var, name=name)
Traceback (most recent call last):
  File "/scratch/p66/ars599/enso_metrics_env/lib/python3.11/site-packages/EnsoMetrics/EnsoComputeMetricsLib.py", line 456, in ComputeCollection
    valu, vame, dive, dime = ComputeMetric(
                             ^^^^^^^^^^^^^^
  File "/scratch/p66/ars599/enso_metrics_env/lib/python3.11/site-packages/EnsoMetrics/EnsoComputeMetricsLib.py", line 1184, in ComputeMetric
    units = diagnostic1[obs]["units"]
            ^^^^^^^^^^^
UnboundLocalError: cannot access local variable 'obs' where it is not associated with a value
Traceback (most recent call last):
  File "/scratch/p66/ars599/enso_metrics_env/lib/python3.11/site-packages/EnsoMetrics/EnsoComputeMetricsLib.py", line 456, in ComputeCollection
    valu, vame, dive, dime = ComputeMetric(
                             ^^^^^^^^^^^^^^
  File "/scratch/p66/ars599/enso_metrics_env/lib/python3.11/site-packages/EnsoMetrics/EnsoComputeMetricsLib.py", line 1184, in ComputeMetric
    units = diagnostic1[obs]["units"]
            ^^^^^^^^^^^
UnboundLocalError: cannot access local variable 'obs' where it is not associated with a value
数据清单: /g/data/p66/ars599/ENSO_metrics/results_gadi_full/manifests/inventory.json
ACCESS-CM2: root=/g/data/fs38/publications/CMIP6/CMIP/CSIRO-ARCCSS/ACCESS-CM2/historical/r1i1p1f1, variables=['lhf', 'lwr', 'pr', 'shf', 'ssh', 'sst', 'swr', 'taux', 'tauy', 'thf'], split=[]
[94m     ComputeCollection: metric = EnsoAmpl[0m
[94m     ComputeMetric: oneVarmetric = ACCESS-CM2_r1i1p1f1[0m
[94m     ComputeMetric: oneVarmetric = HadISST[0m
[94m     ComputeMetric: oneVarmetric = Tropflux[0m
[94m     ComputeCollection: metric = EnsoPrMapDjf[0m
[94m     ComputeMetric: twoVarRMSmetric, EnsoPrMapDjf = ACCESS-CM2_r1i1p1f1 and HadISST_GPCPv2.3[0m
[93m                         NOTE: Estimated landmask applied[0m
[93m                         NOTE: Estimated landmask applied[0m
[94m     ComputeMetric: twoVarRMSmetric, EnsoPrMapDjf = ACCESS-CM2_r1i1p1f1 and Tropflux_GPCPv2.3[0m
[93m                         NOTE: Estimated landmask applied[0m
[93m                         NOTE: Estimated landmask applied[0m
[94m     ComputeCollection: metric = EnsoPrMapJja[0m
[94m     ComputeMetric: twoVarRMSmetric, EnsoPrMapJja = ACCESS-CM2_r1i1p1f1 and HadISST_GPCPv2.3[0m
[93m                         NOTE: Estimated landmask applied[0m
[93m                         NOTE: Estimated landmask applied[0m
[94m     ComputeMetric: twoVarRMSmetric, EnsoPrMapJja = ACCESS-CM2_r1i1p1f1 and Tropflux_GPCPv2.3[0m
[93m                         NOTE: Estimated landmask applied[0m
[93m                         NOTE: Estimated landmask applied[0m
[94m     ComputeCollection: metric = EnsoSeasonality[0m
[94m     ComputeMetric: oneVarmetric = ACCESS-CM2_r1i1p1f1[0m
[94m     ComputeMetric: oneVarmetric = HadISST[0m
[94m     ComputeMetric: oneVarmetric = Tropflux[0m
[94m     ComputeCollection: metric = EnsoSstLonRmse[0m
[94m     ComputeMetric: oneVarRMSmetric, EnsoSstLonRmse = ACCESS-CM2_r1i1p1f1 and HadISST[0m
[94m     ComputeMetric: oneVarRMSmetric, EnsoSstLonRmse = ACCESS-CM2_r1i1p1f1 and Tropflux[0m
[94m     ComputeCollection: metric = EnsoSstMapDjf[0m
[94m     ComputeCollection: metric = EnsoSstMapJja[0m
完成时间: Mon Oct  5 03:13:47 UTC 2026
输出目录: /g/data/p66/ars599/ENSO_metrics/results_gadi_full
/scratch/p66/ars599/enso_metrics_env/lib/python3.11/site-packages/xarray/conventions.py:210: SerializationWarning: variable 'areacello' has multiple fill values {np.float32(1e+20), np.float64(1e+20)} defined, decoding all values to NaN.
  var = coder.decode(var, name=name)
/scratch/p66/ars599/enso_metrics_env/lib/python3.11/site-packages/xarray/conventions.py:210: SerializationWarning: variable 'tos' has multiple fill values {np.float32(1e+20), np.float64(1e+20)} defined, decoding all values to NaN.
  var = coder.decode(var, name=name)
/scratch/p66/ars599/enso_metrics_env/lib/python3.11/site-packages/xarray/conventions.py:210: SerializationWarning: variable 'areacello' has multiple fill values {np.float32(1e+20), np.float64(1e+20)} defined, decoding all values to NaN.
  var = coder.decode(var, name=name)
/scratch/p66/ars599/enso_metrics_env/lib/python3.11/site-packages/EnsoMetrics/EnsoMetricsLib.py:11532: UserWarning: areacell is None for variable 'unknown'; synthesising cosine-latitude weights. Provide areacella/sftlf for accurate spatial averages.
  sst2, keyerror1 = AverageMeridional(sst2)
/scratch/p66/ars599/enso_metrics_env/lib/python3.11/site-packages/EnsoMetrics/EnsoMetricsLib.py:11533: UserWarning: areacell is None for variable 'unknown'; synthesising cosine-latitude weights. Provide areacella/sftlf for accurate spatial averages.
  sst3_NDJ, keyerror2 = AverageMeridional(sst3_NDJ)
/scratch/p66/ars599/enso_metrics_env/lib/python3.11/site-packages/EnsoMetrics/EnsoMetricsLib.py:11534: UserWarning: areacell is None for variable 'unknown'; synthesising cosine-latitude weights. Provide areacella/sftlf for accurate spatial averages.
  sst3_MAM, keyerror3 = AverageMeridional(sst3_MAM)
/scratch/p66/ars599/enso_metrics_env/lib/python3.11/site-packages/EnsoMetrics/EnsoUvcdatToolsLib.py:7386: UserWarning: areacell is None for variable 'tos'; synthesising cosine-latitude weights. Provide areacella/sftlf for accurate spatial averages.
  variable, areacell, keyerror3 = Read_mask_area(
/scratch/p66/ars599/enso_metrics_env/lib/python3.11/site-packages/EnsoMetrics/EnsoUvcdatToolsLib.py:7283: UserWarning: areacell is None for variable 'unknown'; synthesising cosine-latitude weights. Provide areacella/sftlf for accurate spatial averages.
  tab, keyerror = dict_average[average](tab, areacell, region=region, **kwargs)
/scratch/p66/ars599/enso_metrics_env/lib/python3.11/site-packages/EnsoMetrics/EnsoUvcdatToolsLib.py:7283: UserWarning: areacell is None for variable 'unknown'; synthesising cosine-latitude weights. Provide areacella/sftlf for accurate spatial averages.
  tab, keyerror = dict_average[average](tab, areacell, region=region, **kwargs)
/scratch/p66/ars599/enso_metrics_env/lib/python3.11/site-packages/EnsoMetrics/EnsoUvcdatToolsLib.py:7386: UserWarning: areacell is None for variable 'tos'; synthesising cosine-latitude weights. Provide areacella/sftlf for accurate spatial averages.
  variable, areacell, keyerror3 = Read_mask_area(
/scratch/p66/ars599/enso_metrics_env/lib/python3.11/site-packages/EnsoMetrics/EnsoUvcdatToolsLib.py:7386: UserWarning: areacell is None for variable 'tos'; synthesising cosine-latitude weights. Provide areacella/sftlf for accurate spatial averages.
  variable, areacell, keyerror3 = Read_mask_area(
/scratch/p66/ars599/enso_metrics_env/lib/python3.11/site-packages/EnsoMetrics/EnsoMetricsLib.py:7820: UserWarning: areacell is None for variable 'unknown'; synthesising cosine-latitude weights. Provide areacella/sftlf for accurate spatial averages.
  sst_map, keyerror1 = AverageMeridional(sst_map)
/scratch/p66/ars599/enso_metrics_env/lib/python3.11/site-packages/EnsoMetrics/EnsoMetricsLib.py:7821: UserWarning: areacell is None for variable 'unknown'; synthesising cosine-latitude weights. Provide areacella/sftlf for accurate spatial averages.
  thf_map, keyerror2 = AverageMeridional(thf_map)
/scratch/p66/ars599/enso_metrics_env/lib/python3.11/site-packages/EnsoMetrics/EnsoUvcdatToolsLib.py:7386: UserWarning: areacell is None for variable 'tos'; synthesising cosine-latitude weights. Provide areacella/sftlf for accurate spatial averages.
  variable, areacell, keyerror3 = Read_mask_area(
/scratch/p66/ars599/enso_metrics_env/lib/python3.11/site-packages/EnsoMetrics/EnsoUvcdatToolsLib.py:7386: UserWarning: areacell is None for variable 'tos'; synthesising cosine-latitude weights. Provide areacella/sftlf for accurate spatial averages.
  variable, areacell, keyerror3 = Read_mask_area(
/scratch/p66/ars599/enso_metrics_env/lib/python3.11/site-packages/EnsoMetrics/EnsoUvcdatToolsLib.py:5751: UserWarning: Generated land mask is entirely ocean for this region. This may be expected if the region is all ocean.
  sft = cdutil.generateLandSeaMask(d(*(slice(0, 1),) * n),debug=False) * 100.0
/scratch/p66/ars599/enso_metrics_env/lib/python3.11/site-packages/EnsoMetrics/EnsoUvcdatToolsLib.py:7283: UserWarning: areacell is None for variable 'unknown'; synthesising cosine-latitude weights. Provide areacella/sftlf for accurate spatial averages.
  tab, keyerror = dict_average[average](tab, areacell, region=region, **kwargs)
/scratch/p66/ars599/enso_metrics_env/lib/python3.11/site-packages/EnsoMetrics/EnsoUvcdatToolsLib.py:7283: UserWarning: areacell is None for variable 'unknown'; synthesising cosine-latitude weights. Provide areacella/sftlf for accurate spatial averages.
  tab, keyerror = dict_average[average](tab, areacell, region=region, **kwargs)
/scratch/p66/ars599/enso_metrics_env/lib/python3.11/site-packages/EnsoMetrics/EnsoMetricsLib.py:11532: UserWarning: areacell is None for variable 'unknown'; synthesising cosine-latitude weights. Provide areacella/sftlf for accurate spatial averages.
  sst2, keyerror1 = AverageMeridional(sst2)
/scratch/p66/ars599/enso_metrics_env/lib/python3.11/site-packages/EnsoMetrics/EnsoMetricsLib.py:11533: UserWarning: areacell is None for variable 'unknown'; synthesising cosine-latitude weights. Provide areacella/sftlf for accurate spatial averages.
  sst3_NDJ, keyerror2 = AverageMeridional(sst3_NDJ)
/scratch/p66/ars599/enso_metrics_env/lib/python3.11/site-packages/EnsoMetrics/EnsoMetricsLib.py:11534: UserWarning: areacell is None for variable 'unknown'; synthesising cosine-latitude weights. Provide areacella/sftlf for accurate spatial averages.
  sst3_MAM, keyerror3 = AverageMeridional(sst3_MAM)
/scratch/p66/ars599/enso_metrics_env/lib/python3.11/site-packages/EnsoMetrics/EnsoUvcdatToolsLib.py:7386: UserWarning: areacell is None for variable 'tos'; synthesising cosine-latitude weights. Provide areacella/sftlf for accurate spatial averages.
  variable, areacell, keyerror3 = Read_mask_area(
/scratch/p66/ars599/enso_metrics_env/lib/python3.11/site-packages/EnsoMetrics/EnsoUvcdatToolsLib.py:7283: UserWarning: areacell is None for variable 'unknown'; synthesising cosine-latitude weights. Provide areacella/sftlf for accurate spatial averages.
  tab, keyerror = dict_average[average](tab, areacell, region=region, **kwargs)
/scratch/p66/ars599/enso_metrics_env/lib/python3.11/site-packages/EnsoMetrics/EnsoUvcdatToolsLib.py:7283: UserWarning: areacell is None for variable 'unknown'; synthesising cosine-latitude weights. Provide areacella/sftlf for accurate spatial averages.
  tab, keyerror = dict_average[average](tab, areacell, region=region, **kwargs)
/scratch/p66/ars599/enso_metrics_env/lib/python3.11/site-packages/EnsoMetrics/EnsoUvcdatToolsLib.py:7386: UserWarning: areacell is None for variable 'tos'; synthesising cosine-latitude weights. Provide areacella/sftlf for accurate spatial averages.
  variable, areacell, keyerror3 = Read_mask_area(
/scratch/p66/ars599/enso_metrics_env/lib/python3.11/site-packages/EnsoMetrics/EnsoUvcdatToolsLib.py:7386: UserWarning: areacell is None for variable 'tos'; synthesising cosine-latitude weights. Provide areacella/sftlf for accurate spatial averages.
  variable, areacell, keyerror3 = Read_mask_area(
/scratch/p66/ars599/enso_metrics_env/lib/python3.11/site-packages/EnsoMetrics/EnsoUvcdatToolsLib.py:5751: UserWarning: Generated land mask is entirely ocean for this region. This may be expected if the region is all ocean.
  sft = cdutil.generateLandSeaMask(d(*(slice(0, 1),) * n),debug=False) * 100.0
/scratch/p66/ars599/enso_metrics_env/lib/python3.11/site-packages/EnsoMetrics/EnsoUvcdatToolsLib.py:7386: UserWarning: areacell is None for variable 'tos'; synthesising cosine-latitude weights. Provide areacella/sftlf for accurate spatial averages.
  variable, areacell, keyerror3 = Read_mask_area(
/scratch/p66/ars599/enso_metrics_env/lib/python3.11/site-packages/EnsoMetrics/EnsoMetricsLib.py:11532: UserWarning: areacell is None for variable 'unknown'; synthesising cosine-latitude weights. Provide areacella/sftlf for accurate spatial averages.
  sst2, keyerror1 = AverageMeridional(sst2)
/scratch/p66/ars599/enso_metrics_env/lib/python3.11/site-packages/EnsoMetrics/EnsoMetricsLib.py:11533: UserWarning: areacell is None for variable 'unknown'; synthesising cosine-latitude weights. Provide areacella/sftlf for accurate spatial averages.
  sst3_NDJ, keyerror2 = AverageMeridional(sst3_NDJ)
/scratch/p66/ars599/enso_metrics_env/lib/python3.11/site-packages/EnsoMetrics/EnsoMetricsLib.py:11534: UserWarning: areacell is None for variable 'unknown'; synthesising cosine-latitude weights. Provide areacella/sftlf for accurate spatial averages.
  sst3_MAM, keyerror3 = AverageMeridional(sst3_MAM)
/scratch/p66/ars599/enso_metrics_env/lib/python3.11/site-packages/xarray/conventions.py:210: SerializationWarning: variable 'tos' has multiple fill values {np.float32(1e+20), np.float64(1e+20)} defined, decoding all values to NaN.
  var = coder.decode(var, name=name)
/scratch/p66/ars599/enso_metrics_env/lib/python3.11/site-packages/EnsoMetrics/EnsoMetricsLib.py:7820: UserWarning: areacell is None for variable 'unknown'; synthesising cosine-latitude weights. Provide areacella/sftlf for accurate spatial averages.
  sst_map, keyerror1 = AverageMeridional(sst_map)
/scratch/p66/ars599/enso_metrics_env/lib/python3.11/site-packages/EnsoMetrics/EnsoMetricsLib.py:7821: UserWarning: areacell is None for variable 'unknown'; synthesising cosine-latitude weights. Provide areacella/sftlf for accurate spatial averages.
  thf_map, keyerror2 = AverageMeridional(thf_map)
/scratch/p66/ars599/enso_metrics_env/lib/python3.11/site-packages/EnsoMetrics/EnsoUvcdatToolsLib.py:7386: UserWarning: areacell is None for variable 'tos'; synthesising cosine-latitude weights. Provide areacella/sftlf for accurate spatial averages.
  variable, areacell, keyerror3 = Read_mask_area(
/scratch/p66/ars599/enso_metrics_env/lib/python3.11/site-packages/EnsoMetrics/EnsoUvcdatToolsLib.py:7386: UserWarning: areacell is None for variable 'tos'; synthesising cosine-latitude weights. Provide areacella/sftlf for accurate spatial averages.
  variable, areacell, keyerror3 = Read_mask_area(
/scratch/p66/ars599/enso_metrics_env/lib/python3.11/site-packages/EnsoMetrics/EnsoUvcdatToolsLib.py:5751: UserWarning: Generated land mask is entirely ocean for this region. This may be expected if the region is all ocean.
  sft = cdutil.generateLandSeaMask(d(*(slice(0, 1),) * n),debug=False) * 100.0
/scratch/p66/ars599/enso_metrics_env/lib/python3.11/site-packages/EnsoMetrics/EnsoUvcdatToolsLib.py:7283: UserWarning: areacell is None for variable 'unknown'; synthesising cosine-latitude weights. Provide areacella/sftlf for accurate spatial averages.
  tab, keyerror = dict_average[average](tab, areacell, region=region, **kwargs)
/scratch/p66/ars599/enso_metrics_env/lib/python3.11/site-packages/EnsoMetrics/EnsoUvcdatToolsLib.py:7283: UserWarning: areacell is None for variable 'unknown'; synthesising cosine-latitude weights. Provide areacella/sftlf for accurate spatial averages.
  tab, keyerror = dict_average[average](tab, areacell, region=region, **kwargs)
/scratch/p66/ars599/enso_metrics_env/lib/python3.11/site-packages/EnsoMetrics/EnsoUvcdatToolsLib.py:7386: UserWarning: areacell is None for variable 'tos'; synthesising cosine-latitude weights. Provide areacella/sftlf for accurate spatial averages.
  variable, areacell, keyerror3 = Read_mask_area(
/scratch/p66/ars599/enso_metrics_env/lib/python3.11/site-packages/EnsoMetrics/EnsoUvcdatToolsLib.py:5751: UserWarning: Generated land mask is entirely ocean for this region. This may be expected if the region is all ocean.
  sft = cdutil.generateLandSeaMask(d(*(slice(0, 1),) * n),debug=False) * 100.0
/scratch/p66/ars599/enso_metrics_env/lib/python3.11/site-packages/xarray/conventions.py:210: SerializationWarning: variable 'areacello' has multiple fill values {np.float32(1e+20), np.float64(1e+20)} defined, decoding all values to NaN.
  var = coder.decode(var, name=name)
/scratch/p66/ars599/enso_metrics_env/lib/python3.11/site-packages/EnsoMetrics/EnsoUvcdatToolsLib.py:7386: UserWarning: areacell is None for variable 'tos'; synthesising cosine-latitude weights. Provide areacella/sftlf for accurate spatial averages.
  variable, areacell, keyerror3 = Read_mask_area(
/scratch/p66/ars599/enso_metrics_env/lib/python3.11/site-packages/xarray/conventions.py:210: SerializationWarning: variable 'tos' has multiple fill values {np.float32(1e+20), np.float64(1e+20)} defined, decoding all values to NaN.
  var = coder.decode(var, name=name)
/scratch/p66/ars599/enso_metrics_env/lib/python3.11/site-packages/EnsoMetrics/EnsoMetricsLib.py:7820: UserWarning: areacell is None for variable 'unknown'; synthesising cosine-latitude weights. Provide areacella/sftlf for accurate spatial averages.
  sst_map, keyerror1 = AverageMeridional(sst_map)
/scratch/p66/ars599/enso_metrics_env/lib/python3.11/site-packages/EnsoMetrics/EnsoMetricsLib.py:7821: UserWarning: areacell is None for variable 'unknown'; synthesising cosine-latitude weights. Provide areacella/sftlf for accurate spatial averages.
  thf_map, keyerror2 = AverageMeridional(thf_map)
/scratch/p66/ars599/enso_metrics_env/lib/python3.11/site-packages/xarray/conventions.py:210: SerializationWarning: variable 'areacello' has multiple fill values {np.float32(1e+20), np.float64(1e+20)} defined, decoding all values to NaN.
  var = coder.decode(var, name=name)
/scratch/p66/ars599/enso_metrics_env/lib/python3.11/site-packages/EnsoMetrics/EnsoUvcdatToolsLib.py:7386: UserWarning: areacell is None for variable 'tos'; synthesising cosine-latitude weights. Provide areacella/sftlf for accurate spatial averages.
  variable, areacell, keyerror3 = Read_mask_area(
/scratch/p66/ars599/enso_metrics_env/lib/python3.11/site-packages/EnsoMetrics/EnsoUvcdatToolsLib.py:7283: UserWarning: areacell is None for variable 'unknown'; synthesising cosine-latitude weights. Provide areacella/sftlf for accurate spatial averages.
  tab, keyerror = dict_average[average](tab, areacell, region=region, **kwargs)
/scratch/p66/ars599/enso_metrics_env/lib/python3.11/site-packages/EnsoMetrics/EnsoMetricsLib.py:14907: UserWarning: areacell is None for variable 'unknown'; synthesising cosine-latitude weights. Provide areacella/sftlf for accurate spatial averages.
  sstlon_mod, keyerror_mod = AverageMeridional(sstmap_mod)
/scratch/p66/ars599/enso_metrics_env/lib/python3.11/site-packages/EnsoMetrics/EnsoMetricsLib.py:14908: UserWarning: areacell is None for variable 'unknown'; synthesising cosine-latitude weights. Provide areacella/sftlf for accurate spatial averages.
  sstlon_obs, keyerror_obs = AverageMeridional(sstmap_obs)
/scratch/p66/ars599/enso_metrics_env/lib/python3.11/site-packages/xarray/conventions.py:210: SerializationWarning: variable 'tos' has multiple fill values {np.float32(1e+20), np.float64(1e+20)} defined, decoding all values to NaN.
  var = coder.decode(var, name=name)
/scratch/p66/ars599/enso_metrics_env/lib/python3.11/site-packages/xarray/conventions.py:210: SerializationWarning: variable 'areacello' has multiple fill values {np.float32(1e+20), np.float64(1e+20)} defined, decoding all values to NaN.
  var = coder.decode(var, name=name)
/scratch/p66/ars599/enso_metrics_env/lib/python3.11/site-packages/EnsoMetrics/EnsoUvcdatToolsLib.py:7386: UserWarning: areacell is None for variable 'tos'; synthesising cosine-latitude weights. Provide areacella/sftlf for accurate spatial averages.
  variable, areacell, keyerror3 = Read_mask_area(
/scratch/p66/ars599/enso_metrics_env/lib/python3.11/site-packages/xarray/conventions.py:210: SerializationWarning: variable 'tos' has multiple fill values {np.float32(1e+20), np.float64(1e+20)} defined, decoding all values to NaN.
  var = coder.decode(var, name=name)
/scratch/p66/ars599/enso_metrics_env/lib/python3.11/site-packages/xarray/conventions.py:210: SerializationWarning: variable 'areacello' has multiple fill values {np.float32(1e+20), np.float64(1e+20)} defined, decoding all values to NaN.
  var = coder.decode(var, name=name)
/scratch/p66/ars599/enso_metrics_env/lib/python3.11/site-packages/EnsoMetrics/EnsoUvcdatToolsLib.py:7386: UserWarning: areacell is None for variable 'tos'; synthesising cosine-latitude weights. Provide areacella/sftlf for accurate spatial averages.
  variable, areacell, keyerror3 = Read_mask_area(
/scratch/p66/ars599/enso_metrics_env/lib/python3.11/site-packages/xarray/conventions.py:210: SerializationWarning: variable 'tos' has multiple fill values {np.float32(1e+20), np.float64(1e+20)} defined, decoding all values to NaN.
  var = coder.decode(var, name=name)
/scratch/p66/ars599/enso_metrics_env/lib/python3.11/site-packages/xarray/conventions.py:210: SerializationWarning: variable 'areacello' has multiple fill values {np.float32(1e+20), np.float64(1e+20)} defined, decoding all values to NaN.
  var = coder.decode(var, name=name)
/scratch/p66/ars599/enso_metrics_env/lib/python3.11/site-packages/EnsoMetrics/EnsoUvcdatToolsLib.py:7386: UserWarning: areacell is None for variable 'tos'; synthesising cosine-latitude weights. Provide areacella/sftlf for accurate spatial averages.
  variable, areacell, keyerror3 = Read_mask_area(
/scratch/p66/ars599/enso_metrics_env/lib/python3.11/site-packages/EnsoMetrics/EnsoUvcdatToolsLib.py:7283: UserWarning: areacell is None for variable 'unknown'; synthesising cosine-latitude weights. Provide areacella/sftlf for accurate spatial averages.
  tab, keyerror = dict_average[average](tab, areacell, region=region, **kwargs)
/scratch/p66/ars599/enso_metrics_env/lib/python3.11/site-packages/EnsoMetrics/EnsoMetricsLib.py:8494: UserWarning: areacell is None for variable 'unknown'; synthesising cosine-latitude weights. Provide areacella/sftlf for accurate spatial averages.
  sst_map, keyerror1 = AverageMeridional(sst_map)
/scratch/p66/ars599/enso_metrics_env/lib/python3.11/site-packages/EnsoMetrics/EnsoMetricsLib.py:8495: UserWarning: areacell is None for variable 'unknown'; synthesising cosine-latitude weights. Provide areacella/sftlf for accurate spatial averages.
  ssh_map, keyerror2 = AverageMeridional(ssh_map)
/scratch/p66/ars599/enso_metrics_env/lib/python3.11/site-packages/EnsoMetrics/EnsoMetricsLib.py:14907: UserWarning: areacell is None for variable 'unknown'; synthesising cosine-latitude weights. Provide areacella/sftlf for accurate spatial averages.
  sstlon_mod, keyerror_mod = AverageMeridional(sstmap_mod)
/scratch/p66/ars599/enso_metrics_env/lib/python3.11/site-packages/EnsoMetrics/EnsoMetricsLib.py:14908: UserWarning: areacell is None for variable 'unknown'; synthesising cosine-latitude weights. Provide areacella/sftlf for accurate spatial averages.
  sstlon_obs, keyerror_obs = AverageMeridional(sstmap_obs)
/scratch/p66/ars599/enso_metrics_env/lib/python3.11/site-packages/xarray/conventions.py:210: SerializationWarning: variable 'tos' has multiple fill values {np.float32(1e+20), np.float64(1e+20)} defined, decoding all values to NaN.
  var = coder.decode(var, name=name)
/scratch/p66/ars599/enso_metrics_env/lib/python3.11/site-packages/EnsoMetrics/EnsoUvcdatToolsLib.py:7386: UserWarning: areacell is None for variable 'tos'; synthesising cosine-latitude weights. Provide areacella/sftlf for accurate spatial averages.
  variable, areacell, keyerror3 = Read_mask_area(
/scratch/p66/ars599/enso_metrics_env/lib/python3.11/site-packages/xarray/conventions.py:210: SerializationWarning: variable 'areacello' has multiple fill values {np.float32(1e+20), np.float64(1e+20)} defined, decoding all values to NaN.
  var = coder.decode(var, name=name)
/scratch/p66/ars599/enso_metrics_env/lib/python3.11/site-packages/EnsoMetrics/EnsoUvcdatToolsLib.py:7386: UserWarning: areacell is None for variable 'tos'; synthesising cosine-latitude weights. Provide areacella/sftlf for accurate spatial averages.
  variable, areacell, keyerror3 = Read_mask_area(
/scratch/p66/ars599/enso_metrics_env/lib/python3.11/site-packages/EnsoMetrics/EnsoUvcdatToolsLib.py:7386: UserWarning: areacell is None for variable 'zos'; synthesising cosine-latitude weights. Provide areacella/sftlf for accurate spatial averages.
  variable, areacell, keyerror3 = Read_mask_area(
/scratch/p66/ars599/enso_metrics_env/lib/python3.11/site-packages/EnsoMetrics/EnsoUvcdatToolsLib.py:7283: UserWarning: areacell is None for variable 'unknown'; synthesising cosine-latitude weights. Provide areacella/sftlf for accurate spatial averages.
  tab, keyerror = dict_average[average](tab, areacell, region=region, **kwargs)
/scratch/p66/ars599/enso_metrics_env/lib/python3.11/site-packages/EnsoMetrics/EnsoUvcdatToolsLib.py:7283: UserWarning: areacell is None for variable 'unknown'; synthesising cosine-latitude weights. Provide areacella/sftlf for accurate spatial averages.
  tab, keyerror = dict_average[average](tab, areacell, region=region, **kwargs)
/scratch/p66/ars599/enso_metrics_env/lib/python3.11/site-packages/xarray/conventions.py:210: SerializationWarning: variable 'tos' has multiple fill values {np.float32(1e+20), np.float64(1e+20)} defined, decoding all values to NaN.
  var = coder.decode(var, name=name)
/scratch/p66/ars599/enso_metrics_env/lib/python3.11/site-packages/EnsoMetrics/EnsoUvcdatToolsLib.py:7386: UserWarning: areacell is None for variable 'tos'; synthesising cosine-latitude weights. Provide areacella/sftlf for accurate spatial averages.
  variable, areacell, keyerror3 = Read_mask_area(
/scratch/p66/ars599/enso_metrics_env/lib/python3.11/site-packages/EnsoMetrics/EnsoUvcdatToolsLib.py:7386: UserWarning: areacell is None for variable 'zos'; synthesising cosine-latitude weights. Provide areacella/sftlf for accurate spatial averages.
  variable, areacell, keyerror3 = Read_mask_area(
/scratch/p66/ars599/enso_metrics_env/lib/python3.11/site-packages/xarray/conventions.py:210: SerializationWarning: variable 'areacello' has multiple fill values {np.float32(1e+20), np.float64(1e+20)} defined, decoding all values to NaN.
  var = coder.decode(var, name=name)
/scratch/p66/ars599/enso_metrics_env/lib/python3.11/site-packages/xarray/conventions.py:210: SerializationWarning: variable 'tos' has multiple fill values {np.float32(1e+20), np.float64(1e+20)} defined, decoding all values to NaN.
  var = coder.decode(var, name=name)
/scratch/p66/ars599/enso_metrics_env/lib/python3.11/site-packages/EnsoMetrics/EnsoMetricsLib.py:8494: UserWarning: areacell is None for variable 'unknown'; synthesising cosine-latitude weights. Provide areacella/sftlf for accurate spatial averages.
  sst_map, keyerror1 = AverageMeridional(sst_map)
/scratch/p66/ars599/enso_metrics_env/lib/python3.11/site-packages/EnsoMetrics/EnsoMetricsLib.py:8495: UserWarning: areacell is None for variable 'unknown'; synthesising cosine-latitude weights. Provide areacella/sftlf for accurate spatial averages.
  ssh_map, keyerror2 = AverageMeridional(ssh_map)
/scratch/p66/ars599/enso_metrics_env/lib/python3.11/site-packages/xarray/conventions.py:210: SerializationWarning: variable 'areacello' has multiple fill values {np.float32(1e+20), np.float64(1e+20)} defined, decoding all values to NaN.
  var = coder.decode(var, name=name)
/scratch/p66/ars599/enso_metrics_env/lib/python3.11/site-packages/xarray/conventions.py:210: SerializationWarning: variable 'tos' has multiple fill values {np.float32(1e+20), np.float64(1e+20)} defined, decoding all values to NaN.
  var = coder.decode(var, name=name)
/scratch/p66/ars599/enso_metrics_env/lib/python3.11/site-packages/EnsoMetrics/EnsoUvcdatToolsLib.py:7386: UserWarning: areacell is None for variable 'tos'; synthesising cosine-latitude weights. Provide areacella/sftlf for accurate spatial averages.
  variable, areacell, keyerror3 = Read_mask_area(
/scratch/p66/ars599/enso_metrics_env/lib/python3.11/site-packages/EnsoMetrics/EnsoUvcdatToolsLib.py:7386: UserWarning: areacell is None for variable 'zos'; synthesising cosine-latitude weights. Provide areacella/sftlf for accurate spatial averages.
  variable, areacell, keyerror3 = Read_mask_area(
/scratch/p66/ars599/enso_metrics_env/lib/python3.11/site-packages/xarray/conventions.py:210: SerializationWarning: variable 'areacello' has multiple fill values {np.float32(1e+20), np.float64(1e+20)} defined, decoding all values to NaN.
  var = coder.decode(var, name=name)
/scratch/p66/ars599/enso_metrics_env/lib/python3.11/site-packages/EnsoMetrics/EnsoUvcdatToolsLib.py:7283: UserWarning: areacell is None for variable 'unknown'; synthesising cosine-latitude weights. Provide areacella/sftlf for accurate spatial averages.
  tab, keyerror = dict_average[average](tab, areacell, region=region, **kwargs)
/scratch/p66/ars599/enso_metrics_env/lib/python3.11/site-packages/EnsoMetrics/EnsoUvcdatToolsLib.py:7283: UserWarning: areacell is None for variable 'unknown'; synthesising cosine-latitude weights. Provide areacella/sftlf for accurate spatial averages.
  tab, keyerror = dict_average[average](tab, areacell, region=region, **kwargs)
/scratch/p66/ars599/enso_metrics_env/lib/python3.11/site-packages/EnsoMetrics/EnsoMetricsLib.py:12116: UserWarning: areacell is None for variable 'skewness'; synthesising cosine-latitude weights. Provide areacella/sftlf for accurate spatial averages.
  sst2, keyerror = AverageMeridional(sst2)
/scratch/p66/ars599/enso_metrics_env/lib/python3.11/site-packages/EnsoMetrics/EnsoUvcdatToolsLib.py:7386: UserWarning: areacell is None for variable 'tos'; synthesising cosine-latitude weights. Provide areacella/sftlf for accurate spatial averages.
  variable, areacell, keyerror3 = Read_mask_area(
/scratch/p66/ars599/enso_metrics_env/lib/python3.11/site-packages/EnsoMetrics/EnsoUvcdatToolsLib.py:7386: UserWarning: areacell is None for variable 'tos'; synthesising cosine-latitude weights. Provide areacella/sftlf for accurate spatial averages.
  variable, areacell, keyerror3 = Read_mask_area(
/scratch/p66/ars599/enso_metrics_env/lib/python3.11/site-packages/EnsoMetrics/EnsoUvcdatToolsLib.py:7283: UserWarning: areacell is None for variable 'unknown'; synthesising cosine-latitude weights. Provide areacella/sftlf for accurate spatial averages.
  tab, keyerror = dict_average[average](tab, areacell, region=region, **kwargs)
/scratch/p66/ars599/enso_metrics_env/lib/python3.11/site-packages/EnsoMetrics/EnsoUvcdatToolsLib.py:7386: UserWarning: areacell is None for variable 'tos'; synthesising cosine-latitude weights. Provide areacella/sftlf for accurate spatial averages.
  variable, areacell, keyerror3 = Read_mask_area(
/scratch/p66/ars599/enso_metrics_env/lib/python3.11/site-packages/EnsoMetrics/EnsoUvcdatToolsLib.py:7386: UserWarning: areacell is None for variable 'zos'; synthesising cosine-latitude weights. Provide areacella/sftlf for accurate spatial averages.
  variable, areacell, keyerror3 = Read_mask_area(
/scratch/p66/ars599/enso_metrics_env/lib/python3.11/site-packages/EnsoMetrics/EnsoUvcdatToolsLib.py:7386: UserWarning: areacell is None for variable 'tos'; synthesising cosine-latitude weights. Provide areacella/sftlf for accurate spatial averages.
  variable, areacell, keyerror3 = Read_mask_area(
/scratch/p66/ars599/enso_metrics_env/lib/python3.11/site-packages/EnsoMetrics/EnsoMetricsLib.py:12116: UserWarning: areacell is None for variable 'skewness'; synthesising cosine-latitude weights. Provide areacella/sftlf for accurate spatial averages.
  sst2, keyerror = AverageMeridional(sst2)
/scratch/p66/ars599/enso_metrics_env/lib/python3.11/site-packages/EnsoMetrics/EnsoUvcdatToolsLib.py:7386: UserWarning: areacell is None for variable 'tos'; synthesising cosine-latitude weights. Provide areacella/sftlf for accurate spatial averages.
  variable, areacell, keyerror3 = Read_mask_area(
/scratch/p66/ars599/enso_metrics_env/lib/python3.11/site-packages/EnsoMetrics/EnsoUvcdatToolsLib.py:7283: UserWarning: areacell is None for variable 'unknown'; synthesising cosine-latitude weights. Provide areacella/sftlf for accurate spatial averages.
  tab, keyerror = dict_average[average](tab, areacell, region=region, **kwargs)
/scratch/p66/ars599/enso_metrics_env/lib/python3.11/site-packages/EnsoMetrics/EnsoUvcdatToolsLib.py:7386: UserWarning: areacell is None for variable 'tos'; synthesising cosine-latitude weights. Provide areacella/sftlf for accurate spatial averages.
  variable, areacell, keyerror3 = Read_mask_area(
/scratch/p66/ars599/enso_metrics_env/lib/python3.11/site-packages/EnsoMetrics/EnsoUvcdatToolsLib.py:7386: UserWarning: areacell is None for variable 'tos'; synthesising cosine-latitude weights. Provide areacella/sftlf for accurate spatial averages.
  variable, areacell, keyerror3 = Read_mask_area(
/scratch/p66/ars599/enso_metrics_env/lib/python3.11/site-packages/EnsoMetrics/EnsoMetricsLib.py:12116: UserWarning: areacell is None for variable 'skewness'; synthesising cosine-latitude weights. Provide areacella/sftlf for accurate spatial averages.
  sst2, keyerror = AverageMeridional(sst2)
数据清单: /g/data/p66/ars599/ENSO_metrics/results_gadi_full/manifests/inventory.json
CESM2: root=/g/data/oi10/replicas/CMIP6/CMIP/NCAR/CESM2/historical/r1i1p1f1, variables=['lhf', 'lwr', 'pr', 'shf', 'ssh', 'sst', 'swr', 'taux', 'tauy', 'thf'], split=[]
[94m     ComputeCollection: metric = BiasSstLonRmse[0m
[94m     ComputeMetric: oneVarRMSmetric, BiasSstLonRmse = CESM2_r1i1p1f1 and HadISST[0m
[94m     ComputeMetric: oneVarRMSmetric, BiasSstLonRmse = CESM2_r1i1p1f1 and Tropflux[0m
[94m     ComputeCollection: metric = BiasTauxLonRmse[0m
[94m     ComputeMetric: oneVarRMSmetric, BiasTauxLonRmse = CESM2_r1i1p1f1 and Tropflux[0m
[93m                         NOTE: Estimated landmask applied[0m
[93m                         NOTE: Estimated landmask applied[0m
[94m     ComputeCollection: metric = EnsoAmpl[0m
[94m     ComputeMetric: oneVarmetric = CESM2_r1i1p1f1[0m
[94m     ComputeMetric: oneVarmetric = HadISST[0m
[94m     ComputeMetric: oneVarmetric = Tropflux[0m
[94m     ComputeCollection: metric = EnsodSstOce_2[0m
[94m     ComputeMetric: twoVarmetric = CESM2_r1i1p1f1[0m
[93m               EnsoUvcdatToolsLib ReadAndSelectRegion[0m
[93m                         hfls sign reversed[0m
[93m     range old = +0.45 to +241.12[0m
[93m     range new = -241.12 to -0.45[0m
[93m               EnsoUvcdatToolsLib ReadAndSelectRegion[0m
[93m                         hfss sign reversed[0m
[93m     range old = -3.37 to +93.82[0m
[93m     range new = -93.82 to +3.37[0m
[93m               EnsoUvcdatToolsLib ReadAndSelectRegion[0m
[93m                         hfls sign reversed[0m
[93m     range old = +0.45 to +266.85[0m
[93m     range new = -266.85 to -0.45[0m
[93m               EnsoUvcdatToolsLib ReadAndSelectRegion[0m
[93m                         hfss sign reversed[0m
[93m     range old = -3.37 to +93.82[0m
[93m     range new = -93.82 to +3.37[0m
[94m     ComputeMetric: twoVarmetric = HadISST_Tropflux[0m
[93m                         NOTE: Estimated landmask applied[0m
[93m                         NOTE: Estimated landmask applied[0m
[94m     ComputeMetric: twoVarmetric = Tropflux_Tropflux[0m
[93m                         NOTE: Estimated landmask applied[0m
[93m                         NOTE: Estimated landmask applied[0m
[94m     ComputeCollection: metric = EnsoFbSshSst[0m
[94m     ComputeMetric: twoVarmetric = CESM2_r1i1p1f1[0m
[94m     ComputeMetric: twoVarmetric = HadISST_AVISO[0m
[94m     ComputeMetric: twoVarmetric = Tropflux_AVISO[0m
[94m     ComputeCollection: metric = EnsoFbSstTaux[0m
[94m     ComputeMetric: twoVarmetric = CESM2_r1i1p1f1[0m
[94m     ComputeMetric: twoVarmetric = HadISST_Tropflux[0m
[93m                         NOTE: Estimated landmask applied[0m
[93m                         NOTE: Estimated landmask applied[0m
[94m     ComputeMetric: twoVarmetric = Tropflux_Tropflux[0m
[93m                         NOTE: Estimated landmask applied[0m
[93m                         NOTE: Estimated landmask applied[0m
[94m     ComputeCollection: metric = EnsoFbSstThf[0m
[94m     ComputeMetric: twoVarmetric = CESM2_r1i1p1f1[0m
[93m               EnsoUvcdatToolsLib ReadAndSelectRegion[0m
[93m                         hfls sign reversed[0m
[93m     range old = +0.45 to +241.12[0m
[93m     range new = -241.12 to -0.45[0m
[93m               EnsoUvcdatToolsLib ReadAndSelectRegion[0m
[93m                         hfss sign reversed[0m
[93m     range old = -3.37 to +93.82[0m
[93m     range new = -93.82 to +3.37[0m
[93m               EnsoUvcdatToolsLib ReadAndSelectRegion[0m
[93m                         hfls sign reversed[0m
[93m     range old = +0.45 to +266.85[0m
[93m     range new = -266.85 to -0.45[0m
[93m               EnsoUvcdatToolsLib ReadAndSelectRegion[0m
[93m                         hfss sign reversed[0m
[93m     range old = -3.37 to +93.82[0m
[93m     range new = -93.82 to +3.37[0m
[94m     ComputeMetric: twoVarmetric = HadISST_Tropflux[0m
[93m                         NOTE: Estimated landmask applied[0m
[93m                         NOTE: Estimated landmask applied[0m
[94m     ComputeMetric: twoVarmetric = Tropflux_Tropflux[0m
[93m                         NOTE: Estimated landmask applied[0m
[93m                         NOTE: Estimated landmask applied[0m
[94m     ComputeCollection: metric = EnsoFbTauxSsh[0m
[94m     ComputeMetric: twoVarmetric = CESM2_r1i1p1f1[0m
[94m     ComputeMetric: twoVarmetric = Tropflux_AVISO[0m
[93m                         NOTE: Estimated landmask applied[0m
[94m     ComputeCollection: metric = EnsoSeasonality[0m
[94m     ComputeMetric: oneVarmetric = CESM2_r1i1p1f1[0m
[94m     ComputeMetric: oneVarmetric = HadISST[0m
[94m     ComputeMetric: oneVarmetric = Tropflux[0m
[94m     ComputeCollection: metric = EnsoSstLonRmse[0m
[94m     ComputeMetric: oneVarRMSmetric, EnsoSstLonRmse = CESM2_r1i1p1f1 and HadISST[0m
[94m     ComputeMetric: oneVarRMSmetric, EnsoSstLonRmse = CESM2_r1i1p1f1 and Tropflux[0m
[94m     ComputeCollection: metric = EnsoSstSkew[0m
[94m     ComputeMetric: oneVarmetric = CESM2_r1i1p1f1[0m
[94m     ComputeMetric: oneVarmetric = HadISST[0m
[94m     ComputeMetric: oneVarmetric = Tropflux[0m
完成时间: Mon Oct  5 03:15:13 UTC 2026
输出目录: /g/data/p66/ars599/ENSO_metrics/results_gadi_full
/scratch/p66/ars599/enso_metrics_env/lib/python3.11/site-packages/EnsoMetrics/EnsoMetricsLib.py:8494: UserWarning: areacell is None for variable 'unknown'; synthesising cosine-latitude weights. Provide areacella/sftlf for accurate spatial averages.
  sst_map, keyerror1 = AverageMeridional(sst_map)
/scratch/p66/ars599/enso_metrics_env/lib/python3.11/site-packages/EnsoMetrics/EnsoMetricsLib.py:8495: UserWarning: areacell is None for variable 'unknown'; synthesising cosine-latitude weights. Provide areacella/sftlf for accurate spatial averages.
  ssh_map, keyerror2 = AverageMeridional(ssh_map)
/scratch/p66/ars599/enso_metrics_env/lib/python3.11/site-packages/EnsoMetrics/EnsoUvcdatToolsLib.py:5532: UserWarning: areacell is None for variable 'tauu'; synthesising cosine-latitude weights. Provide areacella/sftlf for accurate spatial averages.
  taux, keyerror = AverageHorizontal(taux, region="nino4")
/scratch/p66/ars599/enso_metrics_env/lib/python3.11/site-packages/EnsoMetrics/EnsoUvcdatToolsLib.py:5532: UserWarning: areacell is None for variable 'tauu'; synthesising cosine-latitude weights. Provide areacella/sftlf for accurate spatial averages.
  taux, keyerror = AverageHorizontal(taux, region="nino4")
/scratch/p66/ars599/enso_metrics_env/lib/python3.11/site-packages/EnsoMetrics/EnsoUvcdatToolsLib.py:5751: UserWarning: Generated land mask is entirely ocean for this region. This may be expected if the region is all ocean.
  sft = cdutil.generateLandSeaMask(d(*(slice(0, 1),) * n),debug=False) * 100.0
/scratch/p66/ars599/enso_metrics_env/lib/python3.11/site-packages/EnsoMetrics/EnsoMetricsLib.py:8129: UserWarning: areacell is None for variable 'unknown'; synthesising cosine-latitude weights. Provide areacella/sftlf for accurate spatial averages.
  taux_map, keyerror = AverageMeridional(taux_map)
/scratch/p66/ars599/enso_metrics_env/lib/python3.11/site-packages/EnsoMetrics/EnsoUvcdatToolsLib.py:7386: UserWarning: areacell is None for variable 'tos'; synthesising cosine-latitude weights. Provide areacella/sftlf for accurate spatial averages.
  variable, areacell, keyerror3 = Read_mask_area(
/scratch/p66/ars599/enso_metrics_env/lib/python3.11/site-packages/EnsoMetrics/EnsoUvcdatToolsLib.py:5532: UserWarning: areacell is None for variable 'tauu'; synthesising cosine-latitude weights. Provide areacella/sftlf for accurate spatial averages.
  taux, keyerror = AverageHorizontal(taux, region="nino4")
/scratch/p66/ars599/enso_metrics_env/lib/python3.11/site-packages/EnsoMetrics/EnsoUvcdatToolsLib.py:5751: UserWarning: Generated land mask is entirely ocean for this region. This may be expected if the region is all ocean.
  sft = cdutil.generateLandSeaMask(d(*(slice(0, 1),) * n),debug=False) * 100.0
/scratch/p66/ars599/enso_metrics_env/lib/python3.11/site-packages/EnsoMetrics/EnsoUvcdatToolsLib.py:7283: UserWarning: areacell is None for variable 'unknown'; synthesising cosine-latitude weights. Provide areacella/sftlf for accurate spatial averages.
  tab, keyerror = dict_average[average](tab, areacell, region=region, **kwargs)
/scratch/p66/ars599/enso_metrics_env/lib/python3.11/site-packages/EnsoMetrics/EnsoUvcdatToolsLib.py:5532: UserWarning: areacell is None for variable 'tauu'; synthesising cosine-latitude weights. Provide areacella/sftlf for accurate spatial averages.
  taux, keyerror = AverageHorizontal(taux, region="nino4")
/scratch/p66/ars599/enso_metrics_env/lib/python3.11/site-packages/EnsoMetrics/EnsoUvcdatToolsLib.py:5751: UserWarning: Generated land mask is entirely ocean for this region. This may be expected if the region is all ocean.
  sft = cdutil.generateLandSeaMask(d(*(slice(0, 1),) * n),debug=False) * 100.0
/scratch/p66/ars599/enso_metrics_env/lib/python3.11/site-packages/EnsoMetrics/EnsoMetricsLib.py:8129: UserWarning: areacell is None for variable 'unknown'; synthesising cosine-latitude weights. Provide areacella/sftlf for accurate spatial averages.
  taux_map, keyerror = AverageMeridional(taux_map)
/scratch/p66/ars599/enso_metrics_env/lib/python3.11/site-packages/EnsoMetrics/EnsoUvcdatToolsLib.py:7386: UserWarning: areacell is None for variable 'tos'; synthesising cosine-latitude weights. Provide areacella/sftlf for accurate spatial averages.
  variable, areacell, keyerror3 = Read_mask_area(
/scratch/p66/ars599/enso_metrics_env/lib/python3.11/site-packages/EnsoMetrics/EnsoUvcdatToolsLib.py:5532: UserWarning: areacell is None for variable 'tauu'; synthesising cosine-latitude weights. Provide areacella/sftlf for accurate spatial averages.
  taux, keyerror = AverageHorizontal(taux, region="nino4")
/scratch/p66/ars599/enso_metrics_env/lib/python3.11/site-packages/EnsoMetrics/EnsoUvcdatToolsLib.py:5751: UserWarning: Generated land mask is entirely ocean for this region. This may be expected if the region is all ocean.
  sft = cdutil.generateLandSeaMask(d(*(slice(0, 1),) * n),debug=False) * 100.0
/scratch/p66/ars599/enso_metrics_env/lib/python3.11/site-packages/EnsoMetrics/EnsoUvcdatToolsLib.py:7283: UserWarning: areacell is None for variable 'unknown'; synthesising cosine-latitude weights. Provide areacella/sftlf for accurate spatial averages.
  tab, keyerror = dict_average[average](tab, areacell, region=region, **kwargs)
/scratch/p66/ars599/enso_metrics_env/lib/python3.11/site-packages/EnsoMetrics/EnsoUvcdatToolsLib.py:5532: UserWarning: areacell is None for variable 'tauu'; synthesising cosine-latitude weights. Provide areacella/sftlf for accurate spatial averages.
  taux, keyerror = AverageHorizontal(taux, region="nino4")
/scratch/p66/ars599/enso_metrics_env/lib/python3.11/site-packages/EnsoMetrics/EnsoUvcdatToolsLib.py:5751: UserWarning: Generated land mask is entirely ocean for this region. This may be expected if the region is all ocean.
  sft = cdutil.generateLandSeaMask(d(*(slice(0, 1),) * n),debug=False) * 100.0
/scratch/p66/ars599/enso_metrics_env/lib/python3.11/site-packages/EnsoMetrics/EnsoMetricsLib.py:8129: UserWarning: areacell is None for variable 'unknown'; synthesising cosine-latitude weights. Provide areacella/sftlf for accurate spatial averages.
  taux_map, keyerror = AverageMeridional(taux_map)
/scratch/p66/ars599/enso_metrics_env/lib/python3.11/site-packages/EnsoMetrics/EnsoMetricsLib.py:6629: UserWarning: areacell is None for variable 'unknown'; synthesising cosine-latitude weights. Provide areacella/sftlf for accurate spatial averages.
  sst_map, keyerror1 = AverageMeridional(sst_map)
/scratch/p66/ars599/enso_metrics_env/lib/python3.11/site-packages/EnsoMetrics/EnsoMetricsLib.py:6630: UserWarning: areacell is None for variable 'unknown'; synthesising cosine-latitude weights. Provide areacella/sftlf for accurate spatial averages.
  thf_map, keyerror2 = AverageMeridional(thf_map)
/scratch/p66/ars599/enso_metrics_env/lib/python3.11/site-packages/EnsoMetrics/EnsoUvcdatToolsLib.py:7386: UserWarning: areacell is None for variable 'tos'; synthesising cosine-latitude weights. Provide areacella/sftlf for accurate spatial averages.
  variable, areacell, keyerror3 = Read_mask_area(
/scratch/p66/ars599/enso_metrics_env/lib/python3.11/site-packages/EnsoMetrics/EnsoUvcdatToolsLib.py:5751: UserWarning: Generated land mask is entirely ocean for this region. This may be expected if the region is all ocean.
  sft = cdutil.generateLandSeaMask(d(*(slice(0, 1),) * n),debug=False) * 100.0
/scratch/p66/ars599/enso_metrics_env/lib/python3.11/site-packages/EnsoMetrics/EnsoUvcdatToolsLib.py:7283: UserWarning: areacell is None for variable 'unknown'; synthesising cosine-latitude weights. Provide areacella/sftlf for accurate spatial averages.
  tab, keyerror = dict_average[average](tab, areacell, region=region, **kwargs)
/scratch/p66/ars599/enso_metrics_env/lib/python3.11/site-packages/EnsoMetrics/EnsoUvcdatToolsLib.py:7386: UserWarning: areacell is None for variable 'tos'; synthesising cosine-latitude weights. Provide areacella/sftlf for accurate spatial averages.
  variable, areacell, keyerror3 = Read_mask_area(
/scratch/p66/ars599/enso_metrics_env/lib/python3.11/site-packages/EnsoMetrics/EnsoUvcdatToolsLib.py:5751: UserWarning: Generated land mask is entirely ocean for this region. This may be expected if the region is all ocean.
  sft = cdutil.generateLandSeaMask(d(*(slice(0, 1),) * n),debug=False) * 100.0
/scratch/p66/ars599/enso_metrics_env/lib/python3.11/site-packages/EnsoMetrics/EnsoMetricsLib.py:6629: UserWarning: areacell is None for variable 'unknown'; synthesising cosine-latitude weights. Provide areacella/sftlf for accurate spatial averages.
  sst_map, keyerror1 = AverageMeridional(sst_map)
/scratch/p66/ars599/enso_metrics_env/lib/python3.11/site-packages/EnsoMetrics/EnsoMetricsLib.py:6630: UserWarning: areacell is None for variable 'unknown'; synthesising cosine-latitude weights. Provide areacella/sftlf for accurate spatial averages.
  thf_map, keyerror2 = AverageMeridional(thf_map)
/scratch/p66/ars599/enso_metrics_env/lib/python3.11/site-packages/EnsoMetrics/EnsoUvcdatToolsLib.py:7386: UserWarning: areacell is None for variable 'tos'; synthesising cosine-latitude weights. Provide areacella/sftlf for accurate spatial averages.
  variable, areacell, keyerror3 = Read_mask_area(
/scratch/p66/ars599/enso_metrics_env/lib/python3.11/site-packages/EnsoMetrics/EnsoUvcdatToolsLib.py:5751: UserWarning: Generated land mask is entirely ocean for this region. This may be expected if the region is all ocean.
  sft = cdutil.generateLandSeaMask(d(*(slice(0, 1),) * n),debug=False) * 100.0
/scratch/p66/ars599/enso_metrics_env/lib/python3.11/site-packages/EnsoMetrics/EnsoUvcdatToolsLib.py:7283: UserWarning: areacell is None for variable 'unknown'; synthesising cosine-latitude weights. Provide areacella/sftlf for accurate spatial averages.
  tab, keyerror = dict_average[average](tab, areacell, region=region, **kwargs)
/scratch/p66/ars599/enso_metrics_env/lib/python3.11/site-packages/EnsoMetrics/EnsoUvcdatToolsLib.py:7386: UserWarning: areacell is None for variable 'tos'; synthesising cosine-latitude weights. Provide areacella/sftlf for accurate spatial averages.
  variable, areacell, keyerror3 = Read_mask_area(
/scratch/p66/ars599/enso_metrics_env/lib/python3.11/site-packages/EnsoMetrics/EnsoUvcdatToolsLib.py:5751: UserWarning: Generated land mask is entirely ocean for this region. This may be expected if the region is all ocean.
  sft = cdutil.generateLandSeaMask(d(*(slice(0, 1),) * n),debug=False) * 100.0
/scratch/p66/ars599/enso_metrics_env/lib/python3.11/site-packages/EnsoMetrics/EnsoMetricsLib.py:6629: UserWarning: areacell is None for variable 'unknown'; synthesising cosine-latitude weights. Provide areacella/sftlf for accurate spatial averages.
  sst_map, keyerror1 = AverageMeridional(sst_map)
/scratch/p66/ars599/enso_metrics_env/lib/python3.11/site-packages/EnsoMetrics/EnsoMetricsLib.py:6630: UserWarning: areacell is None for variable 'unknown'; synthesising cosine-latitude weights. Provide areacella/sftlf for accurate spatial averages.
  thf_map, keyerror2 = AverageMeridional(thf_map)
/scratch/p66/ars599/enso_metrics_env/lib/python3.11/site-packages/EnsoMetrics/EnsoUvcdatToolsLib.py:5532: UserWarning: areacell is None for variable 'tauu'; synthesising cosine-latitude weights. Provide areacella/sftlf for accurate spatial averages.
  taux, keyerror = AverageHorizontal(taux, region="nino4")
/scratch/p66/ars599/enso_metrics_env/lib/python3.11/site-packages/EnsoMetrics/EnsoMetricsLib.py:8835: UserWarning: areacell is None for variable 'unknown'; synthesising cosine-latitude weights. Provide areacella/sftlf for accurate spatial averages.
  ssh_map, keyerror = AverageMeridional(ssh_map)
/scratch/p66/ars599/enso_metrics_env/lib/python3.11/site-packages/EnsoMetrics/EnsoUvcdatToolsLib.py:7386: UserWarning: areacell is None for variable 'zos'; synthesising cosine-latitude weights. Provide areacella/sftlf for accurate spatial averages.
  variable, areacell, keyerror3 = Read_mask_area(
/scratch/p66/ars599/enso_metrics_env/lib/python3.11/site-packages/EnsoMetrics/EnsoUvcdatToolsLib.py:5532: UserWarning: areacell is None for variable 'tauu'; synthesising cosine-latitude weights. Provide areacella/sftlf for accurate spatial averages.
  taux, keyerror = AverageHorizontal(taux, region="nino4")
/scratch/p66/ars599/enso_metrics_env/lib/python3.11/site-packages/EnsoMetrics/EnsoUvcdatToolsLib.py:5751: UserWarning: Generated land mask is entirely ocean for this region. This may be expected if the region is all ocean.
  sft = cdutil.generateLandSeaMask(d(*(slice(0, 1),) * n),debug=False) * 100.0
/scratch/p66/ars599/enso_metrics_env/lib/python3.11/site-packages/EnsoMetrics/EnsoUvcdatToolsLib.py:7283: UserWarning: areacell is None for variable 'unknown'; synthesising cosine-latitude weights. Provide areacella/sftlf for accurate spatial averages.
  tab, keyerror = dict_average[average](tab, areacell, region=region, **kwargs)
/scratch/p66/ars599/enso_metrics_env/lib/python3.11/site-packages/EnsoMetrics/EnsoUvcdatToolsLib.py:7386: UserWarning: areacell is None for variable 'zos'; synthesising cosine-latitude weights. Provide areacella/sftlf for accurate spatial averages.
  variable, areacell, keyerror3 = Read_mask_area(
/scratch/p66/ars599/enso_metrics_env/lib/python3.11/site-packages/EnsoMetrics/EnsoMetricsLib.py:8835: UserWarning: areacell is None for variable 'unknown'; synthesising cosine-latitude weights. Provide areacella/sftlf for accurate spatial averages.
  ssh_map, keyerror = AverageMeridional(ssh_map)
/scratch/p66/ars599/enso_metrics_env/lib/python3.11/site-packages/EnsoMetrics/EnsoMetricsLib.py:11532: UserWarning: areacell is None for variable 'unknown'; synthesising cosine-latitude weights. Provide areacella/sftlf for accurate spatial averages.
  sst2, keyerror1 = AverageMeridional(sst2)
/scratch/p66/ars599/enso_metrics_env/lib/python3.11/site-packages/EnsoMetrics/EnsoMetricsLib.py:11533: UserWarning: areacell is None for variable 'unknown'; synthesising cosine-latitude weights. Provide areacella/sftlf for accurate spatial averages.
  sst3_NDJ, keyerror2 = AverageMeridional(sst3_NDJ)
/scratch/p66/ars599/enso_metrics_env/lib/python3.11/site-packages/EnsoMetrics/EnsoMetricsLib.py:11534: UserWarning: areacell is None for variable 'unknown'; synthesising cosine-latitude weights. Provide areacella/sftlf for accurate spatial averages.
  sst3_MAM, keyerror3 = AverageMeridional(sst3_MAM)
/scratch/p66/ars599/enso_metrics_env/lib/python3.11/site-packages/EnsoMetrics/EnsoUvcdatToolsLib.py:7386: UserWarning: areacell is None for variable 'tos'; synthesising cosine-latitude weights. Provide areacella/sftlf for accurate spatial averages.
  variable, areacell, keyerror3 = Read_mask_area(
/scratch/p66/ars599/enso_metrics_env/lib/python3.11/site-packages/EnsoMetrics/EnsoUvcdatToolsLib.py:7283: UserWarning: areacell is None for variable 'unknown'; synthesising cosine-latitude weights. Provide areacella/sftlf for accurate spatial averages.
  tab, keyerror = dict_average[average](tab, areacell, region=region, **kwargs)
/scratch/p66/ars599/enso_metrics_env/lib/python3.11/site-packages/EnsoMetrics/EnsoUvcdatToolsLib.py:7283: UserWarning: areacell is None for variable 'unknown'; synthesising cosine-latitude weights. Provide areacella/sftlf for accurate spatial averages.
  tab, keyerror = dict_average[average](tab, areacell, region=region, **kwargs)
/scratch/p66/ars599/enso_metrics_env/lib/python3.11/site-packages/EnsoMetrics/EnsoUvcdatToolsLib.py:7386: UserWarning: areacell is None for variable 'tos'; synthesising cosine-latitude weights. Provide areacella/sftlf for accurate spatial averages.
  variable, areacell, keyerror3 = Read_mask_area(
/scratch/p66/ars599/enso_metrics_env/lib/python3.11/site-packages/EnsoMetrics/EnsoUvcdatToolsLib.py:7386: UserWarning: areacell is None for variable 'tos'; synthesising cosine-latitude weights. Provide areacella/sftlf for accurate spatial averages.
  variable, areacell, keyerror3 = Read_mask_area(
/scratch/p66/ars599/enso_metrics_env/lib/python3.11/site-packages/EnsoMetrics/EnsoMetricsLib.py:11532: UserWarning: areacell is None for variable 'unknown'; synthesising cosine-latitude weights. Provide areacella/sftlf for accurate spatial averages.
  sst2, keyerror1 = AverageMeridional(sst2)
/scratch/p66/ars599/enso_metrics_env/lib/python3.11/site-packages/EnsoMetrics/EnsoMetricsLib.py:11533: UserWarning: areacell is None for variable 'unknown'; synthesising cosine-latitude weights. Provide areacella/sftlf for accurate spatial averages.
  sst3_NDJ, keyerror2 = AverageMeridional(sst3_NDJ)
/scratch/p66/ars599/enso_metrics_env/lib/python3.11/site-packages/EnsoMetrics/EnsoMetricsLib.py:11534: UserWarning: areacell is None for variable 'unknown'; synthesising cosine-latitude weights. Provide areacella/sftlf for accurate spatial averages.
  sst3_MAM, keyerror3 = AverageMeridional(sst3_MAM)
/scratch/p66/ars599/enso_metrics_env/lib/python3.11/site-packages/EnsoMetrics/EnsoUvcdatToolsLib.py:7386: UserWarning: areacell is None for variable 'tos'; synthesising cosine-latitude weights. Provide areacella/sftlf for accurate spatial averages.
  variable, areacell, keyerror3 = Read_mask_area(
/scratch/p66/ars599/enso_metrics_env/lib/python3.11/site-packages/EnsoMetrics/EnsoUvcdatToolsLib.py:7283: UserWarning: areacell is None for variable 'unknown'; synthesising cosine-latitude weights. Provide areacella/sftlf for accurate spatial averages.
  tab, keyerror = dict_average[average](tab, areacell, region=region, **kwargs)
/scratch/p66/ars599/enso_metrics_env/lib/python3.11/site-packages/EnsoMetrics/EnsoUvcdatToolsLib.py:7283: UserWarning: areacell is None for variable 'unknown'; synthesising cosine-latitude weights. Provide areacella/sftlf for accurate spatial averages.
  tab, keyerror = dict_average[average](tab, areacell, region=region, **kwargs)
/scratch/p66/ars599/enso_metrics_env/lib/python3.11/site-packages/EnsoMetrics/EnsoUvcdatToolsLib.py:7386: UserWarning: areacell is None for variable 'tos'; synthesising cosine-latitude weights. Provide areacella/sftlf for accurate spatial averages.
  variable, areacell, keyerror3 = Read_mask_area(
/scratch/p66/ars599/enso_metrics_env/lib/python3.11/site-packages/EnsoMetrics/EnsoUvcdatToolsLib.py:7386: UserWarning: areacell is None for variable 'tos'; synthesising cosine-latitude weights. Provide areacella/sftlf for accurate spatial averages.
  variable, areacell, keyerror3 = Read_mask_area(
/scratch/p66/ars599/enso_metrics_env/lib/python3.11/site-packages/EnsoMetrics/EnsoMetricsLib.py:11532: UserWarning: areacell is None for variable 'unknown'; synthesising cosine-latitude weights. Provide areacella/sftlf for accurate spatial averages.
  sst2, keyerror1 = AverageMeridional(sst2)
/scratch/p66/ars599/enso_metrics_env/lib/python3.11/site-packages/EnsoMetrics/EnsoMetricsLib.py:11533: UserWarning: areacell is None for variable 'unknown'; synthesising cosine-latitude weights. Provide areacella/sftlf for accurate spatial averages.
  sst3_NDJ, keyerror2 = AverageMeridional(sst3_NDJ)
/scratch/p66/ars599/enso_metrics_env/lib/python3.11/site-packages/EnsoMetrics/EnsoMetricsLib.py:11534: UserWarning: areacell is None for variable 'unknown'; synthesising cosine-latitude weights. Provide areacella/sftlf for accurate spatial averages.
  sst3_MAM, keyerror3 = AverageMeridional(sst3_MAM)
/scratch/p66/ars599/enso_metrics_env/lib/python3.11/site-packages/EnsoMetrics/EnsoUvcdatToolsLib.py:7386: UserWarning: areacell is None for variable 'tos'; synthesising cosine-latitude weights. Provide areacella/sftlf for accurate spatial averages.
  variable, areacell, keyerror3 = Read_mask_area(
/scratch/p66/ars599/enso_metrics_env/lib/python3.11/site-packages/EnsoMetrics/EnsoUvcdatToolsLib.py:7386: UserWarning: areacell is None for variable 'tos'; synthesising cosine-latitude weights. Provide areacella/sftlf for accurate spatial averages.
  variable, areacell, keyerror3 = Read_mask_area(
/scratch/p66/ars599/enso_metrics_env/lib/python3.11/site-packages/EnsoMetrics/EnsoUvcdatToolsLib.py:7283: UserWarning: areacell is None for variable 'unknown'; synthesising cosine-latitude weights. Provide areacella/sftlf for accurate spatial averages.
  tab, keyerror = dict_average[average](tab, areacell, region=region, **kwargs)
/scratch/p66/ars599/enso_metrics_env/lib/python3.11/site-packages/EnsoMetrics/EnsoMetricsLib.py:14907: UserWarning: areacell is None for variable 'unknown'; synthesising cosine-latitude weights. Provide areacella/sftlf for accurate spatial averages.
  sstlon_mod, keyerror_mod = AverageMeridional(sstmap_mod)
/scratch/p66/ars599/enso_metrics_env/lib/python3.11/site-packages/EnsoMetrics/EnsoMetricsLib.py:14908: UserWarning: areacell is None for variable 'unknown'; synthesising cosine-latitude weights. Provide areacella/sftlf for accurate spatial averages.
  sstlon_obs, keyerror_obs = AverageMeridional(sstmap_obs)
/scratch/p66/ars599/enso_metrics_env/lib/python3.11/site-packages/EnsoMetrics/EnsoUvcdatToolsLib.py:7386: UserWarning: areacell is None for variable 'tos'; synthesising cosine-latitude weights. Provide areacella/sftlf for accurate spatial averages.
  variable, areacell, keyerror3 = Read_mask_area(
/scratch/p66/ars599/enso_metrics_env/lib/python3.11/site-packages/EnsoMetrics/EnsoUvcdatToolsLib.py:7386: UserWarning: areacell is None for variable 'tos'; synthesising cosine-latitude weights. Provide areacella/sftlf for accurate spatial averages.
  variable, areacell, keyerror3 = Read_mask_area(
/scratch/p66/ars599/enso_metrics_env/lib/python3.11/site-packages/EnsoMetrics/EnsoUvcdatToolsLib.py:7386: UserWarning: areacell is None for variable 'tos'; synthesising cosine-latitude weights. Provide areacella/sftlf for accurate spatial averages.
  variable, areacell, keyerror3 = Read_mask_area(
/scratch/p66/ars599/enso_metrics_env/lib/python3.11/site-packages/EnsoMetrics/EnsoUvcdatToolsLib.py:7283: UserWarning: areacell is None for variable 'unknown'; synthesising cosine-latitude weights. Provide areacella/sftlf for accurate spatial averages.
  tab, keyerror = dict_average[average](tab, areacell, region=region, **kwargs)
/scratch/p66/ars599/enso_metrics_env/lib/python3.11/site-packages/EnsoMetrics/EnsoMetricsLib.py:14907: UserWarning: areacell is None for variable 'unknown'; synthesising cosine-latitude weights. Provide areacella/sftlf for accurate spatial averages.
  sstlon_mod, keyerror_mod = AverageMeridional(sstmap_mod)
/scratch/p66/ars599/enso_metrics_env/lib/python3.11/site-packages/EnsoMetrics/EnsoMetricsLib.py:14908: UserWarning: areacell is None for variable 'unknown'; synthesising cosine-latitude weights. Provide areacella/sftlf for accurate spatial averages.
  sstlon_obs, keyerror_obs = AverageMeridional(sstmap_obs)
/scratch/p66/ars599/enso_metrics_env/lib/python3.11/site-packages/EnsoMetrics/EnsoUvcdatToolsLib.py:7386: UserWarning: areacell is None for variable 'tos'; synthesising cosine-latitude weights. Provide areacella/sftlf for accurate spatial averages.
  variable, areacell, keyerror3 = Read_mask_area(
/scratch/p66/ars599/enso_metrics_env/lib/python3.11/site-packages/EnsoMetrics/EnsoMetricsLib.py:12116: UserWarning: areacell is None for variable 'skewness'; synthesising cosine-latitude weights. Provide areacella/sftlf for accurate spatial averages.
  sst2, keyerror = AverageMeridional(sst2)
/scratch/p66/ars599/enso_metrics_env/lib/python3.11/site-packages/EnsoMetrics/EnsoUvcdatToolsLib.py:7386: UserWarning: areacell is None for variable 'tos'; synthesising cosine-latitude weights. Provide areacella/sftlf for accurate spatial averages.
  variable, areacell, keyerror3 = Read_mask_area(
/scratch/p66/ars599/enso_metrics_env/lib/python3.11/site-packages/EnsoMetrics/EnsoUvcdatToolsLib.py:7283: UserWarning: areacell is None for variable 'unknown'; synthesising cosine-latitude weights. Provide areacella/sftlf for accurate spatial averages.
  tab, keyerror = dict_average[average](tab, areacell, region=region, **kwargs)
/scratch/p66/ars599/enso_metrics_env/lib/python3.11/site-packages/EnsoMetrics/EnsoUvcdatToolsLib.py:7386: UserWarning: areacell is None for variable 'tos'; synthesising cosine-latitude weights. Provide areacella/sftlf for accurate spatial averages.
  variable, areacell, keyerror3 = Read_mask_area(
/scratch/p66/ars599/enso_metrics_env/lib/python3.11/site-packages/EnsoMetrics/EnsoUvcdatToolsLib.py:7386: UserWarning: areacell is None for variable 'tos'; synthesising cosine-latitude weights. Provide areacella/sftlf for accurate spatial averages.
  variable, areacell, keyerror3 = Read_mask_area(
/scratch/p66/ars599/enso_metrics_env/lib/python3.11/site-packages/EnsoMetrics/EnsoMetricsLib.py:12116: UserWarning: areacell is None for variable 'skewness'; synthesising cosine-latitude weights. Provide areacella/sftlf for accurate spatial averages.
  sst2, keyerror = AverageMeridional(sst2)
/scratch/p66/ars599/enso_metrics_env/lib/python3.11/site-packages/EnsoMetrics/EnsoUvcdatToolsLib.py:7386: UserWarning: areacell is None for variable 'tos'; synthesising cosine-latitude weights. Provide areacella/sftlf for accurate spatial averages.
  variable, areacell, keyerror3 = Read_mask_area(
/scratch/p66/ars599/enso_metrics_env/lib/python3.11/site-packages/EnsoMetrics/EnsoUvcdatToolsLib.py:7283: UserWarning: areacell is None for variable 'unknown'; synthesising cosine-latitude weights. Provide areacella/sftlf for accurate spatial averages.
  tab, keyerror = dict_average[average](tab, areacell, region=region, **kwargs)
/scratch/p66/ars599/enso_metrics_env/lib/python3.11/site-packages/EnsoMetrics/EnsoUvcdatToolsLib.py:7386: UserWarning: areacell is None for variable 'tos'; synthesising cosine-latitude weights. Provide areacella/sftlf for accurate spatial averages.
  variable, areacell, keyerror3 = Read_mask_area(
/scratch/p66/ars599/enso_metrics_env/lib/python3.11/site-packages/EnsoMetrics/EnsoUvcdatToolsLib.py:7386: UserWarning: areacell is None for variable 'tos'; synthesising cosine-latitude weights. Provide areacella/sftlf for accurate spatial averages.
  variable, areacell, keyerror3 = Read_mask_area(
/scratch/p66/ars599/enso_metrics_env/lib/python3.11/site-packages/EnsoMetrics/EnsoMetricsLib.py:12116: UserWarning: areacell is None for variable 'skewness'; synthesising cosine-latitude weights. Provide areacella/sftlf for accurate spatial averages.
  sst2, keyerror = AverageMeridional(sst2)
数据清单: /g/data/p66/ars599/ENSO_metrics/results_gadi_full/manifests/inventory.json
ACCESS-ESM1-5: root=/g/data/fs38/publications/CMIP6/CMIP/CSIRO/ACCESS-ESM1-5/historical/r1i1p1f1, variables=['lhf', 'lwr', 'pr', 'shf', 'ssh', 'sst', 'swr', 'taux', 'tauy', 'thf'], split=[]
[94m     ComputeCollection: metric = BiasSstLonRmse[0m
[94m     ComputeMetric: oneVarRMSmetric, BiasSstLonRmse = ACCESS-ESM1-5_r1i1p1f1 and HadISST[0m
[94m     ComputeMetric: oneVarRMSmetric, BiasSstLonRmse = ACCESS-ESM1-5_r1i1p1f1 and Tropflux[0m
[94m     ComputeCollection: metric = BiasTauxLonRmse[0m
[94m     ComputeMetric: oneVarRMSmetric, BiasTauxLonRmse = ACCESS-ESM1-5_r1i1p1f1 and Tropflux[0m
[93m                         NOTE: Estimated landmask applied[0m
[93m                         NOTE: Estimated landmask applied[0m
[93m                         NOTE: Estimated landmask applied[0m
[93m                         NOTE: Estimated landmask applied[0m
[94m     ComputeCollection: metric = EnsoAmpl[0m
[94m     ComputeMetric: oneVarmetric = ACCESS-ESM1-5_r1i1p1f1[0m
[94m     ComputeMetric: oneVarmetric = HadISST[0m
[94m     ComputeMetric: oneVarmetric = Tropflux[0m
[94m     ComputeCollection: metric = EnsodSstOce_2[0m
[94m     ComputeMetric: twoVarmetric = ACCESS-ESM1-5_r1i1p1f1[0m
[93m               EnsoUvcdatToolsLib ReadAndSelectRegion[0m
[93m                         hfls sign reversed[0m
[93m     range old = -3.36 to +250.32[0m
[93m     range new = -250.32 to +3.36[0m
[93m               EnsoUvcdatToolsLib ReadAndSelectRegion[0m
[93m                         hfss sign reversed[0m
[93m     range old = -3.42 to +35.86[0m
[93m     range new = -35.86 to +3.42[0m
[93m               EnsoUvcdatToolsLib ReadAndSelectRegion[0m
[93m                         hfls sign reversed[0m
[93m     range old = -3.36 to +278.70[0m
[93m     range new = -278.70 to +3.36[0m
[93m               EnsoUvcdatToolsLib ReadAndSelectRegion[0m
[93m                         hfss sign reversed[0m
[93m     range old = -3.42 to +64.60[0m
[93m     range new = -64.60 to +3.42[0m
[94m     ComputeMetric: twoVarmetric = HadISST_Tropflux[0m
[93m                         NOTE: Estimated landmask applied[0m
[93m                         NOTE: Estimated landmask applied[0m
[94m     ComputeMetric: twoVarmetric = Tropflux_Tropflux[0m
[93m                         NOTE: Estimated landmask applied[0m
[93m                         NOTE: Estimated landmask applied[0m
[94m     ComputeCollection: metric = EnsoFbSshSst[0m
[94m     ComputeMetric: twoVarmetric = ACCESS-ESM1-5_r1i1p1f1[0m
[94m     ComputeMetric: twoVarmetric = HadISST_AVISO[0m
[94m     ComputeMetric: twoVarmetric = Tropflux_AVISO[0m
[94m     ComputeCollection: metric = EnsoFbSstTaux[0m
[94m     ComputeMetric: twoVarmetric = ACCESS-ESM1-5_r1i1p1f1[0m
[93m                         NOTE: Estimated landmask applied[0m
[94m     ComputeMetric: twoVarmetric = HadISST_Tropflux[0m
[93m                         NOTE: Estimated landmask applied[0m
[93m                         NOTE: Estimated landmask applied[0m
[94m     ComputeMetric: twoVarmetric = Tropflux_Tropflux[0m
[93m                         NOTE: Estimated landmask applied[0m
[93m                         NOTE: Estimated landmask applied[0m
[94m     ComputeCollection: metric = EnsoFbSstThf[0m
[94m     ComputeMetric: twoVarmetric = ACCESS-ESM1-5_r1i1p1f1[0m
[93m               EnsoUvcdatToolsLib ReadAndSelectRegion[0m
[93m                         hfls sign reversed[0m
[93m     range old = -3.36 to +250.32[0m
[93m     range new = -250.32 to +3.36[0m
[93m               EnsoUvcdatToolsLib ReadAndSelectRegion[0m
[93m                         hfss sign reversed[0m
[93m     range old = -3.42 to +35.86[0m
[93m     range new = -35.86 to +3.42[0m
[93m               EnsoUvcdatToolsLib ReadAndSelectRegion[0m
[93m                         hfls sign reversed[0m
[93m     range old = -3.36 to +278.70[0m
[93m     range new = -278.70 to +3.36[0m
[93m               EnsoUvcdatToolsLib ReadAndSelectRegion[0m
[93m                         hfss sign reversed[0m
[93m     range old = -3.42 to +64.60[0m
[93m     range new = -64.60 to +3.42[0m
[94m     ComputeMetric: twoVarmetric = HadISST_Tropflux[0m
[93m                         NOTE: Estimated landmask applied[0m
[93m                         NOTE: Estimated landmask applied[0m
[94m     ComputeMetric: twoVarmetric = Tropflux_Tropflux[0m
[93m                         NOTE: Estimated landmask applied[0m
[93m                         NOTE: Estimated landmask applied[0m
[94m     ComputeCollection: metric = EnsoFbTauxSsh[0m
[94m     ComputeMetric: twoVarmetric = ACCESS-ESM1-5_r1i1p1f1[0m
[94m     ComputeMetric: twoVarmetric = Tropflux_AVISO[0m
[93m                         NOTE: Estimated landmask applied[0m
[94m     ComputeCollection: metric = EnsoSeasonality[0m
[94m     ComputeMetric: oneVarmetric = ACCESS-ESM1-5_r1i1p1f1[0m
[94m     ComputeMetric: oneVarmetric = HadISST[0m
[94m     ComputeMetric: oneVarmetric = Tropflux[0m
[94m     ComputeCollection: metric = EnsoSstLonRmse[0m
[94m     ComputeMetric: oneVarRMSmetric, EnsoSstLonRmse = ACCESS-ESM1-5_r1i1p1f1 and HadISST[0m
[94m     ComputeMetric: oneVarRMSmetric, EnsoSstLonRmse = ACCESS-ESM1-5_r1i1p1f1 and Tropflux[0m
[94m     ComputeCollection: metric = EnsoSstSkew[0m
[94m     ComputeMetric: oneVarmetric = ACCESS-ESM1-5_r1i1p1f1[0m
[94m     ComputeMetric: oneVarmetric = HadISST[0m
[94m     ComputeMetric: oneVarmetric = Tropflux[0m
完成时间: Mon Oct  5 03:22:46 UTC 2026
输出目录: /g/data/p66/ars599/ENSO_metrics/results_gadi_full
