开始时间: Mon Oct  5 03:45:58 UTC 2026
模式: ACCESS-ESM1-5
集合: ENSO_tel
开始时间: Mon Oct  5 03:45:58 UTC 2026
模式: ACCESS-ESM1-5
集合: ENSO_proc
Python: Python 3.11.16
开始时间: Mon Oct  5 03:45:58 UTC 2026
模式: ACCESS-ESM1-5
集合: ENSO_proc
Python: Python 3.11.16
Python: Python 3.11.16
开始时间: Mon Oct  5 03:45:58 UTC 2026
模式: ACCESS-ESM1-5
集合: ENSO_proc
开始时间: Mon Oct  5 03:45:58 UTC 2026
模式: TaiESM1
集合: ENSO_tel
Python: Python 3.11.16
Python: Python 3.11.16
数据清单: /g/data/p66/ars599/ENSO_metrics/results_gadi_full/manifests/inventory.json
ACCESS-ESM1-5: root=/g/data/fs38/publications/CMIP6/CMIP/CSIRO/ACCESS-ESM1-5/historical/r4i1p1f1, variables=['lhf', 'lwr', 'pr', 'shf', 'ssh', 'sst', 'swr', 'taux', 'tauy', 'thf'], split=[]
数据清单: /g/data/p66/ars599/ENSO_metrics/results_gadi_full/manifests/inventory.json
ACCESS-ESM1-5: root=/g/data/fs38/publications/CMIP6/CMIP/CSIRO/ACCESS-ESM1-5/historical/r3i1p1f1, variables=['lhf', 'lwr', 'pr', 'shf', 'ssh', 'sst', 'swr', 'taux', 'tauy', 'thf'], split=[]
数据清单: /g/data/p66/ars599/ENSO_metrics/results_gadi_full/manifests/inventory.json
ACCESS-ESM1-5: root=/g/data/fs38/publications/CMIP6/CMIP/CSIRO/ACCESS-ESM1-5/historical/r3i1p1f1, variables=['lhf', 'lwr', 'pr', 'shf', 'ssh', 'sst', 'swr', 'taux', 'tauy', 'thf'], split=[]
数据清单: /g/data/p66/ars599/ENSO_metrics/results_gadi_full/manifests/inventory.json
TaiESM1: root=/g/data/oi10/replicas/CMIP6/CMIP/AS-RCEC/TaiESM1/historical/r1i1p1f1, variables=['lhf', 'lwr', 'pr', 'shf', 'ssh', 'sst', 'swr', 'taux', 'tauy', 'thf'], split=[]
数据清单: /g/data/p66/ars599/ENSO_metrics/results_gadi_full/manifests/inventory.json
ACCESS-ESM1-5: root=/g/data/fs38/publications/CMIP6/CMIP/CSIRO/ACCESS-ESM1-5/historical/r5i1p1f1, variables=['lhf', 'lwr', 'pr', 'shf', 'ssh', 'sst', 'swr', 'taux', 'tauy', 'thf'], split=[]
numpy: 2.3.5
scipy: 1.17.1
xarray: 2026.9.0
cftime: 1.6.6
netCDF4: 1.7.4
matplotlib: 3.11.2
cartopy: 0.26.0
xesmf: 0.9.2
xcdat: 0.11.4
regionmask: 0.13.0
cmocean: v3.0.3
numpy: 2.3.5
scipy: 1.17.1
xarray: 2026.9.0
cftime: 1.6.6
netCDF4: 1.7.4
matplotlib: 3.11.2
cartopy: 0.26.0
xesmf: 0.9.2
xcdat: 0.11.4
regionmask: 0.13.0
cmocean: v3.0.3
numpy: 2.3.5
scipy: 1.17.1
xarray: 2026.9.0
cftime: 1.6.6
netCDF4: 1.7.4
matplotlib: 3.11.2
cartopy: 0.26.0
xesmf: 0.9.2
xcdat: 0.11.4
regionmask: 0.13.0
cmocean: v3.0.3
numpy: 2.3.5
scipy: 1.17.1
xarray: 2026.9.0
cftime: 1.6.6
netCDF4: 1.7.4
matplotlib: 3.11.2
cartopy: 0.26.0
xesmf: 0.9.2
xcdat: 0.11.4
regionmask: 0.13.0
cmocean: v3.0.3
numpy: 2.3.5
scipy: 1.17.1
xarray: 2026.9.0
cftime: 1.6.6
netCDF4: 1.7.4
matplotlib: 3.11.2
cartopy: 0.26.0
xesmf: 0.9.2
xcdat: 0.11.4
regionmask: 0.13.0
cmocean: v3.0.3
/scratch/p66/ars599/enso_metrics_cache/pythonpath/EnsoMetrics/EnsoMetricsLib.py:6950: UserWarning: areacell is None for variable 'unknown'; synthesising cosine-latitude weights. Provide areacella/sftlf for accurate spatial averages.
  sst2, keyerror = AverageMeridional(sst2)
/scratch/p66/ars599/enso_metrics_cache/pythonpath/EnsoMetrics/EnsoUvcdatToolsLib.py:7406: UserWarning: areacell is None for variable 'tos'; synthesising cosine-latitude weights. Provide areacella/sftlf for accurate spatial averages.
  variable, areacell, keyerror3 = Read_mask_area(
/scratch/p66/ars599/enso_metrics_cache/pythonpath/EnsoMetrics/EnsoUvcdatToolsLib.py:7406: UserWarning: areacell is None for variable 'tos'; synthesising cosine-latitude weights. Provide areacella/sftlf for accurate spatial averages.
  variable, areacell, keyerror3 = Read_mask_area(
/scratch/p66/ars599/enso_metrics_cache/pythonpath/EnsoMetrics/EnsoUvcdatToolsLib.py:7406: UserWarning: areacell is None for variable 'tos'; synthesising cosine-latitude weights. Provide areacella/sftlf for accurate spatial averages.
  variable, areacell, keyerror3 = Read_mask_area(
/scratch/p66/ars599/enso_metrics_cache/pythonpath/EnsoMetrics/EnsoUvcdatToolsLib.py:7406: UserWarning: areacell is None for variable 'tos'; synthesising cosine-latitude weights. Provide areacella/sftlf for accurate spatial averages.
  variable, areacell, keyerror3 = Read_mask_area(
/scratch/p66/ars599/enso_metrics_cache/pythonpath/EnsoMetrics/EnsoUvcdatToolsLib.py:7303: UserWarning: areacell is None for variable 'unknown'; synthesising cosine-latitude weights. Provide areacella/sftlf for accurate spatial averages.
  tab, keyerror = dict_average[average](tab, areacell, region=region, **kwargs)
/scratch/p66/ars599/enso_metrics_cache/pythonpath/EnsoMetrics/EnsoMetricsLib.py:3065: UserWarning: areacell is None for variable 'unknown'; synthesising cosine-latitude weights. Provide areacella/sftlf for accurate spatial averages.
  sst_mod, keyerror_mod = AverageMeridional(sst_mod)
/scratch/p66/ars599/enso_metrics_cache/pythonpath/EnsoMetrics/EnsoMetricsLib.py:3066: UserWarning: areacell is None for variable 'unknown'; synthesising cosine-latitude weights. Provide areacella/sftlf for accurate spatial averages.
  sst_obs, keyerror_obs = AverageMeridional(sst_obs)
/scratch/p66/ars599/enso_metrics_cache/pythonpath/EnsoMetrics/EnsoMetricsLib.py:3065: UserWarning: areacell is None for variable 'unknown'; synthesising cosine-latitude weights. Provide areacella/sftlf for accurate spatial averages.
  sst_mod, keyerror_mod = AverageMeridional(sst_mod)
/scratch/p66/ars599/enso_metrics_cache/pythonpath/EnsoMetrics/EnsoMetricsLib.py:3066: UserWarning: areacell is None for variable 'unknown'; synthesising cosine-latitude weights. Provide areacella/sftlf for accurate spatial averages.
  sst_obs, keyerror_obs = AverageMeridional(sst_obs)
/scratch/p66/ars599/enso_metrics_cache/pythonpath/EnsoMetrics/EnsoMetricsLib.py:3065: UserWarning: areacell is None for variable 'unknown'; synthesising cosine-latitude weights. Provide areacella/sftlf for accurate spatial averages.
  sst_mod, keyerror_mod = AverageMeridional(sst_mod)
/scratch/p66/ars599/enso_metrics_cache/pythonpath/EnsoMetrics/EnsoMetricsLib.py:3066: UserWarning: areacell is None for variable 'unknown'; synthesising cosine-latitude weights. Provide areacella/sftlf for accurate spatial averages.
  sst_obs, keyerror_obs = AverageMeridional(sst_obs)
/scratch/p66/ars599/enso_metrics_cache/pythonpath/EnsoMetrics/EnsoUvcdatToolsLib.py:7406: UserWarning: areacell is None for variable 'tos'; synthesising cosine-latitude weights. Provide areacella/sftlf for accurate spatial averages.
  variable, areacell, keyerror3 = Read_mask_area(
/scratch/p66/ars599/enso_metrics_cache/pythonpath/EnsoMetrics/EnsoUvcdatToolsLib.py:7406: UserWarning: areacell is None for variable 'tos'; synthesising cosine-latitude weights. Provide areacella/sftlf for accurate spatial averages.
  variable, areacell, keyerror3 = Read_mask_area(
/scratch/p66/ars599/enso_metrics_cache/pythonpath/EnsoMetrics/EnsoMetricsLib.py:6950: UserWarning: areacell is None for variable 'unknown'; synthesising cosine-latitude weights. Provide areacella/sftlf for accurate spatial averages.
  sst2, keyerror = AverageMeridional(sst2)
/scratch/p66/ars599/enso_metrics_cache/pythonpath/EnsoMetrics/EnsoUvcdatToolsLib.py:7406: UserWarning: areacell is None for variable 'tos'; synthesising cosine-latitude weights. Provide areacella/sftlf for accurate spatial averages.
  variable, areacell, keyerror3 = Read_mask_area(
/scratch/p66/ars599/enso_metrics_cache/pythonpath/EnsoMetrics/EnsoUvcdatToolsLib.py:7406: UserWarning: areacell is None for variable 'tos'; synthesising cosine-latitude weights. Provide areacella/sftlf for accurate spatial averages.
  variable, areacell, keyerror3 = Read_mask_area(
/scratch/p66/ars599/enso_metrics_cache/pythonpath/EnsoMetrics/EnsoUvcdatToolsLib.py:7303: UserWarning: areacell is None for variable 'unknown'; synthesising cosine-latitude weights. Provide areacella/sftlf for accurate spatial averages.
  tab, keyerror = dict_average[average](tab, areacell, region=region, **kwargs)
/scratch/p66/ars599/enso_metrics_cache/pythonpath/EnsoMetrics/EnsoUvcdatToolsLib.py:7406: UserWarning: areacell is None for variable 'tos'; synthesising cosine-latitude weights. Provide areacella/sftlf for accurate spatial averages.
  variable, areacell, keyerror3 = Read_mask_area(
/scratch/p66/ars599/enso_metrics_cache/pythonpath/EnsoMetrics/EnsoUvcdatToolsLib.py:7406: UserWarning: areacell is None for variable 'tos'; synthesising cosine-latitude weights. Provide areacella/sftlf for accurate spatial averages.
  variable, areacell, keyerror3 = Read_mask_area(
/scratch/p66/ars599/enso_metrics_cache/pythonpath/EnsoMetrics/EnsoUvcdatToolsLib.py:7406: UserWarning: areacell is None for variable 'tos'; synthesising cosine-latitude weights. Provide areacella/sftlf for accurate spatial averages.
  variable, areacell, keyerror3 = Read_mask_area(
/scratch/p66/ars599/enso_metrics_cache/pythonpath/EnsoMetrics/EnsoUvcdatToolsLib.py:7406: UserWarning: areacell is None for variable 'tos'; synthesising cosine-latitude weights. Provide areacella/sftlf for accurate spatial averages.
  variable, areacell, keyerror3 = Read_mask_area(
/scratch/p66/ars599/enso_metrics_cache/pythonpath/EnsoMetrics/EnsoMetricsLib.py:6950: UserWarning: areacell is None for variable 'unknown'; synthesising cosine-latitude weights. Provide areacella/sftlf for accurate spatial averages.
  sst2, keyerror = AverageMeridional(sst2)
/scratch/p66/ars599/enso_metrics_cache/pythonpath/EnsoMetrics/EnsoUvcdatToolsLib.py:7406: UserWarning: areacell is None for variable 'tos'; synthesising cosine-latitude weights. Provide areacella/sftlf for accurate spatial averages.
  variable, areacell, keyerror3 = Read_mask_area(
/scratch/p66/ars599/enso_metrics_cache/pythonpath/EnsoMetrics/EnsoUvcdatToolsLib.py:2063: FutureWarning: In a future version of xarray the default value for data_vars will change from data_vars='all' to data_vars=None. This is likely to lead to different results when multiple datasets have matching variables with overlapping values. To opt in to new defaults and get rid of these warnings now use `set_options(use_new_combine_kwarg_defaults=True) or set data_vars explicitly.
  ds_raw = xr.combine_by_coords(
/scratch/p66/ars599/enso_metrics_cache/pythonpath/EnsoMetrics/EnsoUvcdatToolsLib.py:7406: UserWarning: areacell is None for variable 'tos'; synthesising cosine-latitude weights. Provide areacella/sftlf for accurate spatial averages.
  variable, areacell, keyerror3 = Read_mask_area(
/scratch/p66/ars599/enso_metrics_cache/pythonpath/EnsoMetrics/EnsoUvcdatToolsLib.py:7406: UserWarning: areacell is None for variable 'tos'; synthesising cosine-latitude weights. Provide areacella/sftlf for accurate spatial averages.
  variable, areacell, keyerror3 = Read_mask_area(
/scratch/p66/ars599/enso_metrics_cache/pythonpath/EnsoMetrics/EnsoMetricsLib.py:3065: UserWarning: areacell is None for variable 'unknown'; synthesising cosine-latitude weights. Provide areacella/sftlf for accurate spatial averages.
  sst_mod, keyerror_mod = AverageMeridional(sst_mod)
/scratch/p66/ars599/enso_metrics_cache/pythonpath/EnsoMetrics/EnsoMetricsLib.py:3066: UserWarning: areacell is None for variable 'unknown'; synthesising cosine-latitude weights. Provide areacella/sftlf for accurate spatial averages.
  sst_obs, keyerror_obs = AverageMeridional(sst_obs)
/scratch/p66/ars599/enso_metrics_cache/pythonpath/EnsoMetrics/EnsoMetricsLib.py:3065: UserWarning: areacell is None for variable 'unknown'; synthesising cosine-latitude weights. Provide areacella/sftlf for accurate spatial averages.
  sst_mod, keyerror_mod = AverageMeridional(sst_mod)
/scratch/p66/ars599/enso_metrics_cache/pythonpath/EnsoMetrics/EnsoMetricsLib.py:3066: UserWarning: areacell is None for variable 'unknown'; synthesising cosine-latitude weights. Provide areacella/sftlf for accurate spatial averages.
  sst_obs, keyerror_obs = AverageMeridional(sst_obs)
/scratch/p66/ars599/enso_metrics_cache/pythonpath/EnsoMetrics/EnsoUvcdatToolsLib.py:7406: UserWarning: areacell is None for variable 'tos'; synthesising cosine-latitude weights. Provide areacella/sftlf for accurate spatial averages.
  variable, areacell, keyerror3 = Read_mask_area(
/scratch/p66/ars599/enso_metrics_cache/pythonpath/EnsoMetrics/EnsoMetricsLib.py:3065: UserWarning: areacell is None for variable 'unknown'; synthesising cosine-latitude weights. Provide areacella/sftlf for accurate spatial averages.
  sst_mod, keyerror_mod = AverageMeridional(sst_mod)
/scratch/p66/ars599/enso_metrics_cache/pythonpath/EnsoMetrics/EnsoMetricsLib.py:3066: UserWarning: areacell is None for variable 'unknown'; synthesising cosine-latitude weights. Provide areacella/sftlf for accurate spatial averages.
  sst_obs, keyerror_obs = AverageMeridional(sst_obs)
/scratch/p66/ars599/enso_metrics_cache/pythonpath/EnsoMetrics/EnsoUvcdatToolsLib.py:7406: UserWarning: areacell is None for variable 'tos'; synthesising cosine-latitude weights. Provide areacella/sftlf for accurate spatial averages.
  variable, areacell, keyerror3 = Read_mask_area(
/scratch/p66/ars599/enso_metrics_cache/pythonpath/EnsoMetrics/EnsoUvcdatToolsLib.py:7406: UserWarning: areacell is None for variable 'tos'; synthesising cosine-latitude weights. Provide areacella/sftlf for accurate spatial averages.
  variable, areacell, keyerror3 = Read_mask_area(
/scratch/p66/ars599/enso_metrics_cache/pythonpath/EnsoMetrics/EnsoUvcdatToolsLib.py:7406: UserWarning: areacell is None for variable 'tos'; synthesising cosine-latitude weights. Provide areacella/sftlf for accurate spatial averages.
  variable, areacell, keyerror3 = Read_mask_area(
/scratch/p66/ars599/enso_metrics_cache/pythonpath/EnsoMetrics/EnsoUvcdatToolsLib.py:5552: UserWarning: areacell is None for variable 'tauu'; synthesising cosine-latitude weights. Provide areacella/sftlf for accurate spatial averages.
  taux, keyerror = AverageHorizontal(taux, region="nino4")
/scratch/p66/ars599/enso_metrics_cache/pythonpath/EnsoMetrics/EnsoUvcdatToolsLib.py:5771: UserWarning: Generated land mask is entirely ocean for this region. This may be expected if the region is all ocean.
  sft = cdutil.generateLandSeaMask(d(*(slice(0, 1),) * n),debug=False) * 100.0
/scratch/p66/ars599/enso_metrics_cache/pythonpath/EnsoMetrics/EnsoUvcdatToolsLib.py:5552: UserWarning: areacell is None for variable 'tauu'; synthesising cosine-latitude weights. Provide areacella/sftlf for accurate spatial averages.
  taux, keyerror = AverageHorizontal(taux, region="nino4")
/scratch/p66/ars599/enso_metrics_cache/pythonpath/EnsoMetrics/EnsoUvcdatToolsLib.py:5771: UserWarning: Generated land mask is entirely ocean for this region. This may be expected if the region is all ocean.
  sft = cdutil.generateLandSeaMask(d(*(slice(0, 1),) * n),debug=False) * 100.0
/scratch/p66/ars599/enso_metrics_cache/pythonpath/EnsoMetrics/EnsoUvcdatToolsLib.py:5552: UserWarning: areacell is None for variable 'tauu'; synthesising cosine-latitude weights. Provide areacella/sftlf for accurate spatial averages.
  taux, keyerror = AverageHorizontal(taux, region="nino4")
/scratch/p66/ars599/enso_metrics_cache/pythonpath/EnsoMetrics/EnsoUvcdatToolsLib.py:5552: UserWarning: areacell is None for variable 'tauu'; synthesising cosine-latitude weights. Provide areacella/sftlf for accurate spatial averages.
  taux, keyerror = AverageHorizontal(taux, region="nino4")
/scratch/p66/ars599/enso_metrics_cache/pythonpath/EnsoMetrics/EnsoUvcdatToolsLib.py:5771: UserWarning: Generated land mask is entirely ocean for this region. This may be expected if the region is all ocean.
  sft = cdutil.generateLandSeaMask(d(*(slice(0, 1),) * n),debug=False) * 100.0
/scratch/p66/ars599/enso_metrics_cache/pythonpath/EnsoMetrics/EnsoUvcdatToolsLib.py:5771: UserWarning: Generated land mask is entirely ocean for this region. This may be expected if the region is all ocean.
  sft = cdutil.generateLandSeaMask(d(*(slice(0, 1),) * n),debug=False) * 100.0
/scratch/p66/ars599/enso_metrics_cache/pythonpath/EnsoMetrics/EnsoUvcdatToolsLib.py:5552: UserWarning: areacell is None for variable 'tauu'; synthesising cosine-latitude weights. Provide areacella/sftlf for accurate spatial averages.
  taux, keyerror = AverageHorizontal(taux, region="nino4")
/scratch/p66/ars599/enso_metrics_cache/pythonpath/EnsoMetrics/EnsoMetricsLib.py:4158: UserWarning: areacell is None for variable 'unknown'; synthesising cosine-latitude weights. Provide areacella/sftlf for accurate spatial averages.
  taux_mod, keyerror_mod = AverageMeridional(taux_mod)
/scratch/p66/ars599/enso_metrics_cache/pythonpath/EnsoMetrics/EnsoMetricsLib.py:4159: UserWarning: areacell is None for variable 'unknown'; synthesising cosine-latitude weights. Provide areacella/sftlf for accurate spatial averages.
  taux_obs, keyerror_obs = AverageMeridional(taux_obs)
/scratch/p66/ars599/enso_metrics_cache/pythonpath/EnsoMetrics/EnsoMetricsLib.py:4158: UserWarning: areacell is None for variable 'unknown'; synthesising cosine-latitude weights. Provide areacella/sftlf for accurate spatial averages.
  taux_mod, keyerror_mod = AverageMeridional(taux_mod)
/scratch/p66/ars599/enso_metrics_cache/pythonpath/EnsoMetrics/EnsoMetricsLib.py:4159: UserWarning: areacell is None for variable 'unknown'; synthesising cosine-latitude weights. Provide areacella/sftlf for accurate spatial averages.
  taux_obs, keyerror_obs = AverageMeridional(taux_obs)
/scratch/p66/ars599/enso_metrics_cache/pythonpath/EnsoMetrics/EnsoUvcdatToolsLib.py:5771: UserWarning: Generated land mask is entirely ocean for this region. This may be expected if the region is all ocean.
  sft = cdutil.generateLandSeaMask(d(*(slice(0, 1),) * n),debug=False) * 100.0
/scratch/p66/ars599/enso_metrics_cache/pythonpath/EnsoMetrics/EnsoUvcdatToolsLib.py:5552: UserWarning: areacell is None for variable 'tauu'; synthesising cosine-latitude weights. Provide areacella/sftlf for accurate spatial averages.
  taux, keyerror = AverageHorizontal(taux, region="nino4")
/scratch/p66/ars599/enso_metrics_cache/pythonpath/EnsoMetrics/EnsoUvcdatToolsLib.py:5771: UserWarning: Generated land mask is entirely ocean for this region. This may be expected if the region is all ocean.
  sft = cdutil.generateLandSeaMask(d(*(slice(0, 1),) * n),debug=False) * 100.0
/scratch/p66/ars599/enso_metrics_cache/pythonpath/EnsoMetrics/EnsoMetricsLib.py:4158: UserWarning: areacell is None for variable 'unknown'; synthesising cosine-latitude weights. Provide areacella/sftlf for accurate spatial averages.
  taux_mod, keyerror_mod = AverageMeridional(taux_mod)
/scratch/p66/ars599/enso_metrics_cache/pythonpath/EnsoMetrics/EnsoMetricsLib.py:4159: UserWarning: areacell is None for variable 'unknown'; synthesising cosine-latitude weights. Provide areacella/sftlf for accurate spatial averages.
  taux_obs, keyerror_obs = AverageMeridional(taux_obs)
/scratch/p66/ars599/enso_metrics_cache/pythonpath/EnsoMetrics/EnsoUvcdatToolsLib.py:5552: UserWarning: areacell is None for variable 'tauu'; synthesising cosine-latitude weights. Provide areacella/sftlf for accurate spatial averages.
  taux, keyerror = AverageHorizontal(taux, region="nino4")
/scratch/p66/ars599/enso_metrics_cache/pythonpath/EnsoMetrics/EnsoUvcdatToolsLib.py:7303: UserWarning: areacell is None for variable 'unknown'; synthesising cosine-latitude weights. Provide areacella/sftlf for accurate spatial averages.
  tab, keyerror = dict_average[average](tab, areacell, region=region, **kwargs)
/scratch/p66/ars599/enso_metrics_cache/pythonpath/EnsoMetrics/EnsoUvcdatToolsLib.py:5552: UserWarning: areacell is None for variable 'tauu'; synthesising cosine-latitude weights. Provide areacella/sftlf for accurate spatial averages.
  taux, keyerror = AverageHorizontal(taux, region="nino4")
/scratch/p66/ars599/enso_metrics_cache/pythonpath/EnsoMetrics/EnsoUvcdatToolsLib.py:5552: UserWarning: areacell is None for variable 'tauu'; synthesising cosine-latitude weights. Provide areacella/sftlf for accurate spatial averages.
  taux, keyerror = AverageHorizontal(taux, region="nino4")
/scratch/p66/ars599/enso_metrics_cache/pythonpath/EnsoMetrics/EnsoUvcdatToolsLib.py:5552: UserWarning: areacell is None for variable 'tauu'; synthesising cosine-latitude weights. Provide areacella/sftlf for accurate spatial averages.
  taux, keyerror = AverageHorizontal(taux, region="nino4")
/scratch/p66/ars599/enso_metrics_cache/pythonpath/EnsoMetrics/EnsoUvcdatToolsLib.py:5552: UserWarning: areacell is None for variable 'tauu'; synthesising cosine-latitude weights. Provide areacella/sftlf for accurate spatial averages.
  taux, keyerror = AverageHorizontal(taux, region="nino4")
/scratch/p66/ars599/enso_metrics_cache/pythonpath/EnsoMetrics/EnsoUvcdatToolsLib.py:5552: UserWarning: areacell is None for variable 'tauu'; synthesising cosine-latitude weights. Provide areacella/sftlf for accurate spatial averages.
  taux, keyerror = AverageHorizontal(taux, region="nino4")
Traceback (most recent call last):
  File "/scratch/p66/ars599/enso_metrics_cache/pythonpath/EnsoMetrics/EnsoComputeMetricsLib.py", line 456, in ComputeCollection
    valu, vame, dive, dime = ComputeMetric(
                             ^^^^^^^^^^^^^^
  File "/scratch/p66/ars599/enso_metrics_cache/pythonpath/EnsoMetrics/EnsoComputeMetricsLib.py", line 1125, in ComputeMetric
    diagnostic1[output_name] = dict_twoVar_modelAndObs[metric](
                               ^^^^^^^^^^^^^^^^^^^^^^^^^^^^^^^^
  File "/scratch/p66/ars599/enso_metrics_cache/pythonpath/EnsoMetrics/EnsoMetricsLib.py", line 9762, in EnsoPrMapDjf
    pr_mod_slope, keyerror_mod = BasinMask(
                                 ^^^^^^^^^^
  File "/scratch/p66/ars599/enso_metrics_cache/pythonpath/EnsoMetrics/EnsoUvcdatToolsLib.py", line 4412, in BasinMask
    basin = ff("basin", latitude=region_ref["latitude"], longitude=region_ref["longitude"])
            ^^^^^^^^^^^^^^^^^^^^^^^^^^^^^^^^^^^^^^^^^^^^^^^^^^^^^^^^^^^^^^^^^^^^^^^^^^^^^^^
  File "/scratch/p66/ars599/enso_metrics_cache/pythonpath/EnsoMetrics/EnsoUvcdatToolsLib.py", line 2088, in __call__
    raise OSError(
OSError: File not open for reading: /scratch/p66/ars599/enso_metrics_cache/pythonpath/EnsoMetrics/../share/EnsoMetrics/basin_generic_1x1deg.nc; original error: [Errno 2] No such file or directory: '/scratch/p66/ars599/enso_metrics_cache/pythonpath/share/EnsoMetrics/basin_generic_1x1deg.nc'
/scratch/p66/ars599/enso_metrics_cache/pythonpath/EnsoMetrics/EnsoUvcdatToolsLib.py:7406: UserWarning: areacell is None for variable 'tos'; synthesising cosine-latitude weights. Provide areacella/sftlf for accurate spatial averages.
  variable, areacell, keyerror3 = Read_mask_area(
/scratch/p66/ars599/enso_metrics_cache/pythonpath/EnsoMetrics/EnsoMetricsLib.py:6950: UserWarning: areacell is None for variable 'unknown'; synthesising cosine-latitude weights. Provide areacella/sftlf for accurate spatial averages.
  sst2, keyerror = AverageMeridional(sst2)
/scratch/p66/ars599/enso_metrics_cache/pythonpath/EnsoMetrics/EnsoMetricsLib.py:6950: UserWarning: areacell is None for variable 'unknown'; synthesising cosine-latitude weights. Provide areacella/sftlf for accurate spatial averages.
  sst2, keyerror = AverageMeridional(sst2)
/scratch/p66/ars599/enso_metrics_cache/pythonpath/EnsoMetrics/EnsoUvcdatToolsLib.py:7406: UserWarning: areacell is None for variable 'tos'; synthesising cosine-latitude weights. Provide areacella/sftlf for accurate spatial averages.
  variable, areacell, keyerror3 = Read_mask_area(
/scratch/p66/ars599/enso_metrics_cache/pythonpath/EnsoMetrics/EnsoUvcdatToolsLib.py:7406: UserWarning: areacell is None for variable 'tos'; synthesising cosine-latitude weights. Provide areacella/sftlf for accurate spatial averages.
  variable, areacell, keyerror3 = Read_mask_area(
/scratch/p66/ars599/enso_metrics_cache/pythonpath/EnsoMetrics/EnsoUvcdatToolsLib.py:7303: UserWarning: areacell is None for variable 'unknown'; synthesising cosine-latitude weights. Provide areacella/sftlf for accurate spatial averages.
  tab, keyerror = dict_average[average](tab, areacell, region=region, **kwargs)
/scratch/p66/ars599/enso_metrics_cache/pythonpath/EnsoMetrics/EnsoUvcdatToolsLib.py:7303: UserWarning: areacell is None for variable 'unknown'; synthesising cosine-latitude weights. Provide areacella/sftlf for accurate spatial averages.
  tab, keyerror = dict_average[average](tab, areacell, region=region, **kwargs)
/scratch/p66/ars599/enso_metrics_cache/pythonpath/EnsoMetrics/EnsoMetricsLib.py:6950: UserWarning: areacell is None for variable 'unknown'; synthesising cosine-latitude weights. Provide areacella/sftlf for accurate spatial averages.
  sst2, keyerror = AverageMeridional(sst2)
/scratch/p66/ars599/enso_metrics_cache/pythonpath/EnsoMetrics/EnsoUvcdatToolsLib.py:7406: UserWarning: areacell is None for variable 'tos'; synthesising cosine-latitude weights. Provide areacella/sftlf for accurate spatial averages.
  variable, areacell, keyerror3 = Read_mask_area(
/scratch/p66/ars599/enso_metrics_cache/pythonpath/EnsoMetrics/EnsoUvcdatToolsLib.py:7406: UserWarning: areacell is None for variable 'tos'; synthesising cosine-latitude weights. Provide areacella/sftlf for accurate spatial averages.
  variable, areacell, keyerror3 = Read_mask_area(
/scratch/p66/ars599/enso_metrics_cache/pythonpath/EnsoMetrics/EnsoUvcdatToolsLib.py:7406: UserWarning: areacell is None for variable 'tos'; synthesising cosine-latitude weights. Provide areacella/sftlf for accurate spatial averages.
  variable, areacell, keyerror3 = Read_mask_area(
/scratch/p66/ars599/enso_metrics_cache/pythonpath/EnsoMetrics/EnsoUvcdatToolsLib.py:7406: UserWarning: areacell is None for variable 'tos'; synthesising cosine-latitude weights. Provide areacella/sftlf for accurate spatial averages.
  variable, areacell, keyerror3 = Read_mask_area(
/scratch/p66/ars599/enso_metrics_cache/pythonpath/EnsoMetrics/EnsoUvcdatToolsLib.py:7303: UserWarning: areacell is None for variable 'unknown'; synthesising cosine-latitude weights. Provide areacella/sftlf for accurate spatial averages.
  tab, keyerror = dict_average[average](tab, areacell, region=region, **kwargs)
/scratch/p66/ars599/enso_metrics_cache/pythonpath/EnsoMetrics/EnsoUvcdatToolsLib.py:7406: UserWarning: areacell is None for variable 'tos'; synthesising cosine-latitude weights. Provide areacella/sftlf for accurate spatial averages.
  variable, areacell, keyerror3 = Read_mask_area(
/scratch/p66/ars599/enso_metrics_cache/pythonpath/EnsoMetrics/EnsoUvcdatToolsLib.py:7406: UserWarning: areacell is None for variable 'tos'; synthesising cosine-latitude weights. Provide areacella/sftlf for accurate spatial averages.
  variable, areacell, keyerror3 = Read_mask_area(
/scratch/p66/ars599/enso_metrics_cache/pythonpath/EnsoMetrics/EnsoUvcdatToolsLib.py:7406: UserWarning: areacell is None for variable 'tos'; synthesising cosine-latitude weights. Provide areacella/sftlf for accurate spatial averages.
  variable, areacell, keyerror3 = Read_mask_area(
/scratch/p66/ars599/enso_metrics_cache/pythonpath/EnsoMetrics/EnsoMetricsLib.py:6950: UserWarning: areacell is None for variable 'unknown'; synthesising cosine-latitude weights. Provide areacella/sftlf for accurate spatial averages.
  sst2, keyerror = AverageMeridional(sst2)
/scratch/p66/ars599/enso_metrics_cache/pythonpath/EnsoMetrics/EnsoMetricsLib.py:6950: UserWarning: areacell is None for variable 'unknown'; synthesising cosine-latitude weights. Provide areacella/sftlf for accurate spatial averages.
  sst2, keyerror = AverageMeridional(sst2)
/scratch/p66/ars599/enso_metrics_cache/pythonpath/EnsoMetrics/EnsoUvcdatToolsLib.py:7406: UserWarning: areacell is None for variable 'tos'; synthesising cosine-latitude weights. Provide areacella/sftlf for accurate spatial averages.
  variable, areacell, keyerror3 = Read_mask_area(
/scratch/p66/ars599/enso_metrics_cache/pythonpath/EnsoMetrics/EnsoUvcdatToolsLib.py:7406: UserWarning: areacell is None for variable 'tos'; synthesising cosine-latitude weights. Provide areacella/sftlf for accurate spatial averages.
  variable, areacell, keyerror3 = Read_mask_area(
/scratch/p66/ars599/enso_metrics_cache/pythonpath/EnsoMetrics/EnsoUvcdatToolsLib.py:7303: UserWarning: areacell is None for variable 'unknown'; synthesising cosine-latitude weights. Provide areacella/sftlf for accurate spatial averages.
  tab, keyerror = dict_average[average](tab, areacell, region=region, **kwargs)
/scratch/p66/ars599/enso_metrics_cache/pythonpath/EnsoMetrics/EnsoUvcdatToolsLib.py:7303: UserWarning: areacell is None for variable 'unknown'; synthesising cosine-latitude weights. Provide areacella/sftlf for accurate spatial averages.
  tab, keyerror = dict_average[average](tab, areacell, region=region, **kwargs)
/scratch/p66/ars599/enso_metrics_cache/pythonpath/EnsoMetrics/EnsoUvcdatToolsLib.py:7406: UserWarning: areacell is None for variable 'tos'; synthesising cosine-latitude weights. Provide areacella/sftlf for accurate spatial averages.
  variable, areacell, keyerror3 = Read_mask_area(
/scratch/p66/ars599/enso_metrics_cache/pythonpath/EnsoMetrics/EnsoUvcdatToolsLib.py:7406: UserWarning: areacell is None for variable 'tos'; synthesising cosine-latitude weights. Provide areacella/sftlf for accurate spatial averages.
  variable, areacell, keyerror3 = Read_mask_area(
/scratch/p66/ars599/enso_metrics_cache/pythonpath/EnsoMetrics/EnsoUvcdatToolsLib.py:7406: UserWarning: areacell is None for variable 'tos'; synthesising cosine-latitude weights. Provide areacella/sftlf for accurate spatial averages.
  variable, areacell, keyerror3 = Read_mask_area(
/scratch/p66/ars599/enso_metrics_cache/pythonpath/EnsoMetrics/EnsoUvcdatToolsLib.py:7406: UserWarning: areacell is None for variable 'tos'; synthesising cosine-latitude weights. Provide areacella/sftlf for accurate spatial averages.
  variable, areacell, keyerror3 = Read_mask_area(
/scratch/p66/ars599/enso_metrics_cache/pythonpath/EnsoMetrics/EnsoMetricsLib.py:6950: UserWarning: areacell is None for variable 'unknown'; synthesising cosine-latitude weights. Provide areacella/sftlf for accurate spatial averages.
  sst2, keyerror = AverageMeridional(sst2)
/scratch/p66/ars599/enso_metrics_cache/pythonpath/EnsoMetrics/EnsoUvcdatToolsLib.py:7406: UserWarning: areacell is None for variable 'tos'; synthesising cosine-latitude weights. Provide areacella/sftlf for accurate spatial averages.
  variable, areacell, keyerror3 = Read_mask_area(
/scratch/p66/ars599/enso_metrics_cache/pythonpath/EnsoMetrics/EnsoMetricsLib.py:6950: UserWarning: areacell is None for variable 'unknown'; synthesising cosine-latitude weights. Provide areacella/sftlf for accurate spatial averages.
  sst2, keyerror = AverageMeridional(sst2)
/scratch/p66/ars599/enso_metrics_cache/pythonpath/EnsoMetrics/EnsoUvcdatToolsLib.py:7303: UserWarning: areacell is None for variable 'unknown'; synthesising cosine-latitude weights. Provide areacella/sftlf for accurate spatial averages.
  tab, keyerror = dict_average[average](tab, areacell, region=region, **kwargs)
/scratch/p66/ars599/enso_metrics_cache/pythonpath/EnsoMetrics/EnsoMetricsLib.py:6950: UserWarning: areacell is None for variable 'unknown'; synthesising cosine-latitude weights. Provide areacella/sftlf for accurate spatial averages.
  sst2, keyerror = AverageMeridional(sst2)
/scratch/p66/ars599/enso_metrics_cache/pythonpath/EnsoMetrics/EnsoUvcdatToolsLib.py:7406: UserWarning: areacell is None for variable 'tos'; synthesising cosine-latitude weights. Provide areacella/sftlf for accurate spatial averages.
  variable, areacell, keyerror3 = Read_mask_area(
/scratch/p66/ars599/enso_metrics_cache/pythonpath/EnsoMetrics/EnsoUvcdatToolsLib.py:7406: UserWarning: areacell is None for variable 'tos'; synthesising cosine-latitude weights. Provide areacella/sftlf for accurate spatial averages.
  variable, areacell, keyerror3 = Read_mask_area(
/scratch/p66/ars599/enso_metrics_cache/pythonpath/EnsoMetrics/EnsoMetricsLib.py:6950: UserWarning: areacell is None for variable 'unknown'; synthesising cosine-latitude weights. Provide areacella/sftlf for accurate spatial averages.
  sst2, keyerror = AverageMeridional(sst2)
/scratch/p66/ars599/enso_metrics_cache/pythonpath/EnsoMetrics/EnsoUvcdatToolsLib.py:7303: UserWarning: areacell is None for variable 'unknown'; synthesising cosine-latitude weights. Provide areacella/sftlf for accurate spatial averages.
  tab, keyerror = dict_average[average](tab, areacell, region=region, **kwargs)
Traceback (most recent call last):
  File "/scratch/p66/ars599/enso_metrics_cache/pythonpath/EnsoMetrics/EnsoComputeMetricsLib.py", line 456, in ComputeCollection
    valu, vame, dive, dime = ComputeMetric(
                             ^^^^^^^^^^^^^^
  File "/scratch/p66/ars599/enso_metrics_cache/pythonpath/EnsoMetrics/EnsoComputeMetricsLib.py", line 1125, in ComputeMetric
    diagnostic1[output_name] = dict_twoVar_modelAndObs[metric](
                               ^^^^^^^^^^^^^^^^^^^^^^^^^^^^^^^^
  File "/scratch/p66/ars599/enso_metrics_cache/pythonpath/EnsoMetrics/EnsoMetricsLib.py", line 10319, in EnsoPrMapJja
    pr_mod_slope, keyerror_mod = BasinMask(
                                 ^^^^^^^^^^
  File "/scratch/p66/ars599/enso_metrics_cache/pythonpath/EnsoMetrics/EnsoUvcdatToolsLib.py", line 4412, in BasinMask
    basin = ff("basin", latitude=region_ref["latitude"], longitude=region_ref["longitude"])
            ^^^^^^^^^^^^^^^^^^^^^^^^^^^^^^^^^^^^^^^^^^^^^^^^^^^^^^^^^^^^^^^^^^^^^^^^^^^^^^^
  File "/scratch/p66/ars599/enso_metrics_cache/pythonpath/EnsoMetrics/EnsoUvcdatToolsLib.py", line 2088, in __call__
    raise OSError(
OSError: File not open for reading: /scratch/p66/ars599/enso_metrics_cache/pythonpath/EnsoMetrics/../share/EnsoMetrics/basin_generic_1x1deg.nc; original error: [Errno 2] No such file or directory: '/scratch/p66/ars599/enso_metrics_cache/pythonpath/share/EnsoMetrics/basin_generic_1x1deg.nc'
/scratch/p66/ars599/enso_metrics_cache/pythonpath/EnsoMetrics/EnsoUvcdatToolsLib.py:2063: FutureWarning: In a future version of xarray the default value for data_vars will change from data_vars='all' to data_vars=None. This is likely to lead to different results when multiple datasets have matching variables with overlapping values. To opt in to new defaults and get rid of these warnings now use `set_options(use_new_combine_kwarg_defaults=True) or set data_vars explicitly.
  ds_raw = xr.combine_by_coords(
/scratch/p66/ars599/enso_metrics_cache/pythonpath/EnsoMetrics/EnsoMetricsLib.py:11532: UserWarning: areacell is None for variable 'unknown'; synthesising cosine-latitude weights. Provide areacella/sftlf for accurate spatial averages.
  sst2, keyerror1 = AverageMeridional(sst2)
/scratch/p66/ars599/enso_metrics_cache/pythonpath/EnsoMetrics/EnsoMetricsLib.py:11533: UserWarning: areacell is None for variable 'unknown'; synthesising cosine-latitude weights. Provide areacella/sftlf for accurate spatial averages.
  sst3_NDJ, keyerror2 = AverageMeridional(sst3_NDJ)
/scratch/p66/ars599/enso_metrics_cache/pythonpath/EnsoMetrics/EnsoMetricsLib.py:11534: UserWarning: areacell is None for variable 'unknown'; synthesising cosine-latitude weights. Provide areacella/sftlf for accurate spatial averages.
  sst3_MAM, keyerror3 = AverageMeridional(sst3_MAM)
/scratch/p66/ars599/enso_metrics_cache/pythonpath/EnsoMetrics/EnsoUvcdatToolsLib.py:7406: UserWarning: areacell is None for variable 'tos'; synthesising cosine-latitude weights. Provide areacella/sftlf for accurate spatial averages.
  variable, areacell, keyerror3 = Read_mask_area(
/scratch/p66/ars599/enso_metrics_cache/pythonpath/EnsoMetrics/EnsoUvcdatToolsLib.py:7303: UserWarning: areacell is None for variable 'unknown'; synthesising cosine-latitude weights. Provide areacella/sftlf for accurate spatial averages.
  tab, keyerror = dict_average[average](tab, areacell, region=region, **kwargs)
/scratch/p66/ars599/enso_metrics_cache/pythonpath/EnsoMetrics/EnsoUvcdatToolsLib.py:7303: UserWarning: areacell is None for variable 'unknown'; synthesising cosine-latitude weights. Provide areacella/sftlf for accurate spatial averages.
  tab, keyerror = dict_average[average](tab, areacell, region=region, **kwargs)
/scratch/p66/ars599/enso_metrics_cache/pythonpath/EnsoMetrics/EnsoUvcdatToolsLib.py:7406: UserWarning: areacell is None for variable 'tos'; synthesising cosine-latitude weights. Provide areacella/sftlf for accurate spatial averages.
  variable, areacell, keyerror3 = Read_mask_area(
/scratch/p66/ars599/enso_metrics_cache/pythonpath/EnsoMetrics/EnsoUvcdatToolsLib.py:7406: UserWarning: areacell is None for variable 'tos'; synthesising cosine-latitude weights. Provide areacella/sftlf for accurate spatial averages.
  variable, areacell, keyerror3 = Read_mask_area(
/scratch/p66/ars599/enso_metrics_cache/pythonpath/EnsoMetrics/EnsoMetricsLib.py:11532: UserWarning: areacell is None for variable 'unknown'; synthesising cosine-latitude weights. Provide areacella/sftlf for accurate spatial averages.
  sst2, keyerror1 = AverageMeridional(sst2)
/scratch/p66/ars599/enso_metrics_cache/pythonpath/EnsoMetrics/EnsoMetricsLib.py:11533: UserWarning: areacell is None for variable 'unknown'; synthesising cosine-latitude weights. Provide areacella/sftlf for accurate spatial averages.
  sst3_NDJ, keyerror2 = AverageMeridional(sst3_NDJ)
/scratch/p66/ars599/enso_metrics_cache/pythonpath/EnsoMetrics/EnsoMetricsLib.py:11534: UserWarning: areacell is None for variable 'unknown'; synthesising cosine-latitude weights. Provide areacella/sftlf for accurate spatial averages.
  sst3_MAM, keyerror3 = AverageMeridional(sst3_MAM)
/scratch/p66/ars599/enso_metrics_cache/pythonpath/EnsoMetrics/EnsoUvcdatToolsLib.py:7406: UserWarning: areacell is None for variable 'tos'; synthesising cosine-latitude weights. Provide areacella/sftlf for accurate spatial averages.
  variable, areacell, keyerror3 = Read_mask_area(
/scratch/p66/ars599/enso_metrics_cache/pythonpath/EnsoMetrics/EnsoUvcdatToolsLib.py:7303: UserWarning: areacell is None for variable 'unknown'; synthesising cosine-latitude weights. Provide areacella/sftlf for accurate spatial averages.
  tab, keyerror = dict_average[average](tab, areacell, region=region, **kwargs)
/scratch/p66/ars599/enso_metrics_cache/pythonpath/EnsoMetrics/EnsoUvcdatToolsLib.py:7303: UserWarning: areacell is None for variable 'unknown'; synthesising cosine-latitude weights. Provide areacella/sftlf for accurate spatial averages.
  tab, keyerror = dict_average[average](tab, areacell, region=region, **kwargs)
/scratch/p66/ars599/enso_metrics_cache/pythonpath/EnsoMetrics/EnsoUvcdatToolsLib.py:7406: UserWarning: areacell is None for variable 'tos'; synthesising cosine-latitude weights. Provide areacella/sftlf for accurate spatial averages.
  variable, areacell, keyerror3 = Read_mask_area(
/scratch/p66/ars599/enso_metrics_cache/pythonpath/EnsoMetrics/EnsoUvcdatToolsLib.py:7406: UserWarning: areacell is None for variable 'tos'; synthesising cosine-latitude weights. Provide areacella/sftlf for accurate spatial averages.
  variable, areacell, keyerror3 = Read_mask_area(
/scratch/p66/ars599/enso_metrics_cache/pythonpath/EnsoMetrics/EnsoMetricsLib.py:11532: UserWarning: areacell is None for variable 'unknown'; synthesising cosine-latitude weights. Provide areacella/sftlf for accurate spatial averages.
  sst2, keyerror1 = AverageMeridional(sst2)
/scratch/p66/ars599/enso_metrics_cache/pythonpath/EnsoMetrics/EnsoMetricsLib.py:11533: UserWarning: areacell is None for variable 'unknown'; synthesising cosine-latitude weights. Provide areacella/sftlf for accurate spatial averages.
  sst3_NDJ, keyerror2 = AverageMeridional(sst3_NDJ)
/scratch/p66/ars599/enso_metrics_cache/pythonpath/EnsoMetrics/EnsoMetricsLib.py:11534: UserWarning: areacell is None for variable 'unknown'; synthesising cosine-latitude weights. Provide areacella/sftlf for accurate spatial averages.
  sst3_MAM, keyerror3 = AverageMeridional(sst3_MAM)
/scratch/p66/ars599/enso_metrics_cache/pythonpath/EnsoMetrics/EnsoUvcdatToolsLib.py:7406: UserWarning: areacell is None for variable 'tos'; synthesising cosine-latitude weights. Provide areacella/sftlf for accurate spatial averages.
  variable, areacell, keyerror3 = Read_mask_area(
/scratch/p66/ars599/enso_metrics_cache/pythonpath/EnsoMetrics/EnsoUvcdatToolsLib.py:7406: UserWarning: areacell is None for variable 'tos'; synthesising cosine-latitude weights. Provide areacella/sftlf for accurate spatial averages.
  variable, areacell, keyerror3 = Read_mask_area(
/scratch/p66/ars599/enso_metrics_cache/pythonpath/EnsoMetrics/EnsoUvcdatToolsLib.py:2063: FutureWarning: In a future version of xarray the default value for data_vars will change from data_vars='all' to data_vars=None. This is likely to lead to different results when multiple datasets have matching variables with overlapping values. To opt in to new defaults and get rid of these warnings now use `set_options(use_new_combine_kwarg_defaults=True) or set data_vars explicitly.
  ds_raw = xr.combine_by_coords(
/scratch/p66/ars599/enso_metrics_cache/pythonpath/EnsoMetrics/EnsoUvcdatToolsLib.py:7303: UserWarning: areacell is None for variable 'unknown'; synthesising cosine-latitude weights. Provide areacella/sftlf for accurate spatial averages.
  tab, keyerror = dict_average[average](tab, areacell, region=region, **kwargs)
/scratch/p66/ars599/enso_metrics_cache/pythonpath/EnsoMetrics/EnsoMetricsLib.py:14907: UserWarning: areacell is None for variable 'unknown'; synthesising cosine-latitude weights. Provide areacella/sftlf for accurate spatial averages.
  sstlon_mod, keyerror_mod = AverageMeridional(sstmap_mod)
/scratch/p66/ars599/enso_metrics_cache/pythonpath/EnsoMetrics/EnsoMetricsLib.py:14908: UserWarning: areacell is None for variable 'unknown'; synthesising cosine-latitude weights. Provide areacella/sftlf for accurate spatial averages.
  sstlon_obs, keyerror_obs = AverageMeridional(sstmap_obs)
/scratch/p66/ars599/enso_metrics_cache/pythonpath/EnsoMetrics/EnsoUvcdatToolsLib.py:7406: UserWarning: areacell is None for variable 'tos'; synthesising cosine-latitude weights. Provide areacella/sftlf for accurate spatial averages.
  variable, areacell, keyerror3 = Read_mask_area(
/scratch/p66/ars599/enso_metrics_cache/pythonpath/EnsoMetrics/EnsoUvcdatToolsLib.py:7406: UserWarning: areacell is None for variable 'tos'; synthesising cosine-latitude weights. Provide areacella/sftlf for accurate spatial averages.
  variable, areacell, keyerror3 = Read_mask_area(
/scratch/p66/ars599/enso_metrics_cache/pythonpath/EnsoMetrics/EnsoUvcdatToolsLib.py:7406: UserWarning: areacell is None for variable 'tos'; synthesising cosine-latitude weights. Provide areacella/sftlf for accurate spatial averages.
  variable, areacell, keyerror3 = Read_mask_area(
/scratch/p66/ars599/enso_metrics_cache/pythonpath/EnsoMetrics/EnsoMetricsLib.py:6950: UserWarning: areacell is None for variable 'unknown'; synthesising cosine-latitude weights. Provide areacella/sftlf for accurate spatial averages.
  sst2, keyerror = AverageMeridional(sst2)
/scratch/p66/ars599/enso_metrics_cache/pythonpath/EnsoMetrics/EnsoUvcdatToolsLib.py:7406: UserWarning: areacell is None for variable 'tos'; synthesising cosine-latitude weights. Provide areacella/sftlf for accurate spatial averages.
  variable, areacell, keyerror3 = Read_mask_area(
/scratch/p66/ars599/enso_metrics_cache/pythonpath/EnsoMetrics/EnsoUvcdatToolsLib.py:7303: UserWarning: areacell is None for variable 'unknown'; synthesising cosine-latitude weights. Provide areacella/sftlf for accurate spatial averages.
  tab, keyerror = dict_average[average](tab, areacell, region=region, **kwargs)
/scratch/p66/ars599/enso_metrics_cache/pythonpath/EnsoMetrics/EnsoUvcdatToolsLib.py:7406: UserWarning: areacell is None for variable 'tos'; synthesising cosine-latitude weights. Provide areacella/sftlf for accurate spatial averages.
  variable, areacell, keyerror3 = Read_mask_area(
/scratch/p66/ars599/enso_metrics_cache/pythonpath/EnsoMetrics/EnsoUvcdatToolsLib.py:7406: UserWarning: areacell is None for variable 'tos'; synthesising cosine-latitude weights. Provide areacella/sftlf for accurate spatial averages.
  variable, areacell, keyerror3 = Read_mask_area(
/scratch/p66/ars599/enso_metrics_cache/pythonpath/EnsoMetrics/EnsoMetricsLib.py:6950: UserWarning: areacell is None for variable 'unknown'; synthesising cosine-latitude weights. Provide areacella/sftlf for accurate spatial averages.
  sst2, keyerror = AverageMeridional(sst2)
/scratch/p66/ars599/enso_metrics_cache/pythonpath/EnsoMetrics/EnsoUvcdatToolsLib.py:7303: UserWarning: areacell is None for variable 'unknown'; synthesising cosine-latitude weights. Provide areacella/sftlf for accurate spatial averages.
  tab, keyerror = dict_average[average](tab, areacell, region=region, **kwargs)
/scratch/p66/ars599/enso_metrics_cache/pythonpath/EnsoMetrics/EnsoUvcdatToolsLib.py:7406: UserWarning: areacell is None for variable 'tos'; synthesising cosine-latitude weights. Provide areacella/sftlf for accurate spatial averages.
  variable, areacell, keyerror3 = Read_mask_area(
/scratch/p66/ars599/enso_metrics_cache/pythonpath/EnsoMetrics/EnsoUvcdatToolsLib.py:7303: UserWarning: areacell is None for variable 'unknown'; synthesising cosine-latitude weights. Provide areacella/sftlf for accurate spatial averages.
  tab, keyerror = dict_average[average](tab, areacell, region=region, **kwargs)
/scratch/p66/ars599/enso_metrics_cache/pythonpath/EnsoMetrics/EnsoUvcdatToolsLib.py:7406: UserWarning: areacell is None for variable 'tos'; synthesising cosine-latitude weights. Provide areacella/sftlf for accurate spatial averages.
  variable, areacell, keyerror3 = Read_mask_area(
/scratch/p66/ars599/enso_metrics_cache/pythonpath/EnsoMetrics/EnsoUvcdatToolsLib.py:7406: UserWarning: areacell is None for variable 'tos'; synthesising cosine-latitude weights. Provide areacella/sftlf for accurate spatial averages.
  variable, areacell, keyerror3 = Read_mask_area(
/scratch/p66/ars599/enso_metrics_cache/pythonpath/EnsoMetrics/EnsoMetricsLib.py:6950: UserWarning: areacell is None for variable 'unknown'; synthesising cosine-latitude weights. Provide areacella/sftlf for accurate spatial averages.
  sst2, keyerror = AverageMeridional(sst2)
/scratch/p66/ars599/enso_metrics_cache/pythonpath/EnsoMetrics/EnsoMetricsLib.py:14907: UserWarning: areacell is None for variable 'unknown'; synthesising cosine-latitude weights. Provide areacella/sftlf for accurate spatial averages.
  sstlon_mod, keyerror_mod = AverageMeridional(sstmap_mod)
/scratch/p66/ars599/enso_metrics_cache/pythonpath/EnsoMetrics/EnsoMetricsLib.py:14908: UserWarning: areacell is None for variable 'unknown'; synthesising cosine-latitude weights. Provide areacella/sftlf for accurate spatial averages.
  sstlon_obs, keyerror_obs = AverageMeridional(sstmap_obs)
/scratch/p66/ars599/enso_metrics_cache/pythonpath/EnsoMetrics/EnsoUvcdatToolsLib.py:2063: FutureWarning: In a future version of xarray the default value for data_vars will change from data_vars='all' to data_vars=None. This is likely to lead to different results when multiple datasets have matching variables with overlapping values. To opt in to new defaults and get rid of these warnings now use `set_options(use_new_combine_kwarg_defaults=True) or set data_vars explicitly.
  ds_raw = xr.combine_by_coords(
/scratch/p66/ars599/enso_metrics_cache/pythonpath/EnsoMetrics/EnsoUvcdatToolsLib.py:7406: UserWarning: areacell is None for variable 'tos'; synthesising cosine-latitude weights. Provide areacella/sftlf for accurate spatial averages.
  variable, areacell, keyerror3 = Read_mask_area(
Traceback (most recent call last):
  File "/scratch/p66/ars599/enso_metrics_cache/pythonpath/EnsoMetrics/EnsoComputeMetricsLib.py", line 456, in ComputeCollection
    valu, vame, dive, dime = ComputeMetric(
                             ^^^^^^^^^^^^^^
  File "/scratch/p66/ars599/enso_metrics_cache/pythonpath/EnsoMetrics/EnsoComputeMetricsLib.py", line 1184, in ComputeMetric
    units = diagnostic1[obs]["units"]
            ^^^^^^^^^^^
UnboundLocalError: cannot access local variable 'obs' where it is not associated with a value
Traceback (most recent call last):
  File "/scratch/p66/ars599/enso_metrics_cache/pythonpath/EnsoMetrics/EnsoComputeMetricsLib.py", line 456, in ComputeCollection
    valu, vame, dive, dime = ComputeMetric(
                             ^^^^^^^^^^^^^^
  File "/scratch/p66/ars599/enso_metrics_cache/pythonpath/EnsoMetrics/EnsoComputeMetricsLib.py", line 1184, in ComputeMetric
    units = diagnostic1[obs]["units"]
            ^^^^^^^^^^^
UnboundLocalError: cannot access local variable 'obs' where it is not associated with a value
数据清单: /g/data/p66/ars599/ENSO_metrics/results_gadi_full/manifests/inventory.json
ACCESS-ESM1-5: root=/g/data/fs38/publications/CMIP6/CMIP/CSIRO/ACCESS-ESM1-5/historical/r3i1p1f1, variables=['lhf', 'lwr', 'pr', 'shf', 'ssh', 'sst', 'swr', 'taux', 'tauy', 'thf'], split=[]
[94m     ComputeCollection: metric = EnsoAmpl[0m
[94m     ComputeMetric: oneVarmetric = ACCESS-ESM1-5_r3i1p1f1[0m
[94m     ComputeMetric: oneVarmetric = HadISST[0m
[94m     ComputeMetric: oneVarmetric = Tropflux[0m
[94m     ComputeCollection: metric = EnsoPrMapDjf[0m
[94m     ComputeMetric: twoVarRMSmetric, EnsoPrMapDjf = ACCESS-ESM1-5_r3i1p1f1 and HadISST_GPCPv2.3[0m
[93m                         NOTE: Estimated landmask applied[0m
[94m     ComputeCollection: metric = EnsoPrMapJja[0m
[94m     ComputeMetric: twoVarRMSmetric, EnsoPrMapJja = ACCESS-ESM1-5_r3i1p1f1 and HadISST_GPCPv2.3[0m
[93m                         NOTE: Estimated landmask applied[0m
[94m     ComputeCollection: metric = EnsoSeasonality[0m
[94m     ComputeMetric: oneVarmetric = ACCESS-ESM1-5_r3i1p1f1[0m
[94m     ComputeMetric: oneVarmetric = HadISST[0m
[94m     ComputeMetric: oneVarmetric = Tropflux[0m
[94m     ComputeCollection: metric = EnsoSstLonRmse[0m
[94m     ComputeMetric: oneVarRMSmetric, EnsoSstLonRmse = ACCESS-ESM1-5_r3i1p1f1 and HadISST[0m
[94m     ComputeMetric: oneVarRMSmetric, EnsoSstLonRmse = ACCESS-ESM1-5_r3i1p1f1 and Tropflux[0m
[94m     ComputeCollection: metric = EnsoSstMapDjf[0m
[94m     ComputeCollection: metric = EnsoSstMapJja[0m
完成时间: Mon Oct  5 03:49:05 UTC 2026
输出目录: /g/data/p66/ars599/ENSO_metrics/results_gadi_full
/scratch/p66/ars599/enso_metrics_cache/pythonpath/EnsoMetrics/EnsoUvcdatToolsLib.py:7406: UserWarning: areacell is None for variable 'tos'; synthesising cosine-latitude weights. Provide areacella/sftlf for accurate spatial averages.
  variable, areacell, keyerror3 = Read_mask_area(
/scratch/p66/ars599/enso_metrics_cache/pythonpath/EnsoMetrics/EnsoUvcdatToolsLib.py:7303: UserWarning: areacell is None for variable 'unknown'; synthesising cosine-latitude weights. Provide areacella/sftlf for accurate spatial averages.
  tab, keyerror = dict_average[average](tab, areacell, region=region, **kwargs)
Traceback (most recent call last):
  File "/scratch/p66/ars599/enso_metrics_cache/pythonpath/EnsoMetrics/EnsoComputeMetricsLib.py", line 456, in ComputeCollection
    valu, vame, dive, dime = ComputeMetric(
                             ^^^^^^^^^^^^^^
  File "/scratch/p66/ars599/enso_metrics_cache/pythonpath/EnsoMetrics/EnsoComputeMetricsLib.py", line 1125, in ComputeMetric
    diagnostic1[output_name] = dict_twoVar_modelAndObs[metric](
                               ^^^^^^^^^^^^^^^^^^^^^^^^^^^^^^^^
  File "/scratch/p66/ars599/enso_metrics_cache/pythonpath/EnsoMetrics/EnsoMetricsLib.py", line 9762, in EnsoPrMapDjf
    pr_mod_slope, keyerror_mod = BasinMask(
                                 ^^^^^^^^^^
  File "/scratch/p66/ars599/enso_metrics_cache/pythonpath/EnsoMetrics/EnsoUvcdatToolsLib.py", line 4412, in BasinMask
    basin = ff("basin", latitude=region_ref["latitude"], longitude=region_ref["longitude"])
            ^^^^^^^^^^^^^^^^^^^^^^^^^^^^^^^^^^^^^^^^^^^^^^^^^^^^^^^^^^^^^^^^^^^^^^^^^^^^^^^
  File "/scratch/p66/ars599/enso_metrics_cache/pythonpath/EnsoMetrics/EnsoUvcdatToolsLib.py", line 2088, in __call__
    raise OSError(
OSError: File not open for reading: /scratch/p66/ars599/enso_metrics_cache/pythonpath/EnsoMetrics/../share/EnsoMetrics/basin_generic_1x1deg.nc; original error: [Errno 2] No such file or directory: '/scratch/p66/ars599/enso_metrics_cache/pythonpath/share/EnsoMetrics/basin_generic_1x1deg.nc'
/scratch/p66/ars599/enso_metrics_cache/pythonpath/EnsoMetrics/EnsoUvcdatToolsLib.py:2063: FutureWarning: In a future version of xarray the default value for data_vars will change from data_vars='all' to data_vars=None. This is likely to lead to different results when multiple datasets have matching variables with overlapping values. To opt in to new defaults and get rid of these warnings now use `set_options(use_new_combine_kwarg_defaults=True) or set data_vars explicitly.
  ds_raw = xr.combine_by_coords(
/scratch/p66/ars599/enso_metrics_cache/pythonpath/EnsoMetrics/EnsoUvcdatToolsLib.py:7406: UserWarning: areacell is None for variable 'tos'; synthesising cosine-latitude weights. Provide areacella/sftlf for accurate spatial averages.
  variable, areacell, keyerror3 = Read_mask_area(
/scratch/p66/ars599/enso_metrics_cache/pythonpath/EnsoMetrics/EnsoUvcdatToolsLib.py:7303: UserWarning: areacell is None for variable 'unknown'; synthesising cosine-latitude weights. Provide areacella/sftlf for accurate spatial averages.
  tab, keyerror = dict_average[average](tab, areacell, region=region, **kwargs)
Traceback (most recent call last):
  File "/scratch/p66/ars599/enso_metrics_cache/pythonpath/EnsoMetrics/EnsoComputeMetricsLib.py", line 456, in ComputeCollection
    valu, vame, dive, dime = ComputeMetric(
                             ^^^^^^^^^^^^^^
  File "/scratch/p66/ars599/enso_metrics_cache/pythonpath/EnsoMetrics/EnsoComputeMetricsLib.py", line 1125, in ComputeMetric
    diagnostic1[output_name] = dict_twoVar_modelAndObs[metric](
                               ^^^^^^^^^^^^^^^^^^^^^^^^^^^^^^^^
  File "/scratch/p66/ars599/enso_metrics_cache/pythonpath/EnsoMetrics/EnsoMetricsLib.py", line 10319, in EnsoPrMapJja
    pr_mod_slope, keyerror_mod = BasinMask(
                                 ^^^^^^^^^^
  File "/scratch/p66/ars599/enso_metrics_cache/pythonpath/EnsoMetrics/EnsoUvcdatToolsLib.py", line 4412, in BasinMask
    basin = ff("basin", latitude=region_ref["latitude"], longitude=region_ref["longitude"])
            ^^^^^^^^^^^^^^^^^^^^^^^^^^^^^^^^^^^^^^^^^^^^^^^^^^^^^^^^^^^^^^^^^^^^^^^^^^^^^^^
  File "/scratch/p66/ars599/enso_metrics_cache/pythonpath/EnsoMetrics/EnsoUvcdatToolsLib.py", line 2088, in __call__
    raise OSError(
OSError: File not open for reading: /scratch/p66/ars599/enso_metrics_cache/pythonpath/EnsoMetrics/../share/EnsoMetrics/basin_generic_1x1deg.nc; original error: [Errno 2] No such file or directory: '/scratch/p66/ars599/enso_metrics_cache/pythonpath/share/EnsoMetrics/basin_generic_1x1deg.nc'
/scratch/p66/ars599/enso_metrics_cache/pythonpath/EnsoMetrics/EnsoUvcdatToolsLib.py:2063: FutureWarning: In a future version of xarray the default value for data_vars will change from data_vars='all' to data_vars=None. This is likely to lead to different results when multiple datasets have matching variables with overlapping values. To opt in to new defaults and get rid of these warnings now use `set_options(use_new_combine_kwarg_defaults=True) or set data_vars explicitly.
  ds_raw = xr.combine_by_coords(
/scratch/p66/ars599/enso_metrics_cache/pythonpath/EnsoMetrics/EnsoUvcdatToolsLib.py:2063: FutureWarning: In a future version of xarray the default value for data_vars will change from data_vars='all' to data_vars=None. This is likely to lead to different results when multiple datasets have matching variables with overlapping values. To opt in to new defaults and get rid of these warnings now use `set_options(use_new_combine_kwarg_defaults=True) or set data_vars explicitly.
  ds_raw = xr.combine_by_coords(
/scratch/p66/ars599/enso_metrics_cache/pythonpath/EnsoMetrics/EnsoUvcdatToolsLib.py:2063: FutureWarning: In a future version of xarray the default value for data_vars will change from data_vars='all' to data_vars=None. This is likely to lead to different results when multiple datasets have matching variables with overlapping values. To opt in to new defaults and get rid of these warnings now use `set_options(use_new_combine_kwarg_defaults=True) or set data_vars explicitly.
  ds_raw = xr.combine_by_coords(
/scratch/p66/ars599/enso_metrics_cache/pythonpath/EnsoMetrics/EnsoMetricsLib.py:7820: UserWarning: areacell is None for variable 'unknown'; synthesising cosine-latitude weights. Provide areacella/sftlf for accurate spatial averages.
  sst_map, keyerror1 = AverageMeridional(sst_map)
/scratch/p66/ars599/enso_metrics_cache/pythonpath/EnsoMetrics/EnsoMetricsLib.py:7821: UserWarning: areacell is None for variable 'unknown'; synthesising cosine-latitude weights. Provide areacella/sftlf for accurate spatial averages.
  thf_map, keyerror2 = AverageMeridional(thf_map)
/scratch/p66/ars599/enso_metrics_cache/pythonpath/EnsoMetrics/EnsoUvcdatToolsLib.py:7406: UserWarning: areacell is None for variable 'tos'; synthesising cosine-latitude weights. Provide areacella/sftlf for accurate spatial averages.
  variable, areacell, keyerror3 = Read_mask_area(
/scratch/p66/ars599/enso_metrics_cache/pythonpath/EnsoMetrics/EnsoMetricsLib.py:7820: UserWarning: areacell is None for variable 'unknown'; synthesising cosine-latitude weights. Provide areacella/sftlf for accurate spatial averages.
  sst_map, keyerror1 = AverageMeridional(sst_map)
/scratch/p66/ars599/enso_metrics_cache/pythonpath/EnsoMetrics/EnsoMetricsLib.py:7821: UserWarning: areacell is None for variable 'unknown'; synthesising cosine-latitude weights. Provide areacella/sftlf for accurate spatial averages.
  thf_map, keyerror2 = AverageMeridional(thf_map)
/scratch/p66/ars599/enso_metrics_cache/pythonpath/EnsoMetrics/EnsoUvcdatToolsLib.py:7406: UserWarning: areacell is None for variable 'tos'; synthesising cosine-latitude weights. Provide areacella/sftlf for accurate spatial averages.
  variable, areacell, keyerror3 = Read_mask_area(
/scratch/p66/ars599/enso_metrics_cache/pythonpath/EnsoMetrics/EnsoMetricsLib.py:7820: UserWarning: areacell is None for variable 'unknown'; synthesising cosine-latitude weights. Provide areacella/sftlf for accurate spatial averages.
  sst_map, keyerror1 = AverageMeridional(sst_map)
/scratch/p66/ars599/enso_metrics_cache/pythonpath/EnsoMetrics/EnsoMetricsLib.py:7821: UserWarning: areacell is None for variable 'unknown'; synthesising cosine-latitude weights. Provide areacella/sftlf for accurate spatial averages.
  thf_map, keyerror2 = AverageMeridional(thf_map)
/scratch/p66/ars599/enso_metrics_cache/pythonpath/EnsoMetrics/EnsoUvcdatToolsLib.py:7406: UserWarning: areacell is None for variable 'tos'; synthesising cosine-latitude weights. Provide areacella/sftlf for accurate spatial averages.
  variable, areacell, keyerror3 = Read_mask_area(
/scratch/p66/ars599/enso_metrics_cache/pythonpath/EnsoMetrics/EnsoUvcdatToolsLib.py:5771: UserWarning: Generated land mask is entirely ocean for this region. This may be expected if the region is all ocean.
  sft = cdutil.generateLandSeaMask(d(*(slice(0, 1),) * n),debug=False) * 100.0
/scratch/p66/ars599/enso_metrics_cache/pythonpath/EnsoMetrics/EnsoUvcdatToolsLib.py:7406: UserWarning: areacell is None for variable 'tos'; synthesising cosine-latitude weights. Provide areacella/sftlf for accurate spatial averages.
  variable, areacell, keyerror3 = Read_mask_area(
/scratch/p66/ars599/enso_metrics_cache/pythonpath/EnsoMetrics/EnsoUvcdatToolsLib.py:7406: UserWarning: areacell is None for variable 'tos'; synthesising cosine-latitude weights. Provide areacella/sftlf for accurate spatial averages.
  variable, areacell, keyerror3 = Read_mask_area(
/scratch/p66/ars599/enso_metrics_cache/pythonpath/EnsoMetrics/EnsoUvcdatToolsLib.py:7406: UserWarning: areacell is None for variable 'tos'; synthesising cosine-latitude weights. Provide areacella/sftlf for accurate spatial averages.
  variable, areacell, keyerror3 = Read_mask_area(
/scratch/p66/ars599/enso_metrics_cache/pythonpath/EnsoMetrics/EnsoUvcdatToolsLib.py:7303: UserWarning: areacell is None for variable 'unknown'; synthesising cosine-latitude weights. Provide areacella/sftlf for accurate spatial averages.
  tab, keyerror = dict_average[average](tab, areacell, region=region, **kwargs)
/scratch/p66/ars599/enso_metrics_cache/pythonpath/EnsoMetrics/EnsoUvcdatToolsLib.py:5771: UserWarning: Generated land mask is entirely ocean for this region. This may be expected if the region is all ocean.
  sft = cdutil.generateLandSeaMask(d(*(slice(0, 1),) * n),debug=False) * 100.0
/scratch/p66/ars599/enso_metrics_cache/pythonpath/EnsoMetrics/EnsoUvcdatToolsLib.py:5771: UserWarning: Generated land mask is entirely ocean for this region. This may be expected if the region is all ocean.
  sft = cdutil.generateLandSeaMask(d(*(slice(0, 1),) * n),debug=False) * 100.0
/scratch/p66/ars599/enso_metrics_cache/pythonpath/EnsoMetrics/EnsoUvcdatToolsLib.py:7303: UserWarning: areacell is None for variable 'unknown'; synthesising cosine-latitude weights. Provide areacella/sftlf for accurate spatial averages.
  tab, keyerror = dict_average[average](tab, areacell, region=region, **kwargs)
/scratch/p66/ars599/enso_metrics_cache/pythonpath/EnsoMetrics/EnsoUvcdatToolsLib.py:7303: UserWarning: areacell is None for variable 'unknown'; synthesising cosine-latitude weights. Provide areacella/sftlf for accurate spatial averages.
  tab, keyerror = dict_average[average](tab, areacell, region=region, **kwargs)
/scratch/p66/ars599/enso_metrics_cache/pythonpath/EnsoMetrics/EnsoUvcdatToolsLib.py:7303: UserWarning: areacell is None for variable 'unknown'; synthesising cosine-latitude weights. Provide areacella/sftlf for accurate spatial averages.
  tab, keyerror = dict_average[average](tab, areacell, region=region, **kwargs)
/scratch/p66/ars599/enso_metrics_cache/pythonpath/EnsoMetrics/EnsoUvcdatToolsLib.py:7303: UserWarning: areacell is None for variable 'unknown'; synthesising cosine-latitude weights. Provide areacella/sftlf for accurate spatial averages.
  tab, keyerror = dict_average[average](tab, areacell, region=region, **kwargs)
/scratch/p66/ars599/enso_metrics_cache/pythonpath/EnsoMetrics/EnsoUvcdatToolsLib.py:7303: UserWarning: areacell is None for variable 'unknown'; synthesising cosine-latitude weights. Provide areacella/sftlf for accurate spatial averages.
  tab, keyerror = dict_average[average](tab, areacell, region=region, **kwargs)
/scratch/p66/ars599/enso_metrics_cache/pythonpath/EnsoMetrics/EnsoUvcdatToolsLib.py:7406: UserWarning: areacell is None for variable 'tos'; synthesising cosine-latitude weights. Provide areacella/sftlf for accurate spatial averages.
  variable, areacell, keyerror3 = Read_mask_area(
/scratch/p66/ars599/enso_metrics_cache/pythonpath/EnsoMetrics/EnsoUvcdatToolsLib.py:5771: UserWarning: Generated land mask is entirely ocean for this region. This may be expected if the region is all ocean.
  sft = cdutil.generateLandSeaMask(d(*(slice(0, 1),) * n),debug=False) * 100.0
/scratch/p66/ars599/enso_metrics_cache/pythonpath/EnsoMetrics/EnsoUvcdatToolsLib.py:7406: UserWarning: areacell is None for variable 'tos'; synthesising cosine-latitude weights. Provide areacella/sftlf for accurate spatial averages.
  variable, areacell, keyerror3 = Read_mask_area(
/scratch/p66/ars599/enso_metrics_cache/pythonpath/EnsoMetrics/EnsoUvcdatToolsLib.py:7406: UserWarning: areacell is None for variable 'tos'; synthesising cosine-latitude weights. Provide areacella/sftlf for accurate spatial averages.
  variable, areacell, keyerror3 = Read_mask_area(
/scratch/p66/ars599/enso_metrics_cache/pythonpath/EnsoMetrics/EnsoUvcdatToolsLib.py:5771: UserWarning: Generated land mask is entirely ocean for this region. This may be expected if the region is all ocean.
  sft = cdutil.generateLandSeaMask(d(*(slice(0, 1),) * n),debug=False) * 100.0
/scratch/p66/ars599/enso_metrics_cache/pythonpath/EnsoMetrics/EnsoUvcdatToolsLib.py:5771: UserWarning: Generated land mask is entirely ocean for this region. This may be expected if the region is all ocean.
  sft = cdutil.generateLandSeaMask(d(*(slice(0, 1),) * n),debug=False) * 100.0
/scratch/p66/ars599/enso_metrics_cache/pythonpath/EnsoMetrics/EnsoMetricsLib.py:7820: UserWarning: areacell is None for variable 'unknown'; synthesising cosine-latitude weights. Provide areacella/sftlf for accurate spatial averages.
  sst_map, keyerror1 = AverageMeridional(sst_map)
/scratch/p66/ars599/enso_metrics_cache/pythonpath/EnsoMetrics/EnsoMetricsLib.py:7821: UserWarning: areacell is None for variable 'unknown'; synthesising cosine-latitude weights. Provide areacella/sftlf for accurate spatial averages.
  thf_map, keyerror2 = AverageMeridional(thf_map)
/scratch/p66/ars599/enso_metrics_cache/pythonpath/EnsoMetrics/EnsoUvcdatToolsLib.py:7406: UserWarning: areacell is None for variable 'tos'; synthesising cosine-latitude weights. Provide areacella/sftlf for accurate spatial averages.
  variable, areacell, keyerror3 = Read_mask_area(
/scratch/p66/ars599/enso_metrics_cache/pythonpath/EnsoMetrics/EnsoMetricsLib.py:7820: UserWarning: areacell is None for variable 'unknown'; synthesising cosine-latitude weights. Provide areacella/sftlf for accurate spatial averages.
  sst_map, keyerror1 = AverageMeridional(sst_map)
/scratch/p66/ars599/enso_metrics_cache/pythonpath/EnsoMetrics/EnsoMetricsLib.py:7821: UserWarning: areacell is None for variable 'unknown'; synthesising cosine-latitude weights. Provide areacella/sftlf for accurate spatial averages.
  thf_map, keyerror2 = AverageMeridional(thf_map)
/scratch/p66/ars599/enso_metrics_cache/pythonpath/EnsoMetrics/EnsoUvcdatToolsLib.py:7406: UserWarning: areacell is None for variable 'tos'; synthesising cosine-latitude weights. Provide areacella/sftlf for accurate spatial averages.
  variable, areacell, keyerror3 = Read_mask_area(
/scratch/p66/ars599/enso_metrics_cache/pythonpath/EnsoMetrics/EnsoMetricsLib.py:7820: UserWarning: areacell is None for variable 'unknown'; synthesising cosine-latitude weights. Provide areacella/sftlf for accurate spatial averages.
  sst_map, keyerror1 = AverageMeridional(sst_map)
/scratch/p66/ars599/enso_metrics_cache/pythonpath/EnsoMetrics/EnsoMetricsLib.py:7821: UserWarning: areacell is None for variable 'unknown'; synthesising cosine-latitude weights. Provide areacella/sftlf for accurate spatial averages.
  thf_map, keyerror2 = AverageMeridional(thf_map)
/scratch/p66/ars599/enso_metrics_cache/pythonpath/EnsoMetrics/EnsoUvcdatToolsLib.py:5771: UserWarning: Generated land mask is entirely ocean for this region. This may be expected if the region is all ocean.
  sft = cdutil.generateLandSeaMask(d(*(slice(0, 1),) * n),debug=False) * 100.0
/scratch/p66/ars599/enso_metrics_cache/pythonpath/EnsoMetrics/EnsoUvcdatToolsLib.py:7406: UserWarning: areacell is None for variable 'tos'; synthesising cosine-latitude weights. Provide areacella/sftlf for accurate spatial averages.
  variable, areacell, keyerror3 = Read_mask_area(
/scratch/p66/ars599/enso_metrics_cache/pythonpath/EnsoMetrics/EnsoUvcdatToolsLib.py:7406: UserWarning: areacell is None for variable 'tos'; synthesising cosine-latitude weights. Provide areacella/sftlf for accurate spatial averages.
  variable, areacell, keyerror3 = Read_mask_area(
/scratch/p66/ars599/enso_metrics_cache/pythonpath/EnsoMetrics/EnsoUvcdatToolsLib.py:7406: UserWarning: areacell is None for variable 'tos'; synthesising cosine-latitude weights. Provide areacella/sftlf for accurate spatial averages.
  variable, areacell, keyerror3 = Read_mask_area(
/scratch/p66/ars599/enso_metrics_cache/pythonpath/EnsoMetrics/EnsoUvcdatToolsLib.py:7303: UserWarning: areacell is None for variable 'unknown'; synthesising cosine-latitude weights. Provide areacella/sftlf for accurate spatial averages.
  tab, keyerror = dict_average[average](tab, areacell, region=region, **kwargs)
/scratch/p66/ars599/enso_metrics_cache/pythonpath/EnsoMetrics/EnsoUvcdatToolsLib.py:7406: UserWarning: areacell is None for variable 'tos'; synthesising cosine-latitude weights. Provide areacella/sftlf for accurate spatial averages.
  variable, areacell, keyerror3 = Read_mask_area(
/scratch/p66/ars599/enso_metrics_cache/pythonpath/EnsoMetrics/EnsoUvcdatToolsLib.py:5771: UserWarning: Generated land mask is entirely ocean for this region. This may be expected if the region is all ocean.
  sft = cdutil.generateLandSeaMask(d(*(slice(0, 1),) * n),debug=False) * 100.0
/scratch/p66/ars599/enso_metrics_cache/pythonpath/EnsoMetrics/EnsoUvcdatToolsLib.py:5771: UserWarning: Generated land mask is entirely ocean for this region. This may be expected if the region is all ocean.
  sft = cdutil.generateLandSeaMask(d(*(slice(0, 1),) * n),debug=False) * 100.0
/scratch/p66/ars599/enso_metrics_cache/pythonpath/EnsoMetrics/EnsoUvcdatToolsLib.py:7303: UserWarning: areacell is None for variable 'unknown'; synthesising cosine-latitude weights. Provide areacella/sftlf for accurate spatial averages.
  tab, keyerror = dict_average[average](tab, areacell, region=region, **kwargs)
/scratch/p66/ars599/enso_metrics_cache/pythonpath/EnsoMetrics/EnsoUvcdatToolsLib.py:7303: UserWarning: areacell is None for variable 'unknown'; synthesising cosine-latitude weights. Provide areacella/sftlf for accurate spatial averages.
  tab, keyerror = dict_average[average](tab, areacell, region=region, **kwargs)
/scratch/p66/ars599/enso_metrics_cache/pythonpath/EnsoMetrics/EnsoUvcdatToolsLib.py:7303: UserWarning: areacell is None for variable 'unknown'; synthesising cosine-latitude weights. Provide areacella/sftlf for accurate spatial averages.
  tab, keyerror = dict_average[average](tab, areacell, region=region, **kwargs)
/scratch/p66/ars599/enso_metrics_cache/pythonpath/EnsoMetrics/EnsoUvcdatToolsLib.py:7303: UserWarning: areacell is None for variable 'unknown'; synthesising cosine-latitude weights. Provide areacella/sftlf for accurate spatial averages.
  tab, keyerror = dict_average[average](tab, areacell, region=region, **kwargs)
/scratch/p66/ars599/enso_metrics_cache/pythonpath/EnsoMetrics/EnsoUvcdatToolsLib.py:7303: UserWarning: areacell is None for variable 'unknown'; synthesising cosine-latitude weights. Provide areacella/sftlf for accurate spatial averages.
  tab, keyerror = dict_average[average](tab, areacell, region=region, **kwargs)
/scratch/p66/ars599/enso_metrics_cache/pythonpath/EnsoMetrics/EnsoUvcdatToolsLib.py:7406: UserWarning: areacell is None for variable 'tos'; synthesising cosine-latitude weights. Provide areacella/sftlf for accurate spatial averages.
  variable, areacell, keyerror3 = Read_mask_area(
/scratch/p66/ars599/enso_metrics_cache/pythonpath/EnsoMetrics/EnsoUvcdatToolsLib.py:5771: UserWarning: Generated land mask is entirely ocean for this region. This may be expected if the region is all ocean.
  sft = cdutil.generateLandSeaMask(d(*(slice(0, 1),) * n),debug=False) * 100.0
/scratch/p66/ars599/enso_metrics_cache/pythonpath/EnsoMetrics/EnsoUvcdatToolsLib.py:7406: UserWarning: areacell is None for variable 'tos'; synthesising cosine-latitude weights. Provide areacella/sftlf for accurate spatial averages.
  variable, areacell, keyerror3 = Read_mask_area(
/scratch/p66/ars599/enso_metrics_cache/pythonpath/EnsoMetrics/EnsoUvcdatToolsLib.py:7406: UserWarning: areacell is None for variable 'tos'; synthesising cosine-latitude weights. Provide areacella/sftlf for accurate spatial averages.
  variable, areacell, keyerror3 = Read_mask_area(
/scratch/p66/ars599/enso_metrics_cache/pythonpath/EnsoMetrics/EnsoUvcdatToolsLib.py:5771: UserWarning: Generated land mask is entirely ocean for this region. This may be expected if the region is all ocean.
  sft = cdutil.generateLandSeaMask(d(*(slice(0, 1),) * n),debug=False) * 100.0
/scratch/p66/ars599/enso_metrics_cache/pythonpath/EnsoMetrics/EnsoUvcdatToolsLib.py:5771: UserWarning: Generated land mask is entirely ocean for this region. This may be expected if the region is all ocean.
  sft = cdutil.generateLandSeaMask(d(*(slice(0, 1),) * n),debug=False) * 100.0
/scratch/p66/ars599/enso_metrics_cache/pythonpath/EnsoMetrics/EnsoMetricsLib.py:7820: UserWarning: areacell is None for variable 'unknown'; synthesising cosine-latitude weights. Provide areacella/sftlf for accurate spatial averages.
  sst_map, keyerror1 = AverageMeridional(sst_map)
/scratch/p66/ars599/enso_metrics_cache/pythonpath/EnsoMetrics/EnsoMetricsLib.py:7821: UserWarning: areacell is None for variable 'unknown'; synthesising cosine-latitude weights. Provide areacella/sftlf for accurate spatial averages.
  thf_map, keyerror2 = AverageMeridional(thf_map)
/scratch/p66/ars599/enso_metrics_cache/pythonpath/EnsoMetrics/EnsoMetricsLib.py:7820: UserWarning: areacell is None for variable 'unknown'; synthesising cosine-latitude weights. Provide areacella/sftlf for accurate spatial averages.
  sst_map, keyerror1 = AverageMeridional(sst_map)
/scratch/p66/ars599/enso_metrics_cache/pythonpath/EnsoMetrics/EnsoMetricsLib.py:7821: UserWarning: areacell is None for variable 'unknown'; synthesising cosine-latitude weights. Provide areacella/sftlf for accurate spatial averages.
  thf_map, keyerror2 = AverageMeridional(thf_map)
/scratch/p66/ars599/enso_metrics_cache/pythonpath/EnsoMetrics/EnsoMetricsLib.py:7820: UserWarning: areacell is None for variable 'unknown'; synthesising cosine-latitude weights. Provide areacella/sftlf for accurate spatial averages.
  sst_map, keyerror1 = AverageMeridional(sst_map)
/scratch/p66/ars599/enso_metrics_cache/pythonpath/EnsoMetrics/EnsoMetricsLib.py:7821: UserWarning: areacell is None for variable 'unknown'; synthesising cosine-latitude weights. Provide areacella/sftlf for accurate spatial averages.
  thf_map, keyerror2 = AverageMeridional(thf_map)
/scratch/p66/ars599/enso_metrics_cache/pythonpath/EnsoMetrics/EnsoMetricsLib.py:11532: UserWarning: areacell is None for variable 'unknown'; synthesising cosine-latitude weights. Provide areacella/sftlf for accurate spatial averages.
  sst2, keyerror1 = AverageMeridional(sst2)
/scratch/p66/ars599/enso_metrics_cache/pythonpath/EnsoMetrics/EnsoMetricsLib.py:11533: UserWarning: areacell is None for variable 'unknown'; synthesising cosine-latitude weights. Provide areacella/sftlf for accurate spatial averages.
  sst3_NDJ, keyerror2 = AverageMeridional(sst3_NDJ)
/scratch/p66/ars599/enso_metrics_cache/pythonpath/EnsoMetrics/EnsoMetricsLib.py:11534: UserWarning: areacell is None for variable 'unknown'; synthesising cosine-latitude weights. Provide areacella/sftlf for accurate spatial averages.
  sst3_MAM, keyerror3 = AverageMeridional(sst3_MAM)
/scratch/p66/ars599/enso_metrics_cache/pythonpath/EnsoMetrics/EnsoUvcdatToolsLib.py:7406: UserWarning: areacell is None for variable 'tos'; synthesising cosine-latitude weights. Provide areacella/sftlf for accurate spatial averages.
  variable, areacell, keyerror3 = Read_mask_area(
/scratch/p66/ars599/enso_metrics_cache/pythonpath/EnsoMetrics/EnsoUvcdatToolsLib.py:7303: UserWarning: areacell is None for variable 'unknown'; synthesising cosine-latitude weights. Provide areacella/sftlf for accurate spatial averages.
  tab, keyerror = dict_average[average](tab, areacell, region=region, **kwargs)
/scratch/p66/ars599/enso_metrics_cache/pythonpath/EnsoMetrics/EnsoUvcdatToolsLib.py:7303: UserWarning: areacell is None for variable 'unknown'; synthesising cosine-latitude weights. Provide areacella/sftlf for accurate spatial averages.
  tab, keyerror = dict_average[average](tab, areacell, region=region, **kwargs)
/scratch/p66/ars599/enso_metrics_cache/pythonpath/EnsoMetrics/EnsoUvcdatToolsLib.py:7406: UserWarning: areacell is None for variable 'tos'; synthesising cosine-latitude weights. Provide areacella/sftlf for accurate spatial averages.
  variable, areacell, keyerror3 = Read_mask_area(
/scratch/p66/ars599/enso_metrics_cache/pythonpath/EnsoMetrics/EnsoUvcdatToolsLib.py:7406: UserWarning: areacell is None for variable 'tos'; synthesising cosine-latitude weights. Provide areacella/sftlf for accurate spatial averages.
  variable, areacell, keyerror3 = Read_mask_area(
/scratch/p66/ars599/enso_metrics_cache/pythonpath/EnsoMetrics/EnsoMetricsLib.py:11532: UserWarning: areacell is None for variable 'unknown'; synthesising cosine-latitude weights. Provide areacella/sftlf for accurate spatial averages.
  sst2, keyerror1 = AverageMeridional(sst2)
/scratch/p66/ars599/enso_metrics_cache/pythonpath/EnsoMetrics/EnsoMetricsLib.py:11533: UserWarning: areacell is None for variable 'unknown'; synthesising cosine-latitude weights. Provide areacella/sftlf for accurate spatial averages.
  sst3_NDJ, keyerror2 = AverageMeridional(sst3_NDJ)
/scratch/p66/ars599/enso_metrics_cache/pythonpath/EnsoMetrics/EnsoMetricsLib.py:11534: UserWarning: areacell is None for variable 'unknown'; synthesising cosine-latitude weights. Provide areacella/sftlf for accurate spatial averages.
  sst3_MAM, keyerror3 = AverageMeridional(sst3_MAM)
/scratch/p66/ars599/enso_metrics_cache/pythonpath/EnsoMetrics/EnsoUvcdatToolsLib.py:7406: UserWarning: areacell is None for variable 'tos'; synthesising cosine-latitude weights. Provide areacella/sftlf for accurate spatial averages.
  variable, areacell, keyerror3 = Read_mask_area(
/scratch/p66/ars599/enso_metrics_cache/pythonpath/EnsoMetrics/EnsoUvcdatToolsLib.py:7303: UserWarning: areacell is None for variable 'unknown'; synthesising cosine-latitude weights. Provide areacella/sftlf for accurate spatial averages.
  tab, keyerror = dict_average[average](tab, areacell, region=region, **kwargs)
/scratch/p66/ars599/enso_metrics_cache/pythonpath/EnsoMetrics/EnsoUvcdatToolsLib.py:7303: UserWarning: areacell is None for variable 'unknown'; synthesising cosine-latitude weights. Provide areacella/sftlf for accurate spatial averages.
  tab, keyerror = dict_average[average](tab, areacell, region=region, **kwargs)
/scratch/p66/ars599/enso_metrics_cache/pythonpath/EnsoMetrics/EnsoUvcdatToolsLib.py:7406: UserWarning: areacell is None for variable 'tos'; synthesising cosine-latitude weights. Provide areacella/sftlf for accurate spatial averages.
  variable, areacell, keyerror3 = Read_mask_area(
/scratch/p66/ars599/enso_metrics_cache/pythonpath/EnsoMetrics/EnsoUvcdatToolsLib.py:7406: UserWarning: areacell is None for variable 'tos'; synthesising cosine-latitude weights. Provide areacella/sftlf for accurate spatial averages.
  variable, areacell, keyerror3 = Read_mask_area(
/scratch/p66/ars599/enso_metrics_cache/pythonpath/EnsoMetrics/EnsoMetricsLib.py:11532: UserWarning: areacell is None for variable 'unknown'; synthesising cosine-latitude weights. Provide areacella/sftlf for accurate spatial averages.
  sst2, keyerror1 = AverageMeridional(sst2)
/scratch/p66/ars599/enso_metrics_cache/pythonpath/EnsoMetrics/EnsoMetricsLib.py:11533: UserWarning: areacell is None for variable 'unknown'; synthesising cosine-latitude weights. Provide areacella/sftlf for accurate spatial averages.
  sst3_NDJ, keyerror2 = AverageMeridional(sst3_NDJ)
/scratch/p66/ars599/enso_metrics_cache/pythonpath/EnsoMetrics/EnsoMetricsLib.py:11534: UserWarning: areacell is None for variable 'unknown'; synthesising cosine-latitude weights. Provide areacella/sftlf for accurate spatial averages.
  sst3_MAM, keyerror3 = AverageMeridional(sst3_MAM)
/scratch/p66/ars599/enso_metrics_cache/pythonpath/EnsoMetrics/EnsoUvcdatToolsLib.py:2063: FutureWarning: In a future version of xarray the default value for data_vars will change from data_vars='all' to data_vars=None. This is likely to lead to different results when multiple datasets have matching variables with overlapping values. To opt in to new defaults and get rid of these warnings now use `set_options(use_new_combine_kwarg_defaults=True) or set data_vars explicitly.
  ds_raw = xr.combine_by_coords(
/scratch/p66/ars599/enso_metrics_cache/pythonpath/EnsoMetrics/EnsoMetricsLib.py:8494: UserWarning: areacell is None for variable 'unknown'; synthesising cosine-latitude weights. Provide areacella/sftlf for accurate spatial averages.
  sst_map, keyerror1 = AverageMeridional(sst_map)
/scratch/p66/ars599/enso_metrics_cache/pythonpath/EnsoMetrics/EnsoMetricsLib.py:8494: UserWarning: areacell is None for variable 'unknown'; synthesising cosine-latitude weights. Provide areacella/sftlf for accurate spatial averages.
  sst_map, keyerror1 = AverageMeridional(sst_map)
/scratch/p66/ars599/enso_metrics_cache/pythonpath/EnsoMetrics/EnsoMetricsLib.py:8494: UserWarning: areacell is None for variable 'unknown'; synthesising cosine-latitude weights. Provide areacella/sftlf for accurate spatial averages.
  sst_map, keyerror1 = AverageMeridional(sst_map)
/scratch/p66/ars599/enso_metrics_cache/pythonpath/EnsoMetrics/EnsoMetricsLib.py:8495: UserWarning: areacell is None for variable 'unknown'; synthesising cosine-latitude weights. Provide areacella/sftlf for accurate spatial averages.
  ssh_map, keyerror2 = AverageMeridional(ssh_map)
/scratch/p66/ars599/enso_metrics_cache/pythonpath/EnsoMetrics/EnsoMetricsLib.py:8495: UserWarning: areacell is None for variable 'unknown'; synthesising cosine-latitude weights. Provide areacella/sftlf for accurate spatial averages.
  ssh_map, keyerror2 = AverageMeridional(ssh_map)
/scratch/p66/ars599/enso_metrics_cache/pythonpath/EnsoMetrics/EnsoMetricsLib.py:8495: UserWarning: areacell is None for variable 'unknown'; synthesising cosine-latitude weights. Provide areacella/sftlf for accurate spatial averages.
  ssh_map, keyerror2 = AverageMeridional(ssh_map)
/scratch/p66/ars599/enso_metrics_cache/pythonpath/EnsoMetrics/EnsoUvcdatToolsLib.py:7406: UserWarning: areacell is None for variable 'tos'; synthesising cosine-latitude weights. Provide areacella/sftlf for accurate spatial averages.
  variable, areacell, keyerror3 = Read_mask_area(
/scratch/p66/ars599/enso_metrics_cache/pythonpath/EnsoMetrics/EnsoUvcdatToolsLib.py:7406: UserWarning: areacell is None for variable 'tos'; synthesising cosine-latitude weights. Provide areacella/sftlf for accurate spatial averages.
  variable, areacell, keyerror3 = Read_mask_area(
/scratch/p66/ars599/enso_metrics_cache/pythonpath/EnsoMetrics/EnsoUvcdatToolsLib.py:7406: UserWarning: areacell is None for variable 'tos'; synthesising cosine-latitude weights. Provide areacella/sftlf for accurate spatial averages.
  variable, areacell, keyerror3 = Read_mask_area(
/scratch/p66/ars599/enso_metrics_cache/pythonpath/EnsoMetrics/EnsoUvcdatToolsLib.py:7406: UserWarning: areacell is None for variable 'tos'; synthesising cosine-latitude weights. Provide areacella/sftlf for accurate spatial averages.
  variable, areacell, keyerror3 = Read_mask_area(
/scratch/p66/ars599/enso_metrics_cache/pythonpath/EnsoMetrics/EnsoUvcdatToolsLib.py:2063: FutureWarning: In a future version of xarray the default value for data_vars will change from data_vars='all' to data_vars=None. This is likely to lead to different results when multiple datasets have matching variables with overlapping values. To opt in to new defaults and get rid of these warnings now use `set_options(use_new_combine_kwarg_defaults=True) or set data_vars explicitly.
  ds_raw = xr.combine_by_coords(
/scratch/p66/ars599/enso_metrics_cache/pythonpath/EnsoMetrics/EnsoUvcdatToolsLib.py:7406: UserWarning: areacell is None for variable 'zos'; synthesising cosine-latitude weights. Provide areacella/sftlf for accurate spatial averages.
  variable, areacell, keyerror3 = Read_mask_area(
/scratch/p66/ars599/enso_metrics_cache/pythonpath/EnsoMetrics/EnsoUvcdatToolsLib.py:7406: UserWarning: areacell is None for variable 'zos'; synthesising cosine-latitude weights. Provide areacella/sftlf for accurate spatial averages.
  variable, areacell, keyerror3 = Read_mask_area(
/scratch/p66/ars599/enso_metrics_cache/pythonpath/EnsoMetrics/EnsoUvcdatToolsLib.py:7406: UserWarning: areacell is None for variable 'zos'; synthesising cosine-latitude weights. Provide areacella/sftlf for accurate spatial averages.
  variable, areacell, keyerror3 = Read_mask_area(
/scratch/p66/ars599/enso_metrics_cache/pythonpath/EnsoMetrics/EnsoUvcdatToolsLib.py:7303: UserWarning: areacell is None for variable 'unknown'; synthesising cosine-latitude weights. Provide areacella/sftlf for accurate spatial averages.
  tab, keyerror = dict_average[average](tab, areacell, region=region, **kwargs)
/scratch/p66/ars599/enso_metrics_cache/pythonpath/EnsoMetrics/EnsoUvcdatToolsLib.py:7303: UserWarning: areacell is None for variable 'unknown'; synthesising cosine-latitude weights. Provide areacella/sftlf for accurate spatial averages.
  tab, keyerror = dict_average[average](tab, areacell, region=region, **kwargs)
/scratch/p66/ars599/enso_metrics_cache/pythonpath/EnsoMetrics/EnsoUvcdatToolsLib.py:7303: UserWarning: areacell is None for variable 'unknown'; synthesising cosine-latitude weights. Provide areacella/sftlf for accurate spatial averages.
  tab, keyerror = dict_average[average](tab, areacell, region=region, **kwargs)
/scratch/p66/ars599/enso_metrics_cache/pythonpath/EnsoMetrics/EnsoUvcdatToolsLib.py:7303: UserWarning: areacell is None for variable 'unknown'; synthesising cosine-latitude weights. Provide areacella/sftlf for accurate spatial averages.
  tab, keyerror = dict_average[average](tab, areacell, region=region, **kwargs)
/scratch/p66/ars599/enso_metrics_cache/pythonpath/EnsoMetrics/EnsoUvcdatToolsLib.py:7303: UserWarning: areacell is None for variable 'unknown'; synthesising cosine-latitude weights. Provide areacella/sftlf for accurate spatial averages.
  tab, keyerror = dict_average[average](tab, areacell, region=region, **kwargs)
/scratch/p66/ars599/enso_metrics_cache/pythonpath/EnsoMetrics/EnsoUvcdatToolsLib.py:7303: UserWarning: areacell is None for variable 'unknown'; synthesising cosine-latitude weights. Provide areacella/sftlf for accurate spatial averages.
  tab, keyerror = dict_average[average](tab, areacell, region=region, **kwargs)
/scratch/p66/ars599/enso_metrics_cache/pythonpath/EnsoMetrics/EnsoUvcdatToolsLib.py:7406: UserWarning: areacell is None for variable 'tos'; synthesising cosine-latitude weights. Provide areacella/sftlf for accurate spatial averages.
  variable, areacell, keyerror3 = Read_mask_area(
/scratch/p66/ars599/enso_metrics_cache/pythonpath/EnsoMetrics/EnsoUvcdatToolsLib.py:7406: UserWarning: areacell is None for variable 'tos'; synthesising cosine-latitude weights. Provide areacella/sftlf for accurate spatial averages.
  variable, areacell, keyerror3 = Read_mask_area(
/scratch/p66/ars599/enso_metrics_cache/pythonpath/EnsoMetrics/EnsoUvcdatToolsLib.py:7406: UserWarning: areacell is None for variable 'tos'; synthesising cosine-latitude weights. Provide areacella/sftlf for accurate spatial averages.
  variable, areacell, keyerror3 = Read_mask_area(
/scratch/p66/ars599/enso_metrics_cache/pythonpath/EnsoMetrics/EnsoUvcdatToolsLib.py:7406: UserWarning: areacell is None for variable 'zos'; synthesising cosine-latitude weights. Provide areacella/sftlf for accurate spatial averages.
  variable, areacell, keyerror3 = Read_mask_area(
/scratch/p66/ars599/enso_metrics_cache/pythonpath/EnsoMetrics/EnsoUvcdatToolsLib.py:7406: UserWarning: areacell is None for variable 'zos'; synthesising cosine-latitude weights. Provide areacella/sftlf for accurate spatial averages.
  variable, areacell, keyerror3 = Read_mask_area(
/scratch/p66/ars599/enso_metrics_cache/pythonpath/EnsoMetrics/EnsoUvcdatToolsLib.py:7406: UserWarning: areacell is None for variable 'zos'; synthesising cosine-latitude weights. Provide areacella/sftlf for accurate spatial averages.
  variable, areacell, keyerror3 = Read_mask_area(
/scratch/p66/ars599/enso_metrics_cache/pythonpath/EnsoMetrics/EnsoMetricsLib.py:8494: UserWarning: areacell is None for variable 'unknown'; synthesising cosine-latitude weights. Provide areacella/sftlf for accurate spatial averages.
  sst_map, keyerror1 = AverageMeridional(sst_map)
/scratch/p66/ars599/enso_metrics_cache/pythonpath/EnsoMetrics/EnsoMetricsLib.py:8495: UserWarning: areacell is None for variable 'unknown'; synthesising cosine-latitude weights. Provide areacella/sftlf for accurate spatial averages.
  ssh_map, keyerror2 = AverageMeridional(ssh_map)
/scratch/p66/ars599/enso_metrics_cache/pythonpath/EnsoMetrics/EnsoMetricsLib.py:8494: UserWarning: areacell is None for variable 'unknown'; synthesising cosine-latitude weights. Provide areacella/sftlf for accurate spatial averages.
  sst_map, keyerror1 = AverageMeridional(sst_map)
/scratch/p66/ars599/enso_metrics_cache/pythonpath/EnsoMetrics/EnsoMetricsLib.py:8495: UserWarning: areacell is None for variable 'unknown'; synthesising cosine-latitude weights. Provide areacella/sftlf for accurate spatial averages.
  ssh_map, keyerror2 = AverageMeridional(ssh_map)
/scratch/p66/ars599/enso_metrics_cache/pythonpath/EnsoMetrics/EnsoMetricsLib.py:8494: UserWarning: areacell is None for variable 'unknown'; synthesising cosine-latitude weights. Provide areacella/sftlf for accurate spatial averages.
  sst_map, keyerror1 = AverageMeridional(sst_map)
/scratch/p66/ars599/enso_metrics_cache/pythonpath/EnsoMetrics/EnsoMetricsLib.py:8495: UserWarning: areacell is None for variable 'unknown'; synthesising cosine-latitude weights. Provide areacella/sftlf for accurate spatial averages.
  ssh_map, keyerror2 = AverageMeridional(ssh_map)
/scratch/p66/ars599/enso_metrics_cache/pythonpath/EnsoMetrics/EnsoUvcdatToolsLib.py:7406: UserWarning: areacell is None for variable 'tos'; synthesising cosine-latitude weights. Provide areacella/sftlf for accurate spatial averages.
  variable, areacell, keyerror3 = Read_mask_area(
/scratch/p66/ars599/enso_metrics_cache/pythonpath/EnsoMetrics/EnsoUvcdatToolsLib.py:7406: UserWarning: areacell is None for variable 'tos'; synthesising cosine-latitude weights. Provide areacella/sftlf for accurate spatial averages.
  variable, areacell, keyerror3 = Read_mask_area(
/scratch/p66/ars599/enso_metrics_cache/pythonpath/EnsoMetrics/EnsoUvcdatToolsLib.py:7406: UserWarning: areacell is None for variable 'tos'; synthesising cosine-latitude weights. Provide areacella/sftlf for accurate spatial averages.
  variable, areacell, keyerror3 = Read_mask_area(
/scratch/p66/ars599/enso_metrics_cache/pythonpath/EnsoMetrics/EnsoUvcdatToolsLib.py:7406: UserWarning: areacell is None for variable 'zos'; synthesising cosine-latitude weights. Provide areacella/sftlf for accurate spatial averages.
  variable, areacell, keyerror3 = Read_mask_area(
/scratch/p66/ars599/enso_metrics_cache/pythonpath/EnsoMetrics/EnsoUvcdatToolsLib.py:7406: UserWarning: areacell is None for variable 'zos'; synthesising cosine-latitude weights. Provide areacella/sftlf for accurate spatial averages.
  variable, areacell, keyerror3 = Read_mask_area(
/scratch/p66/ars599/enso_metrics_cache/pythonpath/EnsoMetrics/EnsoUvcdatToolsLib.py:7303: UserWarning: areacell is None for variable 'unknown'; synthesising cosine-latitude weights. Provide areacella/sftlf for accurate spatial averages.
  tab, keyerror = dict_average[average](tab, areacell, region=region, **kwargs)
/scratch/p66/ars599/enso_metrics_cache/pythonpath/EnsoMetrics/EnsoUvcdatToolsLib.py:7406: UserWarning: areacell is None for variable 'zos'; synthesising cosine-latitude weights. Provide areacella/sftlf for accurate spatial averages.
  variable, areacell, keyerror3 = Read_mask_area(
/scratch/p66/ars599/enso_metrics_cache/pythonpath/EnsoMetrics/EnsoUvcdatToolsLib.py:7303: UserWarning: areacell is None for variable 'unknown'; synthesising cosine-latitude weights. Provide areacella/sftlf for accurate spatial averages.
  tab, keyerror = dict_average[average](tab, areacell, region=region, **kwargs)
/scratch/p66/ars599/enso_metrics_cache/pythonpath/EnsoMetrics/EnsoUvcdatToolsLib.py:7303: UserWarning: areacell is None for variable 'unknown'; synthesising cosine-latitude weights. Provide areacella/sftlf for accurate spatial averages.
  tab, keyerror = dict_average[average](tab, areacell, region=region, **kwargs)
/scratch/p66/ars599/enso_metrics_cache/pythonpath/EnsoMetrics/EnsoUvcdatToolsLib.py:7303: UserWarning: areacell is None for variable 'unknown'; synthesising cosine-latitude weights. Provide areacella/sftlf for accurate spatial averages.
  tab, keyerror = dict_average[average](tab, areacell, region=region, **kwargs)
/scratch/p66/ars599/enso_metrics_cache/pythonpath/EnsoMetrics/EnsoUvcdatToolsLib.py:7303: UserWarning: areacell is None for variable 'unknown'; synthesising cosine-latitude weights. Provide areacella/sftlf for accurate spatial averages.
  tab, keyerror = dict_average[average](tab, areacell, region=region, **kwargs)
/scratch/p66/ars599/enso_metrics_cache/pythonpath/EnsoMetrics/EnsoUvcdatToolsLib.py:7303: UserWarning: areacell is None for variable 'unknown'; synthesising cosine-latitude weights. Provide areacella/sftlf for accurate spatial averages.
  tab, keyerror = dict_average[average](tab, areacell, region=region, **kwargs)
/scratch/p66/ars599/enso_metrics_cache/pythonpath/EnsoMetrics/EnsoUvcdatToolsLib.py:7406: UserWarning: areacell is None for variable 'tos'; synthesising cosine-latitude weights. Provide areacella/sftlf for accurate spatial averages.
  variable, areacell, keyerror3 = Read_mask_area(
/scratch/p66/ars599/enso_metrics_cache/pythonpath/EnsoMetrics/EnsoUvcdatToolsLib.py:7406: UserWarning: areacell is None for variable 'tos'; synthesising cosine-latitude weights. Provide areacella/sftlf for accurate spatial averages.
  variable, areacell, keyerror3 = Read_mask_area(
/scratch/p66/ars599/enso_metrics_cache/pythonpath/EnsoMetrics/EnsoUvcdatToolsLib.py:7406: UserWarning: areacell is None for variable 'tos'; synthesising cosine-latitude weights. Provide areacella/sftlf for accurate spatial averages.
  variable, areacell, keyerror3 = Read_mask_area(
/scratch/p66/ars599/enso_metrics_cache/pythonpath/EnsoMetrics/EnsoUvcdatToolsLib.py:7406: UserWarning: areacell is None for variable 'zos'; synthesising cosine-latitude weights. Provide areacella/sftlf for accurate spatial averages.
  variable, areacell, keyerror3 = Read_mask_area(
/scratch/p66/ars599/enso_metrics_cache/pythonpath/EnsoMetrics/EnsoUvcdatToolsLib.py:7406: UserWarning: areacell is None for variable 'zos'; synthesising cosine-latitude weights. Provide areacella/sftlf for accurate spatial averages.
  variable, areacell, keyerror3 = Read_mask_area(
/scratch/p66/ars599/enso_metrics_cache/pythonpath/EnsoMetrics/EnsoUvcdatToolsLib.py:7406: UserWarning: areacell is None for variable 'zos'; synthesising cosine-latitude weights. Provide areacella/sftlf for accurate spatial averages.
  variable, areacell, keyerror3 = Read_mask_area(
/scratch/p66/ars599/enso_metrics_cache/pythonpath/EnsoMetrics/EnsoUvcdatToolsLib.py:7406: UserWarning: areacell is None for variable 'tos'; synthesising cosine-latitude weights. Provide areacella/sftlf for accurate spatial averages.
  variable, areacell, keyerror3 = Read_mask_area(
/scratch/p66/ars599/enso_metrics_cache/pythonpath/EnsoMetrics/EnsoMetricsLib.py:8494: UserWarning: areacell is None for variable 'unknown'; synthesising cosine-latitude weights. Provide areacella/sftlf for accurate spatial averages.
  sst_map, keyerror1 = AverageMeridional(sst_map)
/scratch/p66/ars599/enso_metrics_cache/pythonpath/EnsoMetrics/EnsoMetricsLib.py:8495: UserWarning: areacell is None for variable 'unknown'; synthesising cosine-latitude weights. Provide areacella/sftlf for accurate spatial averages.
  ssh_map, keyerror2 = AverageMeridional(ssh_map)
/scratch/p66/ars599/enso_metrics_cache/pythonpath/EnsoMetrics/EnsoMetricsLib.py:8494: UserWarning: areacell is None for variable 'unknown'; synthesising cosine-latitude weights. Provide areacella/sftlf for accurate spatial averages.
  sst_map, keyerror1 = AverageMeridional(sst_map)
/scratch/p66/ars599/enso_metrics_cache/pythonpath/EnsoMetrics/EnsoMetricsLib.py:8495: UserWarning: areacell is None for variable 'unknown'; synthesising cosine-latitude weights. Provide areacella/sftlf for accurate spatial averages.
  ssh_map, keyerror2 = AverageMeridional(ssh_map)
/scratch/p66/ars599/enso_metrics_cache/pythonpath/EnsoMetrics/EnsoMetricsLib.py:8494: UserWarning: areacell is None for variable 'unknown'; synthesising cosine-latitude weights. Provide areacella/sftlf for accurate spatial averages.
  sst_map, keyerror1 = AverageMeridional(sst_map)
/scratch/p66/ars599/enso_metrics_cache/pythonpath/EnsoMetrics/EnsoMetricsLib.py:8495: UserWarning: areacell is None for variable 'unknown'; synthesising cosine-latitude weights. Provide areacella/sftlf for accurate spatial averages.
  ssh_map, keyerror2 = AverageMeridional(ssh_map)
/scratch/p66/ars599/enso_metrics_cache/pythonpath/EnsoMetrics/EnsoUvcdatToolsLib.py:7303: UserWarning: areacell is None for variable 'unknown'; synthesising cosine-latitude weights. Provide areacella/sftlf for accurate spatial averages.
  tab, keyerror = dict_average[average](tab, areacell, region=region, **kwargs)
/scratch/p66/ars599/enso_metrics_cache/pythonpath/EnsoMetrics/EnsoMetricsLib.py:14907: UserWarning: areacell is None for variable 'unknown'; synthesising cosine-latitude weights. Provide areacella/sftlf for accurate spatial averages.
  sstlon_mod, keyerror_mod = AverageMeridional(sstmap_mod)
/scratch/p66/ars599/enso_metrics_cache/pythonpath/EnsoMetrics/EnsoMetricsLib.py:14908: UserWarning: areacell is None for variable 'unknown'; synthesising cosine-latitude weights. Provide areacella/sftlf for accurate spatial averages.
  sstlon_obs, keyerror_obs = AverageMeridional(sstmap_obs)
/scratch/p66/ars599/enso_metrics_cache/pythonpath/EnsoMetrics/EnsoUvcdatToolsLib.py:5552: UserWarning: areacell is None for variable 'tauu'; synthesising cosine-latitude weights. Provide areacella/sftlf for accurate spatial averages.
  taux, keyerror = AverageHorizontal(taux, region="nino4")
/scratch/p66/ars599/enso_metrics_cache/pythonpath/EnsoMetrics/EnsoUvcdatToolsLib.py:5552: UserWarning: areacell is None for variable 'tauu'; synthesising cosine-latitude weights. Provide areacella/sftlf for accurate spatial averages.
  taux, keyerror = AverageHorizontal(taux, region="nino4")
/scratch/p66/ars599/enso_metrics_cache/pythonpath/EnsoMetrics/EnsoUvcdatToolsLib.py:5552: UserWarning: areacell is None for variable 'tauu'; synthesising cosine-latitude weights. Provide areacella/sftlf for accurate spatial averages.
  taux, keyerror = AverageHorizontal(taux, region="nino4")
/scratch/p66/ars599/enso_metrics_cache/pythonpath/EnsoMetrics/EnsoUvcdatToolsLib.py:2063: FutureWarning: In a future version of xarray the default value for data_vars will change from data_vars='all' to data_vars=None. This is likely to lead to different results when multiple datasets have matching variables with overlapping values. To opt in to new defaults and get rid of these warnings now use `set_options(use_new_combine_kwarg_defaults=True) or set data_vars explicitly.
  ds_raw = xr.combine_by_coords(
/scratch/p66/ars599/enso_metrics_cache/pythonpath/EnsoMetrics/EnsoUvcdatToolsLib.py:5552: UserWarning: areacell is None for variable 'tauu'; synthesising cosine-latitude weights. Provide areacella/sftlf for accurate spatial averages.
  taux, keyerror = AverageHorizontal(taux, region="nino4")
/scratch/p66/ars599/enso_metrics_cache/pythonpath/EnsoMetrics/EnsoUvcdatToolsLib.py:5771: UserWarning: Generated land mask is entirely ocean for this region. This may be expected if the region is all ocean.
  sft = cdutil.generateLandSeaMask(d(*(slice(0, 1),) * n),debug=False) * 100.0
/scratch/p66/ars599/enso_metrics_cache/pythonpath/EnsoMetrics/EnsoUvcdatToolsLib.py:5552: UserWarning: areacell is None for variable 'tauu'; synthesising cosine-latitude weights. Provide areacella/sftlf for accurate spatial averages.
  taux, keyerror = AverageHorizontal(taux, region="nino4")
/scratch/p66/ars599/enso_metrics_cache/pythonpath/EnsoMetrics/EnsoUvcdatToolsLib.py:5771: UserWarning: Generated land mask is entirely ocean for this region. This may be expected if the region is all ocean.
  sft = cdutil.generateLandSeaMask(d(*(slice(0, 1),) * n),debug=False) * 100.0
/scratch/p66/ars599/enso_metrics_cache/pythonpath/EnsoMetrics/EnsoUvcdatToolsLib.py:5552: UserWarning: areacell is None for variable 'tauu'; synthesising cosine-latitude weights. Provide areacella/sftlf for accurate spatial averages.
  taux, keyerror = AverageHorizontal(taux, region="nino4")
/scratch/p66/ars599/enso_metrics_cache/pythonpath/EnsoMetrics/EnsoUvcdatToolsLib.py:5771: UserWarning: Generated land mask is entirely ocean for this region. This may be expected if the region is all ocean.
  sft = cdutil.generateLandSeaMask(d(*(slice(0, 1),) * n),debug=False) * 100.0
/scratch/p66/ars599/enso_metrics_cache/pythonpath/EnsoMetrics/EnsoMetricsLib.py:8129: UserWarning: areacell is None for variable 'unknown'; synthesising cosine-latitude weights. Provide areacella/sftlf for accurate spatial averages.
  taux_map, keyerror = AverageMeridional(taux_map)
/scratch/p66/ars599/enso_metrics_cache/pythonpath/EnsoMetrics/EnsoMetricsLib.py:8129: UserWarning: areacell is None for variable 'unknown'; synthesising cosine-latitude weights. Provide areacella/sftlf for accurate spatial averages.
  taux_map, keyerror = AverageMeridional(taux_map)
/scratch/p66/ars599/enso_metrics_cache/pythonpath/EnsoMetrics/EnsoMetricsLib.py:8129: UserWarning: areacell is None for variable 'unknown'; synthesising cosine-latitude weights. Provide areacella/sftlf for accurate spatial averages.
  taux_map, keyerror = AverageMeridional(taux_map)
/scratch/p66/ars599/enso_metrics_cache/pythonpath/EnsoMetrics/EnsoUvcdatToolsLib.py:7406: UserWarning: areacell is None for variable 'tos'; synthesising cosine-latitude weights. Provide areacella/sftlf for accurate spatial averages.
  variable, areacell, keyerror3 = Read_mask_area(
/scratch/p66/ars599/enso_metrics_cache/pythonpath/EnsoMetrics/EnsoUvcdatToolsLib.py:5552: UserWarning: areacell is None for variable 'tauu'; synthesising cosine-latitude weights. Provide areacella/sftlf for accurate spatial averages.
  taux, keyerror = AverageHorizontal(taux, region="nino4")
/scratch/p66/ars599/enso_metrics_cache/pythonpath/EnsoMetrics/EnsoUvcdatToolsLib.py:5771: UserWarning: Generated land mask is entirely ocean for this region. This may be expected if the region is all ocean.
  sft = cdutil.generateLandSeaMask(d(*(slice(0, 1),) * n),debug=False) * 100.0
/scratch/p66/ars599/enso_metrics_cache/pythonpath/EnsoMetrics/EnsoUvcdatToolsLib.py:7303: UserWarning: areacell is None for variable 'unknown'; synthesising cosine-latitude weights. Provide areacella/sftlf for accurate spatial averages.
  tab, keyerror = dict_average[average](tab, areacell, region=region, **kwargs)
/scratch/p66/ars599/enso_metrics_cache/pythonpath/EnsoMetrics/EnsoUvcdatToolsLib.py:7406: UserWarning: areacell is None for variable 'tos'; synthesising cosine-latitude weights. Provide areacella/sftlf for accurate spatial averages.
  variable, areacell, keyerror3 = Read_mask_area(
/scratch/p66/ars599/enso_metrics_cache/pythonpath/EnsoMetrics/EnsoUvcdatToolsLib.py:5552: UserWarning: areacell is None for variable 'tauu'; synthesising cosine-latitude weights. Provide areacella/sftlf for accurate spatial averages.
  taux, keyerror = AverageHorizontal(taux, region="nino4")
/scratch/p66/ars599/enso_metrics_cache/pythonpath/EnsoMetrics/EnsoUvcdatToolsLib.py:5552: UserWarning: areacell is None for variable 'tauu'; synthesising cosine-latitude weights. Provide areacella/sftlf for accurate spatial averages.
  taux, keyerror = AverageHorizontal(taux, region="nino4")
/scratch/p66/ars599/enso_metrics_cache/pythonpath/EnsoMetrics/EnsoUvcdatToolsLib.py:7406: UserWarning: areacell is None for variable 'tos'; synthesising cosine-latitude weights. Provide areacella/sftlf for accurate spatial averages.
  variable, areacell, keyerror3 = Read_mask_area(
/scratch/p66/ars599/enso_metrics_cache/pythonpath/EnsoMetrics/EnsoUvcdatToolsLib.py:5771: UserWarning: Generated land mask is entirely ocean for this region. This may be expected if the region is all ocean.
  sft = cdutil.generateLandSeaMask(d(*(slice(0, 1),) * n),debug=False) * 100.0
/scratch/p66/ars599/enso_metrics_cache/pythonpath/EnsoMetrics/EnsoUvcdatToolsLib.py:5771: UserWarning: Generated land mask is entirely ocean for this region. This may be expected if the region is all ocean.
  sft = cdutil.generateLandSeaMask(d(*(slice(0, 1),) * n),debug=False) * 100.0
/scratch/p66/ars599/enso_metrics_cache/pythonpath/EnsoMetrics/EnsoUvcdatToolsLib.py:5552: UserWarning: areacell is None for variable 'tauu'; synthesising cosine-latitude weights. Provide areacella/sftlf for accurate spatial averages.
  taux, keyerror = AverageHorizontal(taux, region="nino4")
/scratch/p66/ars599/enso_metrics_cache/pythonpath/EnsoMetrics/EnsoUvcdatToolsLib.py:7303: UserWarning: areacell is None for variable 'unknown'; synthesising cosine-latitude weights. Provide areacella/sftlf for accurate spatial averages.
  tab, keyerror = dict_average[average](tab, areacell, region=region, **kwargs)
/scratch/p66/ars599/enso_metrics_cache/pythonpath/EnsoMetrics/EnsoMetricsLib.py:8129: UserWarning: areacell is None for variable 'unknown'; synthesising cosine-latitude weights. Provide areacella/sftlf for accurate spatial averages.
  taux_map, keyerror = AverageMeridional(taux_map)
/scratch/p66/ars599/enso_metrics_cache/pythonpath/EnsoMetrics/EnsoUvcdatToolsLib.py:5771: UserWarning: Generated land mask is entirely ocean for this region. This may be expected if the region is all ocean.
  sft = cdutil.generateLandSeaMask(d(*(slice(0, 1),) * n),debug=False) * 100.0
/scratch/p66/ars599/enso_metrics_cache/pythonpath/EnsoMetrics/EnsoUvcdatToolsLib.py:5552: UserWarning: areacell is None for variable 'tauu'; synthesising cosine-latitude weights. Provide areacella/sftlf for accurate spatial averages.
  taux, keyerror = AverageHorizontal(taux, region="nino4")
/scratch/p66/ars599/enso_metrics_cache/pythonpath/EnsoMetrics/EnsoUvcdatToolsLib.py:7303: UserWarning: areacell is None for variable 'unknown'; synthesising cosine-latitude weights. Provide areacella/sftlf for accurate spatial averages.
  tab, keyerror = dict_average[average](tab, areacell, region=region, **kwargs)
/scratch/p66/ars599/enso_metrics_cache/pythonpath/EnsoMetrics/EnsoUvcdatToolsLib.py:5771: UserWarning: Generated land mask is entirely ocean for this region. This may be expected if the region is all ocean.
  sft = cdutil.generateLandSeaMask(d(*(slice(0, 1),) * n),debug=False) * 100.0
/scratch/p66/ars599/enso_metrics_cache/pythonpath/EnsoMetrics/EnsoUvcdatToolsLib.py:5552: UserWarning: areacell is None for variable 'tauu'; synthesising cosine-latitude weights. Provide areacella/sftlf for accurate spatial averages.
  taux, keyerror = AverageHorizontal(taux, region="nino4")
/scratch/p66/ars599/enso_metrics_cache/pythonpath/EnsoMetrics/EnsoMetricsLib.py:8129: UserWarning: areacell is None for variable 'unknown'; synthesising cosine-latitude weights. Provide areacella/sftlf for accurate spatial averages.
  taux_map, keyerror = AverageMeridional(taux_map)
/scratch/p66/ars599/enso_metrics_cache/pythonpath/EnsoMetrics/EnsoUvcdatToolsLib.py:5771: UserWarning: Generated land mask is entirely ocean for this region. This may be expected if the region is all ocean.
  sft = cdutil.generateLandSeaMask(d(*(slice(0, 1),) * n),debug=False) * 100.0
/scratch/p66/ars599/enso_metrics_cache/pythonpath/EnsoMetrics/EnsoMetricsLib.py:8129: UserWarning: areacell is None for variable 'unknown'; synthesising cosine-latitude weights. Provide areacella/sftlf for accurate spatial averages.
  taux_map, keyerror = AverageMeridional(taux_map)
/scratch/p66/ars599/enso_metrics_cache/pythonpath/EnsoMetrics/EnsoUvcdatToolsLib.py:7406: UserWarning: areacell is None for variable 'tos'; synthesising cosine-latitude weights. Provide areacella/sftlf for accurate spatial averages.
  variable, areacell, keyerror3 = Read_mask_area(
/scratch/p66/ars599/enso_metrics_cache/pythonpath/EnsoMetrics/EnsoUvcdatToolsLib.py:7406: UserWarning: areacell is None for variable 'tos'; synthesising cosine-latitude weights. Provide areacella/sftlf for accurate spatial averages.
  variable, areacell, keyerror3 = Read_mask_area(
/scratch/p66/ars599/enso_metrics_cache/pythonpath/EnsoMetrics/EnsoUvcdatToolsLib.py:5552: UserWarning: areacell is None for variable 'tauu'; synthesising cosine-latitude weights. Provide areacella/sftlf for accurate spatial averages.
  taux, keyerror = AverageHorizontal(taux, region="nino4")
/scratch/p66/ars599/enso_metrics_cache/pythonpath/EnsoMetrics/EnsoUvcdatToolsLib.py:5771: UserWarning: Generated land mask is entirely ocean for this region. This may be expected if the region is all ocean.
  sft = cdutil.generateLandSeaMask(d(*(slice(0, 1),) * n),debug=False) * 100.0
/scratch/p66/ars599/enso_metrics_cache/pythonpath/EnsoMetrics/EnsoUvcdatToolsLib.py:7303: UserWarning: areacell is None for variable 'unknown'; synthesising cosine-latitude weights. Provide areacella/sftlf for accurate spatial averages.
  tab, keyerror = dict_average[average](tab, areacell, region=region, **kwargs)
/scratch/p66/ars599/enso_metrics_cache/pythonpath/EnsoMetrics/EnsoUvcdatToolsLib.py:7406: UserWarning: areacell is None for variable 'tos'; synthesising cosine-latitude weights. Provide areacella/sftlf for accurate spatial averages.
  variable, areacell, keyerror3 = Read_mask_area(
/scratch/p66/ars599/enso_metrics_cache/pythonpath/EnsoMetrics/EnsoUvcdatToolsLib.py:5552: UserWarning: areacell is None for variable 'tauu'; synthesising cosine-latitude weights. Provide areacella/sftlf for accurate spatial averages.
  taux, keyerror = AverageHorizontal(taux, region="nino4")
/scratch/p66/ars599/enso_metrics_cache/pythonpath/EnsoMetrics/EnsoUvcdatToolsLib.py:5552: UserWarning: areacell is None for variable 'tauu'; synthesising cosine-latitude weights. Provide areacella/sftlf for accurate spatial averages.
  taux, keyerror = AverageHorizontal(taux, region="nino4")
/scratch/p66/ars599/enso_metrics_cache/pythonpath/EnsoMetrics/EnsoUvcdatToolsLib.py:7406: UserWarning: areacell is None for variable 'tos'; synthesising cosine-latitude weights. Provide areacella/sftlf for accurate spatial averages.
  variable, areacell, keyerror3 = Read_mask_area(
/scratch/p66/ars599/enso_metrics_cache/pythonpath/EnsoMetrics/EnsoUvcdatToolsLib.py:5771: UserWarning: Generated land mask is entirely ocean for this region. This may be expected if the region is all ocean.
  sft = cdutil.generateLandSeaMask(d(*(slice(0, 1),) * n),debug=False) * 100.0
/scratch/p66/ars599/enso_metrics_cache/pythonpath/EnsoMetrics/EnsoUvcdatToolsLib.py:5771: UserWarning: Generated land mask is entirely ocean for this region. This may be expected if the region is all ocean.
  sft = cdutil.generateLandSeaMask(d(*(slice(0, 1),) * n),debug=False) * 100.0
/scratch/p66/ars599/enso_metrics_cache/pythonpath/EnsoMetrics/EnsoUvcdatToolsLib.py:7303: UserWarning: areacell is None for variable 'unknown'; synthesising cosine-latitude weights. Provide areacella/sftlf for accurate spatial averages.
  tab, keyerror = dict_average[average](tab, areacell, region=region, **kwargs)
/scratch/p66/ars599/enso_metrics_cache/pythonpath/EnsoMetrics/EnsoUvcdatToolsLib.py:5552: UserWarning: areacell is None for variable 'tauu'; synthesising cosine-latitude weights. Provide areacella/sftlf for accurate spatial averages.
  taux, keyerror = AverageHorizontal(taux, region="nino4")
/scratch/p66/ars599/enso_metrics_cache/pythonpath/EnsoMetrics/EnsoMetricsLib.py:8129: UserWarning: areacell is None for variable 'unknown'; synthesising cosine-latitude weights. Provide areacella/sftlf for accurate spatial averages.
  taux_map, keyerror = AverageMeridional(taux_map)
/scratch/p66/ars599/enso_metrics_cache/pythonpath/EnsoMetrics/EnsoUvcdatToolsLib.py:5771: UserWarning: Generated land mask is entirely ocean for this region. This may be expected if the region is all ocean.
  sft = cdutil.generateLandSeaMask(d(*(slice(0, 1),) * n),debug=False) * 100.0
/scratch/p66/ars599/enso_metrics_cache/pythonpath/EnsoMetrics/EnsoUvcdatToolsLib.py:5552: UserWarning: areacell is None for variable 'tauu'; synthesising cosine-latitude weights. Provide areacella/sftlf for accurate spatial averages.
  taux, keyerror = AverageHorizontal(taux, region="nino4")
/scratch/p66/ars599/enso_metrics_cache/pythonpath/EnsoMetrics/EnsoUvcdatToolsLib.py:7303: UserWarning: areacell is None for variable 'unknown'; synthesising cosine-latitude weights. Provide areacella/sftlf for accurate spatial averages.
  tab, keyerror = dict_average[average](tab, areacell, region=region, **kwargs)
/scratch/p66/ars599/enso_metrics_cache/pythonpath/EnsoMetrics/EnsoUvcdatToolsLib.py:5771: UserWarning: Generated land mask is entirely ocean for this region. This may be expected if the region is all ocean.
  sft = cdutil.generateLandSeaMask(d(*(slice(0, 1),) * n),debug=False) * 100.0
/scratch/p66/ars599/enso_metrics_cache/pythonpath/EnsoMetrics/EnsoUvcdatToolsLib.py:5552: UserWarning: areacell is None for variable 'tauu'; synthesising cosine-latitude weights. Provide areacella/sftlf for accurate spatial averages.
  taux, keyerror = AverageHorizontal(taux, region="nino4")
/scratch/p66/ars599/enso_metrics_cache/pythonpath/EnsoMetrics/EnsoMetricsLib.py:8129: UserWarning: areacell is None for variable 'unknown'; synthesising cosine-latitude weights. Provide areacella/sftlf for accurate spatial averages.
  taux_map, keyerror = AverageMeridional(taux_map)
/scratch/p66/ars599/enso_metrics_cache/pythonpath/EnsoMetrics/EnsoUvcdatToolsLib.py:5771: UserWarning: Generated land mask is entirely ocean for this region. This may be expected if the region is all ocean.
  sft = cdutil.generateLandSeaMask(d(*(slice(0, 1),) * n),debug=False) * 100.0
/scratch/p66/ars599/enso_metrics_cache/pythonpath/EnsoMetrics/EnsoMetricsLib.py:8129: UserWarning: areacell is None for variable 'unknown'; synthesising cosine-latitude weights. Provide areacella/sftlf for accurate spatial averages.
  taux_map, keyerror = AverageMeridional(taux_map)
/scratch/p66/ars599/enso_metrics_cache/pythonpath/EnsoMetrics/EnsoUvcdatToolsLib.py:2063: FutureWarning: In a future version of xarray the default value for data_vars will change from data_vars='all' to data_vars=None. This is likely to lead to different results when multiple datasets have matching variables with overlapping values. To opt in to new defaults and get rid of these warnings now use `set_options(use_new_combine_kwarg_defaults=True) or set data_vars explicitly.
  ds_raw = xr.combine_by_coords(
/scratch/p66/ars599/enso_metrics_cache/pythonpath/EnsoMetrics/EnsoUvcdatToolsLib.py:7406: UserWarning: areacell is None for variable 'tos'; synthesising cosine-latitude weights. Provide areacella/sftlf for accurate spatial averages.
  variable, areacell, keyerror3 = Read_mask_area(
/scratch/p66/ars599/enso_metrics_cache/pythonpath/EnsoMetrics/EnsoUvcdatToolsLib.py:2063: FutureWarning: In a future version of xarray the default value for data_vars will change from data_vars='all' to data_vars=None. This is likely to lead to different results when multiple datasets have matching variables with overlapping values. To opt in to new defaults and get rid of these warnings now use `set_options(use_new_combine_kwarg_defaults=True) or set data_vars explicitly.
  ds_raw = xr.combine_by_coords(
/scratch/p66/ars599/enso_metrics_cache/pythonpath/EnsoMetrics/EnsoUvcdatToolsLib.py:7406: UserWarning: areacell is None for variable 'tos'; synthesising cosine-latitude weights. Provide areacella/sftlf for accurate spatial averages.
  variable, areacell, keyerror3 = Read_mask_area(
/scratch/p66/ars599/enso_metrics_cache/pythonpath/EnsoMetrics/EnsoUvcdatToolsLib.py:7303: UserWarning: areacell is None for variable 'unknown'; synthesising cosine-latitude weights. Provide areacella/sftlf for accurate spatial averages.
  tab, keyerror = dict_average[average](tab, areacell, region=region, **kwargs)
/scratch/p66/ars599/enso_metrics_cache/pythonpath/EnsoMetrics/EnsoMetricsLib.py:14907: UserWarning: areacell is None for variable 'unknown'; synthesising cosine-latitude weights. Provide areacella/sftlf for accurate spatial averages.
  sstlon_mod, keyerror_mod = AverageMeridional(sstmap_mod)
/scratch/p66/ars599/enso_metrics_cache/pythonpath/EnsoMetrics/EnsoMetricsLib.py:14908: UserWarning: areacell is None for variable 'unknown'; synthesising cosine-latitude weights. Provide areacella/sftlf for accurate spatial averages.
  sstlon_obs, keyerror_obs = AverageMeridional(sstmap_obs)
/scratch/p66/ars599/enso_metrics_cache/pythonpath/EnsoMetrics/EnsoUvcdatToolsLib.py:2063: FutureWarning: In a future version of xarray the default value for data_vars will change from data_vars='all' to data_vars=None. This is likely to lead to different results when multiple datasets have matching variables with overlapping values. To opt in to new defaults and get rid of these warnings now use `set_options(use_new_combine_kwarg_defaults=True) or set data_vars explicitly.
  ds_raw = xr.combine_by_coords(
/scratch/p66/ars599/enso_metrics_cache/pythonpath/EnsoMetrics/EnsoUvcdatToolsLib.py:7406: UserWarning: areacell is None for variable 'tos'; synthesising cosine-latitude weights. Provide areacella/sftlf for accurate spatial averages.
  variable, areacell, keyerror3 = Read_mask_area(
Traceback (most recent call last):
  File "/scratch/p66/ars599/enso_metrics_cache/pythonpath/EnsoMetrics/EnsoComputeMetricsLib.py", line 456, in ComputeCollection
    valu, vame, dive, dime = ComputeMetric(
                             ^^^^^^^^^^^^^^
  File "/scratch/p66/ars599/enso_metrics_cache/pythonpath/EnsoMetrics/EnsoComputeMetricsLib.py", line 1184, in ComputeMetric
    units = diagnostic1[obs]["units"]
            ^^^^^^^^^^^
UnboundLocalError: cannot access local variable 'obs' where it is not associated with a value
Traceback (most recent call last):
  File "/scratch/p66/ars599/enso_metrics_cache/pythonpath/EnsoMetrics/EnsoComputeMetricsLib.py", line 456, in ComputeCollection
    valu, vame, dive, dime = ComputeMetric(
                             ^^^^^^^^^^^^^^
  File "/scratch/p66/ars599/enso_metrics_cache/pythonpath/EnsoMetrics/EnsoComputeMetricsLib.py", line 1184, in ComputeMetric
    units = diagnostic1[obs]["units"]
            ^^^^^^^^^^^
UnboundLocalError: cannot access local variable 'obs' where it is not associated with a value
数据清单: /g/data/p66/ars599/ENSO_metrics/results_gadi_full/manifests/inventory.json
TaiESM1: root=/g/data/oi10/replicas/CMIP6/CMIP/AS-RCEC/TaiESM1/historical/r1i1p1f1, variables=['lhf', 'lwr', 'pr', 'shf', 'ssh', 'sst', 'swr', 'taux', 'tauy', 'thf'], split=[]
[94m     ComputeCollection: metric = EnsoAmpl[0m
[94m     ComputeMetric: oneVarmetric = TaiESM1_r1i1p1f1[0m
[94m     ComputeMetric: oneVarmetric = HadISST[0m
[94m     ComputeMetric: oneVarmetric = Tropflux[0m
[94m     ComputeCollection: metric = EnsoPrMapDjf[0m
[94m     ComputeMetric: twoVarRMSmetric, EnsoPrMapDjf = TaiESM1_r1i1p1f1 and HadISST_GPCPv2.3[0m
[93m                         NOTE: Estimated landmask applied[0m
[94m     ComputeCollection: metric = EnsoPrMapJja[0m
[94m     ComputeMetric: twoVarRMSmetric, EnsoPrMapJja = TaiESM1_r1i1p1f1 and HadISST_GPCPv2.3[0m
[93m                         NOTE: Estimated landmask applied[0m
[94m     ComputeCollection: metric = EnsoSeasonality[0m
[94m     ComputeMetric: oneVarmetric = TaiESM1_r1i1p1f1[0m
[94m     ComputeMetric: oneVarmetric = HadISST[0m
[94m     ComputeMetric: oneVarmetric = Tropflux[0m
[94m     ComputeCollection: metric = EnsoSstLonRmse[0m
[94m     ComputeMetric: oneVarRMSmetric, EnsoSstLonRmse = TaiESM1_r1i1p1f1 and HadISST[0m
[94m     ComputeMetric: oneVarRMSmetric, EnsoSstLonRmse = TaiESM1_r1i1p1f1 and Tropflux[0m
[94m     ComputeCollection: metric = EnsoSstMapDjf[0m
[94m     ComputeCollection: metric = EnsoSstMapJja[0m
完成时间: Mon Oct  5 03:56:09 UTC 2026
输出目录: /g/data/p66/ars599/ENSO_metrics/results_gadi_full
/scratch/p66/ars599/enso_metrics_cache/pythonpath/EnsoMetrics/EnsoMetricsLib.py:6629: UserWarning: areacell is None for variable 'unknown'; synthesising cosine-latitude weights. Provide areacella/sftlf for accurate spatial averages.
  sst_map, keyerror1 = AverageMeridional(sst_map)
/scratch/p66/ars599/enso_metrics_cache/pythonpath/EnsoMetrics/EnsoMetricsLib.py:6630: UserWarning: areacell is None for variable 'unknown'; synthesising cosine-latitude weights. Provide areacella/sftlf for accurate spatial averages.
  thf_map, keyerror2 = AverageMeridional(thf_map)
/scratch/p66/ars599/enso_metrics_cache/pythonpath/EnsoMetrics/EnsoMetricsLib.py:6629: UserWarning: areacell is None for variable 'unknown'; synthesising cosine-latitude weights. Provide areacella/sftlf for accurate spatial averages.
  sst_map, keyerror1 = AverageMeridional(sst_map)
/scratch/p66/ars599/enso_metrics_cache/pythonpath/EnsoMetrics/EnsoMetricsLib.py:6630: UserWarning: areacell is None for variable 'unknown'; synthesising cosine-latitude weights. Provide areacella/sftlf for accurate spatial averages.
  thf_map, keyerror2 = AverageMeridional(thf_map)
/scratch/p66/ars599/enso_metrics_cache/pythonpath/EnsoMetrics/EnsoMetricsLib.py:6629: UserWarning: areacell is None for variable 'unknown'; synthesising cosine-latitude weights. Provide areacella/sftlf for accurate spatial averages.
  sst_map, keyerror1 = AverageMeridional(sst_map)
/scratch/p66/ars599/enso_metrics_cache/pythonpath/EnsoMetrics/EnsoMetricsLib.py:6630: UserWarning: areacell is None for variable 'unknown'; synthesising cosine-latitude weights. Provide areacella/sftlf for accurate spatial averages.
  thf_map, keyerror2 = AverageMeridional(thf_map)
/scratch/p66/ars599/enso_metrics_cache/pythonpath/EnsoMetrics/EnsoUvcdatToolsLib.py:7406: UserWarning: areacell is None for variable 'tos'; synthesising cosine-latitude weights. Provide areacella/sftlf for accurate spatial averages.
  variable, areacell, keyerror3 = Read_mask_area(
/scratch/p66/ars599/enso_metrics_cache/pythonpath/EnsoMetrics/EnsoUvcdatToolsLib.py:5771: UserWarning: Generated land mask is entirely ocean for this region. This may be expected if the region is all ocean.
  sft = cdutil.generateLandSeaMask(d(*(slice(0, 1),) * n),debug=False) * 100.0
/scratch/p66/ars599/enso_metrics_cache/pythonpath/EnsoMetrics/EnsoUvcdatToolsLib.py:7303: UserWarning: areacell is None for variable 'unknown'; synthesising cosine-latitude weights. Provide areacella/sftlf for accurate spatial averages.
  tab, keyerror = dict_average[average](tab, areacell, region=region, **kwargs)
/scratch/p66/ars599/enso_metrics_cache/pythonpath/EnsoMetrics/EnsoUvcdatToolsLib.py:7406: UserWarning: areacell is None for variable 'tos'; synthesising cosine-latitude weights. Provide areacella/sftlf for accurate spatial averages.
  variable, areacell, keyerror3 = Read_mask_area(
/scratch/p66/ars599/enso_metrics_cache/pythonpath/EnsoMetrics/EnsoUvcdatToolsLib.py:5771: UserWarning: Generated land mask is entirely ocean for this region. This may be expected if the region is all ocean.
  sft = cdutil.generateLandSeaMask(d(*(slice(0, 1),) * n),debug=False) * 100.0
/scratch/p66/ars599/enso_metrics_cache/pythonpath/EnsoMetrics/EnsoMetricsLib.py:6629: UserWarning: areacell is None for variable 'unknown'; synthesising cosine-latitude weights. Provide areacella/sftlf for accurate spatial averages.
  sst_map, keyerror1 = AverageMeridional(sst_map)
/scratch/p66/ars599/enso_metrics_cache/pythonpath/EnsoMetrics/EnsoMetricsLib.py:6630: UserWarning: areacell is None for variable 'unknown'; synthesising cosine-latitude weights. Provide areacella/sftlf for accurate spatial averages.
  thf_map, keyerror2 = AverageMeridional(thf_map)
/scratch/p66/ars599/enso_metrics_cache/pythonpath/EnsoMetrics/EnsoUvcdatToolsLib.py:7406: UserWarning: areacell is None for variable 'tos'; synthesising cosine-latitude weights. Provide areacella/sftlf for accurate spatial averages.
  variable, areacell, keyerror3 = Read_mask_area(
/scratch/p66/ars599/enso_metrics_cache/pythonpath/EnsoMetrics/EnsoUvcdatToolsLib.py:7406: UserWarning: areacell is None for variable 'tos'; synthesising cosine-latitude weights. Provide areacella/sftlf for accurate spatial averages.
  variable, areacell, keyerror3 = Read_mask_area(
/scratch/p66/ars599/enso_metrics_cache/pythonpath/EnsoMetrics/EnsoUvcdatToolsLib.py:5771: UserWarning: Generated land mask is entirely ocean for this region. This may be expected if the region is all ocean.
  sft = cdutil.generateLandSeaMask(d(*(slice(0, 1),) * n),debug=False) * 100.0
/scratch/p66/ars599/enso_metrics_cache/pythonpath/EnsoMetrics/EnsoUvcdatToolsLib.py:7303: UserWarning: areacell is None for variable 'unknown'; synthesising cosine-latitude weights. Provide areacella/sftlf for accurate spatial averages.
  tab, keyerror = dict_average[average](tab, areacell, region=region, **kwargs)
/scratch/p66/ars599/enso_metrics_cache/pythonpath/EnsoMetrics/EnsoUvcdatToolsLib.py:5771: UserWarning: Generated land mask is entirely ocean for this region. This may be expected if the region is all ocean.
  sft = cdutil.generateLandSeaMask(d(*(slice(0, 1),) * n),debug=False) * 100.0
/scratch/p66/ars599/enso_metrics_cache/pythonpath/EnsoMetrics/EnsoUvcdatToolsLib.py:7303: UserWarning: areacell is None for variable 'unknown'; synthesising cosine-latitude weights. Provide areacella/sftlf for accurate spatial averages.
  tab, keyerror = dict_average[average](tab, areacell, region=region, **kwargs)
/scratch/p66/ars599/enso_metrics_cache/pythonpath/EnsoMetrics/EnsoUvcdatToolsLib.py:7406: UserWarning: areacell is None for variable 'tos'; synthesising cosine-latitude weights. Provide areacella/sftlf for accurate spatial averages.
  variable, areacell, keyerror3 = Read_mask_area(
/scratch/p66/ars599/enso_metrics_cache/pythonpath/EnsoMetrics/EnsoUvcdatToolsLib.py:7406: UserWarning: areacell is None for variable 'tos'; synthesising cosine-latitude weights. Provide areacella/sftlf for accurate spatial averages.
  variable, areacell, keyerror3 = Read_mask_area(
/scratch/p66/ars599/enso_metrics_cache/pythonpath/EnsoMetrics/EnsoUvcdatToolsLib.py:5771: UserWarning: Generated land mask is entirely ocean for this region. This may be expected if the region is all ocean.
  sft = cdutil.generateLandSeaMask(d(*(slice(0, 1),) * n),debug=False) * 100.0
/scratch/p66/ars599/enso_metrics_cache/pythonpath/EnsoMetrics/EnsoUvcdatToolsLib.py:5771: UserWarning: Generated land mask is entirely ocean for this region. This may be expected if the region is all ocean.
  sft = cdutil.generateLandSeaMask(d(*(slice(0, 1),) * n),debug=False) * 100.0
/scratch/p66/ars599/enso_metrics_cache/pythonpath/EnsoMetrics/EnsoMetricsLib.py:6629: UserWarning: areacell is None for variable 'unknown'; synthesising cosine-latitude weights. Provide areacella/sftlf for accurate spatial averages.
  sst_map, keyerror1 = AverageMeridional(sst_map)
/scratch/p66/ars599/enso_metrics_cache/pythonpath/EnsoMetrics/EnsoMetricsLib.py:6630: UserWarning: areacell is None for variable 'unknown'; synthesising cosine-latitude weights. Provide areacella/sftlf for accurate spatial averages.
  thf_map, keyerror2 = AverageMeridional(thf_map)
/scratch/p66/ars599/enso_metrics_cache/pythonpath/EnsoMetrics/EnsoMetricsLib.py:6629: UserWarning: areacell is None for variable 'unknown'; synthesising cosine-latitude weights. Provide areacella/sftlf for accurate spatial averages.
  sst_map, keyerror1 = AverageMeridional(sst_map)
/scratch/p66/ars599/enso_metrics_cache/pythonpath/EnsoMetrics/EnsoMetricsLib.py:6630: UserWarning: areacell is None for variable 'unknown'; synthesising cosine-latitude weights. Provide areacella/sftlf for accurate spatial averages.
  thf_map, keyerror2 = AverageMeridional(thf_map)
/scratch/p66/ars599/enso_metrics_cache/pythonpath/EnsoMetrics/EnsoUvcdatToolsLib.py:7406: UserWarning: areacell is None for variable 'tos'; synthesising cosine-latitude weights. Provide areacella/sftlf for accurate spatial averages.
  variable, areacell, keyerror3 = Read_mask_area(
/scratch/p66/ars599/enso_metrics_cache/pythonpath/EnsoMetrics/EnsoUvcdatToolsLib.py:5771: UserWarning: Generated land mask is entirely ocean for this region. This may be expected if the region is all ocean.
  sft = cdutil.generateLandSeaMask(d(*(slice(0, 1),) * n),debug=False) * 100.0
/scratch/p66/ars599/enso_metrics_cache/pythonpath/EnsoMetrics/EnsoUvcdatToolsLib.py:7303: UserWarning: areacell is None for variable 'unknown'; synthesising cosine-latitude weights. Provide areacella/sftlf for accurate spatial averages.
  tab, keyerror = dict_average[average](tab, areacell, region=region, **kwargs)
/scratch/p66/ars599/enso_metrics_cache/pythonpath/EnsoMetrics/EnsoUvcdatToolsLib.py:7406: UserWarning: areacell is None for variable 'tos'; synthesising cosine-latitude weights. Provide areacella/sftlf for accurate spatial averages.
  variable, areacell, keyerror3 = Read_mask_area(
/scratch/p66/ars599/enso_metrics_cache/pythonpath/EnsoMetrics/EnsoUvcdatToolsLib.py:5771: UserWarning: Generated land mask is entirely ocean for this region. This may be expected if the region is all ocean.
  sft = cdutil.generateLandSeaMask(d(*(slice(0, 1),) * n),debug=False) * 100.0
/scratch/p66/ars599/enso_metrics_cache/pythonpath/EnsoMetrics/EnsoMetricsLib.py:6629: UserWarning: areacell is None for variable 'unknown'; synthesising cosine-latitude weights. Provide areacella/sftlf for accurate spatial averages.
  sst_map, keyerror1 = AverageMeridional(sst_map)
/scratch/p66/ars599/enso_metrics_cache/pythonpath/EnsoMetrics/EnsoMetricsLib.py:6630: UserWarning: areacell is None for variable 'unknown'; synthesising cosine-latitude weights. Provide areacella/sftlf for accurate spatial averages.
  thf_map, keyerror2 = AverageMeridional(thf_map)
/scratch/p66/ars599/enso_metrics_cache/pythonpath/EnsoMetrics/EnsoUvcdatToolsLib.py:7406: UserWarning: areacell is None for variable 'tos'; synthesising cosine-latitude weights. Provide areacella/sftlf for accurate spatial averages.
  variable, areacell, keyerror3 = Read_mask_area(
/scratch/p66/ars599/enso_metrics_cache/pythonpath/EnsoMetrics/EnsoUvcdatToolsLib.py:7406: UserWarning: areacell is None for variable 'tos'; synthesising cosine-latitude weights. Provide areacella/sftlf for accurate spatial averages.
  variable, areacell, keyerror3 = Read_mask_area(
/scratch/p66/ars599/enso_metrics_cache/pythonpath/EnsoMetrics/EnsoUvcdatToolsLib.py:5771: UserWarning: Generated land mask is entirely ocean for this region. This may be expected if the region is all ocean.
  sft = cdutil.generateLandSeaMask(d(*(slice(0, 1),) * n),debug=False) * 100.0
/scratch/p66/ars599/enso_metrics_cache/pythonpath/EnsoMetrics/EnsoUvcdatToolsLib.py:5771: UserWarning: Generated land mask is entirely ocean for this region. This may be expected if the region is all ocean.
  sft = cdutil.generateLandSeaMask(d(*(slice(0, 1),) * n),debug=False) * 100.0
/scratch/p66/ars599/enso_metrics_cache/pythonpath/EnsoMetrics/EnsoUvcdatToolsLib.py:7303: UserWarning: areacell is None for variable 'unknown'; synthesising cosine-latitude weights. Provide areacella/sftlf for accurate spatial averages.
  tab, keyerror = dict_average[average](tab, areacell, region=region, **kwargs)
/scratch/p66/ars599/enso_metrics_cache/pythonpath/EnsoMetrics/EnsoUvcdatToolsLib.py:7303: UserWarning: areacell is None for variable 'unknown'; synthesising cosine-latitude weights. Provide areacella/sftlf for accurate spatial averages.
  tab, keyerror = dict_average[average](tab, areacell, region=region, **kwargs)
/scratch/p66/ars599/enso_metrics_cache/pythonpath/EnsoMetrics/EnsoUvcdatToolsLib.py:7406: UserWarning: areacell is None for variable 'tos'; synthesising cosine-latitude weights. Provide areacella/sftlf for accurate spatial averages.
  variable, areacell, keyerror3 = Read_mask_area(
/scratch/p66/ars599/enso_metrics_cache/pythonpath/EnsoMetrics/EnsoUvcdatToolsLib.py:7406: UserWarning: areacell is None for variable 'tos'; synthesising cosine-latitude weights. Provide areacella/sftlf for accurate spatial averages.
  variable, areacell, keyerror3 = Read_mask_area(
/scratch/p66/ars599/enso_metrics_cache/pythonpath/EnsoMetrics/EnsoUvcdatToolsLib.py:5771: UserWarning: Generated land mask is entirely ocean for this region. This may be expected if the region is all ocean.
  sft = cdutil.generateLandSeaMask(d(*(slice(0, 1),) * n),debug=False) * 100.0
/scratch/p66/ars599/enso_metrics_cache/pythonpath/EnsoMetrics/EnsoUvcdatToolsLib.py:5771: UserWarning: Generated land mask is entirely ocean for this region. This may be expected if the region is all ocean.
  sft = cdutil.generateLandSeaMask(d(*(slice(0, 1),) * n),debug=False) * 100.0
/scratch/p66/ars599/enso_metrics_cache/pythonpath/EnsoMetrics/EnsoMetricsLib.py:6629: UserWarning: areacell is None for variable 'unknown'; synthesising cosine-latitude weights. Provide areacella/sftlf for accurate spatial averages.
  sst_map, keyerror1 = AverageMeridional(sst_map)
/scratch/p66/ars599/enso_metrics_cache/pythonpath/EnsoMetrics/EnsoMetricsLib.py:6630: UserWarning: areacell is None for variable 'unknown'; synthesising cosine-latitude weights. Provide areacella/sftlf for accurate spatial averages.
  thf_map, keyerror2 = AverageMeridional(thf_map)
/scratch/p66/ars599/enso_metrics_cache/pythonpath/EnsoMetrics/EnsoMetricsLib.py:6629: UserWarning: areacell is None for variable 'unknown'; synthesising cosine-latitude weights. Provide areacella/sftlf for accurate spatial averages.
  sst_map, keyerror1 = AverageMeridional(sst_map)
/scratch/p66/ars599/enso_metrics_cache/pythonpath/EnsoMetrics/EnsoMetricsLib.py:6630: UserWarning: areacell is None for variable 'unknown'; synthesising cosine-latitude weights. Provide areacella/sftlf for accurate spatial averages.
  thf_map, keyerror2 = AverageMeridional(thf_map)
/scratch/p66/ars599/enso_metrics_cache/pythonpath/EnsoMetrics/EnsoUvcdatToolsLib.py:5552: UserWarning: areacell is None for variable 'tauu'; synthesising cosine-latitude weights. Provide areacella/sftlf for accurate spatial averages.
  taux, keyerror = AverageHorizontal(taux, region="nino4")
/scratch/p66/ars599/enso_metrics_cache/pythonpath/EnsoMetrics/EnsoUvcdatToolsLib.py:5552: UserWarning: areacell is None for variable 'tauu'; synthesising cosine-latitude weights. Provide areacella/sftlf for accurate spatial averages.
  taux, keyerror = AverageHorizontal(taux, region="nino4")
/scratch/p66/ars599/enso_metrics_cache/pythonpath/EnsoMetrics/EnsoUvcdatToolsLib.py:5552: UserWarning: areacell is None for variable 'tauu'; synthesising cosine-latitude weights. Provide areacella/sftlf for accurate spatial averages.
  taux, keyerror = AverageHorizontal(taux, region="nino4")
/scratch/p66/ars599/enso_metrics_cache/pythonpath/EnsoMetrics/EnsoMetricsLib.py:8835: UserWarning: areacell is None for variable 'unknown'; synthesising cosine-latitude weights. Provide areacella/sftlf for accurate spatial averages.
  ssh_map, keyerror = AverageMeridional(ssh_map)
/scratch/p66/ars599/enso_metrics_cache/pythonpath/EnsoMetrics/EnsoMetricsLib.py:8835: UserWarning: areacell is None for variable 'unknown'; synthesising cosine-latitude weights. Provide areacella/sftlf for accurate spatial averages.
  ssh_map, keyerror = AverageMeridional(ssh_map)
/scratch/p66/ars599/enso_metrics_cache/pythonpath/EnsoMetrics/EnsoMetricsLib.py:8835: UserWarning: areacell is None for variable 'unknown'; synthesising cosine-latitude weights. Provide areacella/sftlf for accurate spatial averages.
  ssh_map, keyerror = AverageMeridional(ssh_map)
/scratch/p66/ars599/enso_metrics_cache/pythonpath/EnsoMetrics/EnsoUvcdatToolsLib.py:7406: UserWarning: areacell is None for variable 'zos'; synthesising cosine-latitude weights. Provide areacella/sftlf for accurate spatial averages.
  variable, areacell, keyerror3 = Read_mask_area(
/scratch/p66/ars599/enso_metrics_cache/pythonpath/EnsoMetrics/EnsoUvcdatToolsLib.py:5552: UserWarning: areacell is None for variable 'tauu'; synthesising cosine-latitude weights. Provide areacella/sftlf for accurate spatial averages.
  taux, keyerror = AverageHorizontal(taux, region="nino4")
/scratch/p66/ars599/enso_metrics_cache/pythonpath/EnsoMetrics/EnsoUvcdatToolsLib.py:5771: UserWarning: Generated land mask is entirely ocean for this region. This may be expected if the region is all ocean.
  sft = cdutil.generateLandSeaMask(d(*(slice(0, 1),) * n),debug=False) * 100.0
/scratch/p66/ars599/enso_metrics_cache/pythonpath/EnsoMetrics/EnsoUvcdatToolsLib.py:7303: UserWarning: areacell is None for variable 'unknown'; synthesising cosine-latitude weights. Provide areacella/sftlf for accurate spatial averages.
  tab, keyerror = dict_average[average](tab, areacell, region=region, **kwargs)
/scratch/p66/ars599/enso_metrics_cache/pythonpath/EnsoMetrics/EnsoUvcdatToolsLib.py:7406: UserWarning: areacell is None for variable 'zos'; synthesising cosine-latitude weights. Provide areacella/sftlf for accurate spatial averages.
  variable, areacell, keyerror3 = Read_mask_area(
/scratch/p66/ars599/enso_metrics_cache/pythonpath/EnsoMetrics/EnsoUvcdatToolsLib.py:7406: UserWarning: areacell is None for variable 'zos'; synthesising cosine-latitude weights. Provide areacella/sftlf for accurate spatial averages.
  variable, areacell, keyerror3 = Read_mask_area(
/scratch/p66/ars599/enso_metrics_cache/pythonpath/EnsoMetrics/EnsoUvcdatToolsLib.py:5552: UserWarning: areacell is None for variable 'tauu'; synthesising cosine-latitude weights. Provide areacella/sftlf for accurate spatial averages.
  taux, keyerror = AverageHorizontal(taux, region="nino4")
/scratch/p66/ars599/enso_metrics_cache/pythonpath/EnsoMetrics/EnsoUvcdatToolsLib.py:5552: UserWarning: areacell is None for variable 'tauu'; synthesising cosine-latitude weights. Provide areacella/sftlf for accurate spatial averages.
  taux, keyerror = AverageHorizontal(taux, region="nino4")
/scratch/p66/ars599/enso_metrics_cache/pythonpath/EnsoMetrics/EnsoUvcdatToolsLib.py:5771: UserWarning: Generated land mask is entirely ocean for this region. This may be expected if the region is all ocean.
  sft = cdutil.generateLandSeaMask(d(*(slice(0, 1),) * n),debug=False) * 100.0
/scratch/p66/ars599/enso_metrics_cache/pythonpath/EnsoMetrics/EnsoUvcdatToolsLib.py:5771: UserWarning: Generated land mask is entirely ocean for this region. This may be expected if the region is all ocean.
  sft = cdutil.generateLandSeaMask(d(*(slice(0, 1),) * n),debug=False) * 100.0
/scratch/p66/ars599/enso_metrics_cache/pythonpath/EnsoMetrics/EnsoUvcdatToolsLib.py:7406: UserWarning: areacell is None for variable 'zos'; synthesising cosine-latitude weights. Provide areacella/sftlf for accurate spatial averages.
  variable, areacell, keyerror3 = Read_mask_area(
/scratch/p66/ars599/enso_metrics_cache/pythonpath/EnsoMetrics/EnsoUvcdatToolsLib.py:7303: UserWarning: areacell is None for variable 'unknown'; synthesising cosine-latitude weights. Provide areacella/sftlf for accurate spatial averages.
  tab, keyerror = dict_average[average](tab, areacell, region=region, **kwargs)
/scratch/p66/ars599/enso_metrics_cache/pythonpath/EnsoMetrics/EnsoUvcdatToolsLib.py:7303: UserWarning: areacell is None for variable 'unknown'; synthesising cosine-latitude weights. Provide areacella/sftlf for accurate spatial averages.
  tab, keyerror = dict_average[average](tab, areacell, region=region, **kwargs)
/scratch/p66/ars599/enso_metrics_cache/pythonpath/EnsoMetrics/EnsoUvcdatToolsLib.py:7406: UserWarning: areacell is None for variable 'zos'; synthesising cosine-latitude weights. Provide areacella/sftlf for accurate spatial averages.
  variable, areacell, keyerror3 = Read_mask_area(
/scratch/p66/ars599/enso_metrics_cache/pythonpath/EnsoMetrics/EnsoUvcdatToolsLib.py:7406: UserWarning: areacell is None for variable 'zos'; synthesising cosine-latitude weights. Provide areacella/sftlf for accurate spatial averages.
  variable, areacell, keyerror3 = Read_mask_area(
/scratch/p66/ars599/enso_metrics_cache/pythonpath/EnsoMetrics/EnsoMetricsLib.py:8835: UserWarning: areacell is None for variable 'unknown'; synthesising cosine-latitude weights. Provide areacella/sftlf for accurate spatial averages.
  ssh_map, keyerror = AverageMeridional(ssh_map)
/scratch/p66/ars599/enso_metrics_cache/pythonpath/EnsoMetrics/EnsoMetricsLib.py:8835: UserWarning: areacell is None for variable 'unknown'; synthesising cosine-latitude weights. Provide areacella/sftlf for accurate spatial averages.
  ssh_map, keyerror = AverageMeridional(ssh_map)
/scratch/p66/ars599/enso_metrics_cache/pythonpath/EnsoMetrics/EnsoMetricsLib.py:8835: UserWarning: areacell is None for variable 'unknown'; synthesising cosine-latitude weights. Provide areacella/sftlf for accurate spatial averages.
  ssh_map, keyerror = AverageMeridional(ssh_map)
/scratch/p66/ars599/enso_metrics_cache/pythonpath/EnsoMetrics/EnsoMetricsLib.py:11532: UserWarning: areacell is None for variable 'unknown'; synthesising cosine-latitude weights. Provide areacella/sftlf for accurate spatial averages.
  sst2, keyerror1 = AverageMeridional(sst2)
/scratch/p66/ars599/enso_metrics_cache/pythonpath/EnsoMetrics/EnsoMetricsLib.py:11533: UserWarning: areacell is None for variable 'unknown'; synthesising cosine-latitude weights. Provide areacella/sftlf for accurate spatial averages.
  sst3_NDJ, keyerror2 = AverageMeridional(sst3_NDJ)
/scratch/p66/ars599/enso_metrics_cache/pythonpath/EnsoMetrics/EnsoMetricsLib.py:11534: UserWarning: areacell is None for variable 'unknown'; synthesising cosine-latitude weights. Provide areacella/sftlf for accurate spatial averages.
  sst3_MAM, keyerror3 = AverageMeridional(sst3_MAM)
/scratch/p66/ars599/enso_metrics_cache/pythonpath/EnsoMetrics/EnsoUvcdatToolsLib.py:7406: UserWarning: areacell is None for variable 'tos'; synthesising cosine-latitude weights. Provide areacella/sftlf for accurate spatial averages.
  variable, areacell, keyerror3 = Read_mask_area(
/scratch/p66/ars599/enso_metrics_cache/pythonpath/EnsoMetrics/EnsoUvcdatToolsLib.py:7303: UserWarning: areacell is None for variable 'unknown'; synthesising cosine-latitude weights. Provide areacella/sftlf for accurate spatial averages.
  tab, keyerror = dict_average[average](tab, areacell, region=region, **kwargs)
/scratch/p66/ars599/enso_metrics_cache/pythonpath/EnsoMetrics/EnsoUvcdatToolsLib.py:7303: UserWarning: areacell is None for variable 'unknown'; synthesising cosine-latitude weights. Provide areacella/sftlf for accurate spatial averages.
  tab, keyerror = dict_average[average](tab, areacell, region=region, **kwargs)
/scratch/p66/ars599/enso_metrics_cache/pythonpath/EnsoMetrics/EnsoUvcdatToolsLib.py:7406: UserWarning: areacell is None for variable 'tos'; synthesising cosine-latitude weights. Provide areacella/sftlf for accurate spatial averages.
  variable, areacell, keyerror3 = Read_mask_area(
/scratch/p66/ars599/enso_metrics_cache/pythonpath/EnsoMetrics/EnsoUvcdatToolsLib.py:7406: UserWarning: areacell is None for variable 'tos'; synthesising cosine-latitude weights. Provide areacella/sftlf for accurate spatial averages.
  variable, areacell, keyerror3 = Read_mask_area(
/scratch/p66/ars599/enso_metrics_cache/pythonpath/EnsoMetrics/EnsoMetricsLib.py:11532: UserWarning: areacell is None for variable 'unknown'; synthesising cosine-latitude weights. Provide areacella/sftlf for accurate spatial averages.
  sst2, keyerror1 = AverageMeridional(sst2)
/scratch/p66/ars599/enso_metrics_cache/pythonpath/EnsoMetrics/EnsoMetricsLib.py:11533: UserWarning: areacell is None for variable 'unknown'; synthesising cosine-latitude weights. Provide areacella/sftlf for accurate spatial averages.
  sst3_NDJ, keyerror2 = AverageMeridional(sst3_NDJ)
/scratch/p66/ars599/enso_metrics_cache/pythonpath/EnsoMetrics/EnsoMetricsLib.py:11534: UserWarning: areacell is None for variable 'unknown'; synthesising cosine-latitude weights. Provide areacella/sftlf for accurate spatial averages.
  sst3_MAM, keyerror3 = AverageMeridional(sst3_MAM)
/scratch/p66/ars599/enso_metrics_cache/pythonpath/EnsoMetrics/EnsoUvcdatToolsLib.py:7406: UserWarning: areacell is None for variable 'tos'; synthesising cosine-latitude weights. Provide areacella/sftlf for accurate spatial averages.
  variable, areacell, keyerror3 = Read_mask_area(
/scratch/p66/ars599/enso_metrics_cache/pythonpath/EnsoMetrics/EnsoMetricsLib.py:11532: UserWarning: areacell is None for variable 'unknown'; synthesising cosine-latitude weights. Provide areacella/sftlf for accurate spatial averages.
  sst2, keyerror1 = AverageMeridional(sst2)
/scratch/p66/ars599/enso_metrics_cache/pythonpath/EnsoMetrics/EnsoMetricsLib.py:11533: UserWarning: areacell is None for variable 'unknown'; synthesising cosine-latitude weights. Provide areacella/sftlf for accurate spatial averages.
  sst3_NDJ, keyerror2 = AverageMeridional(sst3_NDJ)
/scratch/p66/ars599/enso_metrics_cache/pythonpath/EnsoMetrics/EnsoMetricsLib.py:11534: UserWarning: areacell is None for variable 'unknown'; synthesising cosine-latitude weights. Provide areacella/sftlf for accurate spatial averages.
  sst3_MAM, keyerror3 = AverageMeridional(sst3_MAM)
/scratch/p66/ars599/enso_metrics_cache/pythonpath/EnsoMetrics/EnsoUvcdatToolsLib.py:7303: UserWarning: areacell is None for variable 'unknown'; synthesising cosine-latitude weights. Provide areacella/sftlf for accurate spatial averages.
  tab, keyerror = dict_average[average](tab, areacell, region=region, **kwargs)
/scratch/p66/ars599/enso_metrics_cache/pythonpath/EnsoMetrics/EnsoUvcdatToolsLib.py:7406: UserWarning: areacell is None for variable 'tos'; synthesising cosine-latitude weights. Provide areacella/sftlf for accurate spatial averages.
  variable, areacell, keyerror3 = Read_mask_area(
/scratch/p66/ars599/enso_metrics_cache/pythonpath/EnsoMetrics/EnsoUvcdatToolsLib.py:7303: UserWarning: areacell is None for variable 'unknown'; synthesising cosine-latitude weights. Provide areacella/sftlf for accurate spatial averages.
  tab, keyerror = dict_average[average](tab, areacell, region=region, **kwargs)
/scratch/p66/ars599/enso_metrics_cache/pythonpath/EnsoMetrics/EnsoUvcdatToolsLib.py:7303: UserWarning: areacell is None for variable 'unknown'; synthesising cosine-latitude weights. Provide areacella/sftlf for accurate spatial averages.
  tab, keyerror = dict_average[average](tab, areacell, region=region, **kwargs)
/scratch/p66/ars599/enso_metrics_cache/pythonpath/EnsoMetrics/EnsoUvcdatToolsLib.py:7303: UserWarning: areacell is None for variable 'unknown'; synthesising cosine-latitude weights. Provide areacella/sftlf for accurate spatial averages.
  tab, keyerror = dict_average[average](tab, areacell, region=region, **kwargs)
/scratch/p66/ars599/enso_metrics_cache/pythonpath/EnsoMetrics/EnsoUvcdatToolsLib.py:7406: UserWarning: areacell is None for variable 'tos'; synthesising cosine-latitude weights. Provide areacella/sftlf for accurate spatial averages.
  variable, areacell, keyerror3 = Read_mask_area(
/scratch/p66/ars599/enso_metrics_cache/pythonpath/EnsoMetrics/EnsoUvcdatToolsLib.py:7406: UserWarning: areacell is None for variable 'tos'; synthesising cosine-latitude weights. Provide areacella/sftlf for accurate spatial averages.
  variable, areacell, keyerror3 = Read_mask_area(
/scratch/p66/ars599/enso_metrics_cache/pythonpath/EnsoMetrics/EnsoUvcdatToolsLib.py:7406: UserWarning: areacell is None for variable 'tos'; synthesising cosine-latitude weights. Provide areacella/sftlf for accurate spatial averages.
  variable, areacell, keyerror3 = Read_mask_area(
/scratch/p66/ars599/enso_metrics_cache/pythonpath/EnsoMetrics/EnsoMetricsLib.py:11532: UserWarning: areacell is None for variable 'unknown'; synthesising cosine-latitude weights. Provide areacella/sftlf for accurate spatial averages.
  sst2, keyerror1 = AverageMeridional(sst2)
/scratch/p66/ars599/enso_metrics_cache/pythonpath/EnsoMetrics/EnsoMetricsLib.py:11533: UserWarning: areacell is None for variable 'unknown'; synthesising cosine-latitude weights. Provide areacella/sftlf for accurate spatial averages.
  sst3_NDJ, keyerror2 = AverageMeridional(sst3_NDJ)
/scratch/p66/ars599/enso_metrics_cache/pythonpath/EnsoMetrics/EnsoMetricsLib.py:11534: UserWarning: areacell is None for variable 'unknown'; synthesising cosine-latitude weights. Provide areacella/sftlf for accurate spatial averages.
  sst3_MAM, keyerror3 = AverageMeridional(sst3_MAM)
/scratch/p66/ars599/enso_metrics_cache/pythonpath/EnsoMetrics/EnsoUvcdatToolsLib.py:7406: UserWarning: areacell is None for variable 'tos'; synthesising cosine-latitude weights. Provide areacella/sftlf for accurate spatial averages.
  variable, areacell, keyerror3 = Read_mask_area(
/scratch/p66/ars599/enso_metrics_cache/pythonpath/EnsoMetrics/EnsoUvcdatToolsLib.py:7406: UserWarning: areacell is None for variable 'tos'; synthesising cosine-latitude weights. Provide areacella/sftlf for accurate spatial averages.
  variable, areacell, keyerror3 = Read_mask_area(
/scratch/p66/ars599/enso_metrics_cache/pythonpath/EnsoMetrics/EnsoUvcdatToolsLib.py:7303: UserWarning: areacell is None for variable 'unknown'; synthesising cosine-latitude weights. Provide areacella/sftlf for accurate spatial averages.
  tab, keyerror = dict_average[average](tab, areacell, region=region, **kwargs)
/scratch/p66/ars599/enso_metrics_cache/pythonpath/EnsoMetrics/EnsoUvcdatToolsLib.py:7303: UserWarning: areacell is None for variable 'unknown'; synthesising cosine-latitude weights. Provide areacella/sftlf for accurate spatial averages.
  tab, keyerror = dict_average[average](tab, areacell, region=region, **kwargs)
/scratch/p66/ars599/enso_metrics_cache/pythonpath/EnsoMetrics/EnsoUvcdatToolsLib.py:7406: UserWarning: areacell is None for variable 'tos'; synthesising cosine-latitude weights. Provide areacella/sftlf for accurate spatial averages.
  variable, areacell, keyerror3 = Read_mask_area(
/scratch/p66/ars599/enso_metrics_cache/pythonpath/EnsoMetrics/EnsoUvcdatToolsLib.py:7406: UserWarning: areacell is None for variable 'tos'; synthesising cosine-latitude weights. Provide areacella/sftlf for accurate spatial averages.
  variable, areacell, keyerror3 = Read_mask_area(
/scratch/p66/ars599/enso_metrics_cache/pythonpath/EnsoMetrics/EnsoMetricsLib.py:11532: UserWarning: areacell is None for variable 'unknown'; synthesising cosine-latitude weights. Provide areacella/sftlf for accurate spatial averages.
  sst2, keyerror1 = AverageMeridional(sst2)
/scratch/p66/ars599/enso_metrics_cache/pythonpath/EnsoMetrics/EnsoMetricsLib.py:11533: UserWarning: areacell is None for variable 'unknown'; synthesising cosine-latitude weights. Provide areacella/sftlf for accurate spatial averages.
  sst3_NDJ, keyerror2 = AverageMeridional(sst3_NDJ)
/scratch/p66/ars599/enso_metrics_cache/pythonpath/EnsoMetrics/EnsoMetricsLib.py:11534: UserWarning: areacell is None for variable 'unknown'; synthesising cosine-latitude weights. Provide areacella/sftlf for accurate spatial averages.
  sst3_MAM, keyerror3 = AverageMeridional(sst3_MAM)
/scratch/p66/ars599/enso_metrics_cache/pythonpath/EnsoMetrics/EnsoMetricsLib.py:11532: UserWarning: areacell is None for variable 'unknown'; synthesising cosine-latitude weights. Provide areacella/sftlf for accurate spatial averages.
  sst2, keyerror1 = AverageMeridional(sst2)
/scratch/p66/ars599/enso_metrics_cache/pythonpath/EnsoMetrics/EnsoMetricsLib.py:11533: UserWarning: areacell is None for variable 'unknown'; synthesising cosine-latitude weights. Provide areacella/sftlf for accurate spatial averages.
  sst3_NDJ, keyerror2 = AverageMeridional(sst3_NDJ)
/scratch/p66/ars599/enso_metrics_cache/pythonpath/EnsoMetrics/EnsoMetricsLib.py:11534: UserWarning: areacell is None for variable 'unknown'; synthesising cosine-latitude weights. Provide areacella/sftlf for accurate spatial averages.
  sst3_MAM, keyerror3 = AverageMeridional(sst3_MAM)
/scratch/p66/ars599/enso_metrics_cache/pythonpath/EnsoMetrics/EnsoMetricsLib.py:11532: UserWarning: areacell is None for variable 'unknown'; synthesising cosine-latitude weights. Provide areacella/sftlf for accurate spatial averages.
  sst2, keyerror1 = AverageMeridional(sst2)
/scratch/p66/ars599/enso_metrics_cache/pythonpath/EnsoMetrics/EnsoMetricsLib.py:11533: UserWarning: areacell is None for variable 'unknown'; synthesising cosine-latitude weights. Provide areacella/sftlf for accurate spatial averages.
  sst3_NDJ, keyerror2 = AverageMeridional(sst3_NDJ)
/scratch/p66/ars599/enso_metrics_cache/pythonpath/EnsoMetrics/EnsoMetricsLib.py:11534: UserWarning: areacell is None for variable 'unknown'; synthesising cosine-latitude weights. Provide areacella/sftlf for accurate spatial averages.
  sst3_MAM, keyerror3 = AverageMeridional(sst3_MAM)
/scratch/p66/ars599/enso_metrics_cache/pythonpath/EnsoMetrics/EnsoUvcdatToolsLib.py:7406: UserWarning: areacell is None for variable 'tos'; synthesising cosine-latitude weights. Provide areacella/sftlf for accurate spatial averages.
  variable, areacell, keyerror3 = Read_mask_area(
/scratch/p66/ars599/enso_metrics_cache/pythonpath/EnsoMetrics/EnsoUvcdatToolsLib.py:7303: UserWarning: areacell is None for variable 'unknown'; synthesising cosine-latitude weights. Provide areacella/sftlf for accurate spatial averages.
  tab, keyerror = dict_average[average](tab, areacell, region=region, **kwargs)
/scratch/p66/ars599/enso_metrics_cache/pythonpath/EnsoMetrics/EnsoUvcdatToolsLib.py:7303: UserWarning: areacell is None for variable 'unknown'; synthesising cosine-latitude weights. Provide areacella/sftlf for accurate spatial averages.
  tab, keyerror = dict_average[average](tab, areacell, region=region, **kwargs)
/scratch/p66/ars599/enso_metrics_cache/pythonpath/EnsoMetrics/EnsoUvcdatToolsLib.py:7406: UserWarning: areacell is None for variable 'tos'; synthesising cosine-latitude weights. Provide areacella/sftlf for accurate spatial averages.
  variable, areacell, keyerror3 = Read_mask_area(
/scratch/p66/ars599/enso_metrics_cache/pythonpath/EnsoMetrics/EnsoUvcdatToolsLib.py:7303: UserWarning: areacell is None for variable 'unknown'; synthesising cosine-latitude weights. Provide areacella/sftlf for accurate spatial averages.
  tab, keyerror = dict_average[average](tab, areacell, region=region, **kwargs)
/scratch/p66/ars599/enso_metrics_cache/pythonpath/EnsoMetrics/EnsoUvcdatToolsLib.py:7406: UserWarning: areacell is None for variable 'tos'; synthesising cosine-latitude weights. Provide areacella/sftlf for accurate spatial averages.
  variable, areacell, keyerror3 = Read_mask_area(
/scratch/p66/ars599/enso_metrics_cache/pythonpath/EnsoMetrics/EnsoUvcdatToolsLib.py:7303: UserWarning: areacell is None for variable 'unknown'; synthesising cosine-latitude weights. Provide areacella/sftlf for accurate spatial averages.
  tab, keyerror = dict_average[average](tab, areacell, region=region, **kwargs)
/scratch/p66/ars599/enso_metrics_cache/pythonpath/EnsoMetrics/EnsoUvcdatToolsLib.py:7406: UserWarning: areacell is None for variable 'tos'; synthesising cosine-latitude weights. Provide areacella/sftlf for accurate spatial averages.
  variable, areacell, keyerror3 = Read_mask_area(
/scratch/p66/ars599/enso_metrics_cache/pythonpath/EnsoMetrics/EnsoUvcdatToolsLib.py:7406: UserWarning: areacell is None for variable 'tos'; synthesising cosine-latitude weights. Provide areacella/sftlf for accurate spatial averages.
  variable, areacell, keyerror3 = Read_mask_area(
/scratch/p66/ars599/enso_metrics_cache/pythonpath/EnsoMetrics/EnsoUvcdatToolsLib.py:7406: UserWarning: areacell is None for variable 'tos'; synthesising cosine-latitude weights. Provide areacella/sftlf for accurate spatial averages.
  variable, areacell, keyerror3 = Read_mask_area(
/scratch/p66/ars599/enso_metrics_cache/pythonpath/EnsoMetrics/EnsoMetricsLib.py:11532: UserWarning: areacell is None for variable 'unknown'; synthesising cosine-latitude weights. Provide areacella/sftlf for accurate spatial averages.
  sst2, keyerror1 = AverageMeridional(sst2)
/scratch/p66/ars599/enso_metrics_cache/pythonpath/EnsoMetrics/EnsoMetricsLib.py:11533: UserWarning: areacell is None for variable 'unknown'; synthesising cosine-latitude weights. Provide areacella/sftlf for accurate spatial averages.
  sst3_NDJ, keyerror2 = AverageMeridional(sst3_NDJ)
/scratch/p66/ars599/enso_metrics_cache/pythonpath/EnsoMetrics/EnsoMetricsLib.py:11534: UserWarning: areacell is None for variable 'unknown'; synthesising cosine-latitude weights. Provide areacella/sftlf for accurate spatial averages.
  sst3_MAM, keyerror3 = AverageMeridional(sst3_MAM)
/scratch/p66/ars599/enso_metrics_cache/pythonpath/EnsoMetrics/EnsoMetricsLib.py:11532: UserWarning: areacell is None for variable 'unknown'; synthesising cosine-latitude weights. Provide areacella/sftlf for accurate spatial averages.
  sst2, keyerror1 = AverageMeridional(sst2)
/scratch/p66/ars599/enso_metrics_cache/pythonpath/EnsoMetrics/EnsoMetricsLib.py:11533: UserWarning: areacell is None for variable 'unknown'; synthesising cosine-latitude weights. Provide areacella/sftlf for accurate spatial averages.
  sst3_NDJ, keyerror2 = AverageMeridional(sst3_NDJ)
/scratch/p66/ars599/enso_metrics_cache/pythonpath/EnsoMetrics/EnsoMetricsLib.py:11534: UserWarning: areacell is None for variable 'unknown'; synthesising cosine-latitude weights. Provide areacella/sftlf for accurate spatial averages.
  sst3_MAM, keyerror3 = AverageMeridional(sst3_MAM)
/scratch/p66/ars599/enso_metrics_cache/pythonpath/EnsoMetrics/EnsoUvcdatToolsLib.py:7406: UserWarning: areacell is None for variable 'tos'; synthesising cosine-latitude weights. Provide areacella/sftlf for accurate spatial averages.
  variable, areacell, keyerror3 = Read_mask_area(
/scratch/p66/ars599/enso_metrics_cache/pythonpath/EnsoMetrics/EnsoUvcdatToolsLib.py:7406: UserWarning: areacell is None for variable 'tos'; synthesising cosine-latitude weights. Provide areacella/sftlf for accurate spatial averages.
  variable, areacell, keyerror3 = Read_mask_area(
/scratch/p66/ars599/enso_metrics_cache/pythonpath/EnsoMetrics/EnsoUvcdatToolsLib.py:7406: UserWarning: areacell is None for variable 'tos'; synthesising cosine-latitude weights. Provide areacella/sftlf for accurate spatial averages.
  variable, areacell, keyerror3 = Read_mask_area(
/scratch/p66/ars599/enso_metrics_cache/pythonpath/EnsoMetrics/EnsoUvcdatToolsLib.py:7406: UserWarning: areacell is None for variable 'tos'; synthesising cosine-latitude weights. Provide areacella/sftlf for accurate spatial averages.
  variable, areacell, keyerror3 = Read_mask_area(
/scratch/p66/ars599/enso_metrics_cache/pythonpath/EnsoMetrics/EnsoUvcdatToolsLib.py:7406: UserWarning: areacell is None for variable 'tos'; synthesising cosine-latitude weights. Provide areacella/sftlf for accurate spatial averages.
  variable, areacell, keyerror3 = Read_mask_area(
/scratch/p66/ars599/enso_metrics_cache/pythonpath/EnsoMetrics/EnsoUvcdatToolsLib.py:7406: UserWarning: areacell is None for variable 'tos'; synthesising cosine-latitude weights. Provide areacella/sftlf for accurate spatial averages.
  variable, areacell, keyerror3 = Read_mask_area(
/scratch/p66/ars599/enso_metrics_cache/pythonpath/EnsoMetrics/EnsoUvcdatToolsLib.py:7303: UserWarning: areacell is None for variable 'unknown'; synthesising cosine-latitude weights. Provide areacella/sftlf for accurate spatial averages.
  tab, keyerror = dict_average[average](tab, areacell, region=region, **kwargs)
/scratch/p66/ars599/enso_metrics_cache/pythonpath/EnsoMetrics/EnsoUvcdatToolsLib.py:7303: UserWarning: areacell is None for variable 'unknown'; synthesising cosine-latitude weights. Provide areacella/sftlf for accurate spatial averages.
  tab, keyerror = dict_average[average](tab, areacell, region=region, **kwargs)
/scratch/p66/ars599/enso_metrics_cache/pythonpath/EnsoMetrics/EnsoUvcdatToolsLib.py:7303: UserWarning: areacell is None for variable 'unknown'; synthesising cosine-latitude weights. Provide areacella/sftlf for accurate spatial averages.
  tab, keyerror = dict_average[average](tab, areacell, region=region, **kwargs)
/scratch/p66/ars599/enso_metrics_cache/pythonpath/EnsoMetrics/EnsoMetricsLib.py:14907: UserWarning: areacell is None for variable 'unknown'; synthesising cosine-latitude weights. Provide areacella/sftlf for accurate spatial averages.
  sstlon_mod, keyerror_mod = AverageMeridional(sstmap_mod)
/scratch/p66/ars599/enso_metrics_cache/pythonpath/EnsoMetrics/EnsoMetricsLib.py:14908: UserWarning: areacell is None for variable 'unknown'; synthesising cosine-latitude weights. Provide areacella/sftlf for accurate spatial averages.
  sstlon_obs, keyerror_obs = AverageMeridional(sstmap_obs)
/scratch/p66/ars599/enso_metrics_cache/pythonpath/EnsoMetrics/EnsoMetricsLib.py:14907: UserWarning: areacell is None for variable 'unknown'; synthesising cosine-latitude weights. Provide areacella/sftlf for accurate spatial averages.
  sstlon_mod, keyerror_mod = AverageMeridional(sstmap_mod)
/scratch/p66/ars599/enso_metrics_cache/pythonpath/EnsoMetrics/EnsoMetricsLib.py:14908: UserWarning: areacell is None for variable 'unknown'; synthesising cosine-latitude weights. Provide areacella/sftlf for accurate spatial averages.
  sstlon_obs, keyerror_obs = AverageMeridional(sstmap_obs)
/scratch/p66/ars599/enso_metrics_cache/pythonpath/EnsoMetrics/EnsoMetricsLib.py:14907: UserWarning: areacell is None for variable 'unknown'; synthesising cosine-latitude weights. Provide areacella/sftlf for accurate spatial averages.
  sstlon_mod, keyerror_mod = AverageMeridional(sstmap_mod)
/scratch/p66/ars599/enso_metrics_cache/pythonpath/EnsoMetrics/EnsoMetricsLib.py:14908: UserWarning: areacell is None for variable 'unknown'; synthesising cosine-latitude weights. Provide areacella/sftlf for accurate spatial averages.
  sstlon_obs, keyerror_obs = AverageMeridional(sstmap_obs)
/scratch/p66/ars599/enso_metrics_cache/pythonpath/EnsoMetrics/EnsoUvcdatToolsLib.py:7406: UserWarning: areacell is None for variable 'tos'; synthesising cosine-latitude weights. Provide areacella/sftlf for accurate spatial averages.
  variable, areacell, keyerror3 = Read_mask_area(
/scratch/p66/ars599/enso_metrics_cache/pythonpath/EnsoMetrics/EnsoUvcdatToolsLib.py:7406: UserWarning: areacell is None for variable 'tos'; synthesising cosine-latitude weights. Provide areacella/sftlf for accurate spatial averages.
  variable, areacell, keyerror3 = Read_mask_area(
/scratch/p66/ars599/enso_metrics_cache/pythonpath/EnsoMetrics/EnsoUvcdatToolsLib.py:7406: UserWarning: areacell is None for variable 'tos'; synthesising cosine-latitude weights. Provide areacella/sftlf for accurate spatial averages.
  variable, areacell, keyerror3 = Read_mask_area(
/scratch/p66/ars599/enso_metrics_cache/pythonpath/EnsoMetrics/EnsoUvcdatToolsLib.py:7406: UserWarning: areacell is None for variable 'tos'; synthesising cosine-latitude weights. Provide areacella/sftlf for accurate spatial averages.
  variable, areacell, keyerror3 = Read_mask_area(
/scratch/p66/ars599/enso_metrics_cache/pythonpath/EnsoMetrics/EnsoUvcdatToolsLib.py:7406: UserWarning: areacell is None for variable 'tos'; synthesising cosine-latitude weights. Provide areacella/sftlf for accurate spatial averages.
  variable, areacell, keyerror3 = Read_mask_area(
/scratch/p66/ars599/enso_metrics_cache/pythonpath/EnsoMetrics/EnsoUvcdatToolsLib.py:7406: UserWarning: areacell is None for variable 'tos'; synthesising cosine-latitude weights. Provide areacella/sftlf for accurate spatial averages.
  variable, areacell, keyerror3 = Read_mask_area(
/scratch/p66/ars599/enso_metrics_cache/pythonpath/EnsoMetrics/EnsoUvcdatToolsLib.py:7406: UserWarning: areacell is None for variable 'tos'; synthesising cosine-latitude weights. Provide areacella/sftlf for accurate spatial averages.
  variable, areacell, keyerror3 = Read_mask_area(
/scratch/p66/ars599/enso_metrics_cache/pythonpath/EnsoMetrics/EnsoUvcdatToolsLib.py:7406: UserWarning: areacell is None for variable 'tos'; synthesising cosine-latitude weights. Provide areacella/sftlf for accurate spatial averages.
  variable, areacell, keyerror3 = Read_mask_area(
/scratch/p66/ars599/enso_metrics_cache/pythonpath/EnsoMetrics/EnsoUvcdatToolsLib.py:7406: UserWarning: areacell is None for variable 'tos'; synthesising cosine-latitude weights. Provide areacella/sftlf for accurate spatial averages.
  variable, areacell, keyerror3 = Read_mask_area(
/scratch/p66/ars599/enso_metrics_cache/pythonpath/EnsoMetrics/EnsoUvcdatToolsLib.py:7303: UserWarning: areacell is None for variable 'unknown'; synthesising cosine-latitude weights. Provide areacella/sftlf for accurate spatial averages.
  tab, keyerror = dict_average[average](tab, areacell, region=region, **kwargs)
/scratch/p66/ars599/enso_metrics_cache/pythonpath/EnsoMetrics/EnsoMetricsLib.py:14907: UserWarning: areacell is None for variable 'unknown'; synthesising cosine-latitude weights. Provide areacella/sftlf for accurate spatial averages.
  sstlon_mod, keyerror_mod = AverageMeridional(sstmap_mod)
/scratch/p66/ars599/enso_metrics_cache/pythonpath/EnsoMetrics/EnsoMetricsLib.py:14908: UserWarning: areacell is None for variable 'unknown'; synthesising cosine-latitude weights. Provide areacella/sftlf for accurate spatial averages.
  sstlon_obs, keyerror_obs = AverageMeridional(sstmap_obs)
/scratch/p66/ars599/enso_metrics_cache/pythonpath/EnsoMetrics/EnsoUvcdatToolsLib.py:7303: UserWarning: areacell is None for variable 'unknown'; synthesising cosine-latitude weights. Provide areacella/sftlf for accurate spatial averages.
  tab, keyerror = dict_average[average](tab, areacell, region=region, **kwargs)
/scratch/p66/ars599/enso_metrics_cache/pythonpath/EnsoMetrics/EnsoUvcdatToolsLib.py:7303: UserWarning: areacell is None for variable 'unknown'; synthesising cosine-latitude weights. Provide areacella/sftlf for accurate spatial averages.
  tab, keyerror = dict_average[average](tab, areacell, region=region, **kwargs)
/scratch/p66/ars599/enso_metrics_cache/pythonpath/EnsoMetrics/EnsoMetricsLib.py:14907: UserWarning: areacell is None for variable 'unknown'; synthesising cosine-latitude weights. Provide areacella/sftlf for accurate spatial averages.
  sstlon_mod, keyerror_mod = AverageMeridional(sstmap_mod)
/scratch/p66/ars599/enso_metrics_cache/pythonpath/EnsoMetrics/EnsoMetricsLib.py:14908: UserWarning: areacell is None for variable 'unknown'; synthesising cosine-latitude weights. Provide areacella/sftlf for accurate spatial averages.
  sstlon_obs, keyerror_obs = AverageMeridional(sstmap_obs)
/scratch/p66/ars599/enso_metrics_cache/pythonpath/EnsoMetrics/EnsoMetricsLib.py:14907: UserWarning: areacell is None for variable 'unknown'; synthesising cosine-latitude weights. Provide areacella/sftlf for accurate spatial averages.
  sstlon_mod, keyerror_mod = AverageMeridional(sstmap_mod)
/scratch/p66/ars599/enso_metrics_cache/pythonpath/EnsoMetrics/EnsoMetricsLib.py:14908: UserWarning: areacell is None for variable 'unknown'; synthesising cosine-latitude weights. Provide areacella/sftlf for accurate spatial averages.
  sstlon_obs, keyerror_obs = AverageMeridional(sstmap_obs)
/scratch/p66/ars599/enso_metrics_cache/pythonpath/EnsoMetrics/EnsoUvcdatToolsLib.py:7406: UserWarning: areacell is None for variable 'tos'; synthesising cosine-latitude weights. Provide areacella/sftlf for accurate spatial averages.
  variable, areacell, keyerror3 = Read_mask_area(
/scratch/p66/ars599/enso_metrics_cache/pythonpath/EnsoMetrics/EnsoUvcdatToolsLib.py:7406: UserWarning: areacell is None for variable 'tos'; synthesising cosine-latitude weights. Provide areacella/sftlf for accurate spatial averages.
  variable, areacell, keyerror3 = Read_mask_area(
/scratch/p66/ars599/enso_metrics_cache/pythonpath/EnsoMetrics/EnsoUvcdatToolsLib.py:7406: UserWarning: areacell is None for variable 'tos'; synthesising cosine-latitude weights. Provide areacella/sftlf for accurate spatial averages.
  variable, areacell, keyerror3 = Read_mask_area(
/scratch/p66/ars599/enso_metrics_cache/pythonpath/EnsoMetrics/EnsoMetricsLib.py:12116: UserWarning: areacell is None for variable 'skewness'; synthesising cosine-latitude weights. Provide areacella/sftlf for accurate spatial averages.
  sst2, keyerror = AverageMeridional(sst2)
/scratch/p66/ars599/enso_metrics_cache/pythonpath/EnsoMetrics/EnsoUvcdatToolsLib.py:7406: UserWarning: areacell is None for variable 'tos'; synthesising cosine-latitude weights. Provide areacella/sftlf for accurate spatial averages.
  variable, areacell, keyerror3 = Read_mask_area(
/scratch/p66/ars599/enso_metrics_cache/pythonpath/EnsoMetrics/EnsoUvcdatToolsLib.py:7303: UserWarning: areacell is None for variable 'unknown'; synthesising cosine-latitude weights. Provide areacella/sftlf for accurate spatial averages.
  tab, keyerror = dict_average[average](tab, areacell, region=region, **kwargs)
/scratch/p66/ars599/enso_metrics_cache/pythonpath/EnsoMetrics/EnsoUvcdatToolsLib.py:7406: UserWarning: areacell is None for variable 'tos'; synthesising cosine-latitude weights. Provide areacella/sftlf for accurate spatial averages.
  variable, areacell, keyerror3 = Read_mask_area(
/scratch/p66/ars599/enso_metrics_cache/pythonpath/EnsoMetrics/EnsoUvcdatToolsLib.py:7406: UserWarning: areacell is None for variable 'tos'; synthesising cosine-latitude weights. Provide areacella/sftlf for accurate spatial averages.
  variable, areacell, keyerror3 = Read_mask_area(
/scratch/p66/ars599/enso_metrics_cache/pythonpath/EnsoMetrics/EnsoMetricsLib.py:12116: UserWarning: areacell is None for variable 'skewness'; synthesising cosine-latitude weights. Provide areacella/sftlf for accurate spatial averages.
  sst2, keyerror = AverageMeridional(sst2)
/scratch/p66/ars599/enso_metrics_cache/pythonpath/EnsoMetrics/EnsoUvcdatToolsLib.py:7406: UserWarning: areacell is None for variable 'tos'; synthesising cosine-latitude weights. Provide areacella/sftlf for accurate spatial averages.
  variable, areacell, keyerror3 = Read_mask_area(
/scratch/p66/ars599/enso_metrics_cache/pythonpath/EnsoMetrics/EnsoMetricsLib.py:12116: UserWarning: areacell is None for variable 'skewness'; synthesising cosine-latitude weights. Provide areacella/sftlf for accurate spatial averages.
  sst2, keyerror = AverageMeridional(sst2)
/scratch/p66/ars599/enso_metrics_cache/pythonpath/EnsoMetrics/EnsoUvcdatToolsLib.py:7303: UserWarning: areacell is None for variable 'unknown'; synthesising cosine-latitude weights. Provide areacella/sftlf for accurate spatial averages.
  tab, keyerror = dict_average[average](tab, areacell, region=region, **kwargs)
/scratch/p66/ars599/enso_metrics_cache/pythonpath/EnsoMetrics/EnsoMetricsLib.py:12116: UserWarning: areacell is None for variable 'skewness'; synthesising cosine-latitude weights. Provide areacella/sftlf for accurate spatial averages.
  sst2, keyerror = AverageMeridional(sst2)
/scratch/p66/ars599/enso_metrics_cache/pythonpath/EnsoMetrics/EnsoUvcdatToolsLib.py:7406: UserWarning: areacell is None for variable 'tos'; synthesising cosine-latitude weights. Provide areacella/sftlf for accurate spatial averages.
  variable, areacell, keyerror3 = Read_mask_area(
/scratch/p66/ars599/enso_metrics_cache/pythonpath/EnsoMetrics/EnsoUvcdatToolsLib.py:7406: UserWarning: areacell is None for variable 'tos'; synthesising cosine-latitude weights. Provide areacella/sftlf for accurate spatial averages.
  variable, areacell, keyerror3 = Read_mask_area(
/scratch/p66/ars599/enso_metrics_cache/pythonpath/EnsoMetrics/EnsoUvcdatToolsLib.py:7303: UserWarning: areacell is None for variable 'unknown'; synthesising cosine-latitude weights. Provide areacella/sftlf for accurate spatial averages.
  tab, keyerror = dict_average[average](tab, areacell, region=region, **kwargs)
/scratch/p66/ars599/enso_metrics_cache/pythonpath/EnsoMetrics/EnsoUvcdatToolsLib.py:7303: UserWarning: areacell is None for variable 'unknown'; synthesising cosine-latitude weights. Provide areacella/sftlf for accurate spatial averages.
  tab, keyerror = dict_average[average](tab, areacell, region=region, **kwargs)
/scratch/p66/ars599/enso_metrics_cache/pythonpath/EnsoMetrics/EnsoUvcdatToolsLib.py:7406: UserWarning: areacell is None for variable 'tos'; synthesising cosine-latitude weights. Provide areacella/sftlf for accurate spatial averages.
  variable, areacell, keyerror3 = Read_mask_area(
/scratch/p66/ars599/enso_metrics_cache/pythonpath/EnsoMetrics/EnsoUvcdatToolsLib.py:7406: UserWarning: areacell is None for variable 'tos'; synthesising cosine-latitude weights. Provide areacella/sftlf for accurate spatial averages.
  variable, areacell, keyerror3 = Read_mask_area(
/scratch/p66/ars599/enso_metrics_cache/pythonpath/EnsoMetrics/EnsoUvcdatToolsLib.py:7406: UserWarning: areacell is None for variable 'tos'; synthesising cosine-latitude weights. Provide areacella/sftlf for accurate spatial averages.
  variable, areacell, keyerror3 = Read_mask_area(
/scratch/p66/ars599/enso_metrics_cache/pythonpath/EnsoMetrics/EnsoUvcdatToolsLib.py:7406: UserWarning: areacell is None for variable 'tos'; synthesising cosine-latitude weights. Provide areacella/sftlf for accurate spatial averages.
  variable, areacell, keyerror3 = Read_mask_area(
/scratch/p66/ars599/enso_metrics_cache/pythonpath/EnsoMetrics/EnsoUvcdatToolsLib.py:7406: UserWarning: areacell is None for variable 'tos'; synthesising cosine-latitude weights. Provide areacella/sftlf for accurate spatial averages.
  variable, areacell, keyerror3 = Read_mask_area(
/scratch/p66/ars599/enso_metrics_cache/pythonpath/EnsoMetrics/EnsoUvcdatToolsLib.py:7406: UserWarning: areacell is None for variable 'tos'; synthesising cosine-latitude weights. Provide areacella/sftlf for accurate spatial averages.
  variable, areacell, keyerror3 = Read_mask_area(
/scratch/p66/ars599/enso_metrics_cache/pythonpath/EnsoMetrics/EnsoMetricsLib.py:12116: UserWarning: areacell is None for variable 'skewness'; synthesising cosine-latitude weights. Provide areacella/sftlf for accurate spatial averages.
  sst2, keyerror = AverageMeridional(sst2)
数据清单: /g/data/p66/ars599/ENSO_metrics/results_gadi_full/manifests/inventory.json
ACCESS-ESM1-5: root=/g/data/fs38/publications/CMIP6/CMIP/CSIRO/ACCESS-ESM1-5/historical/r5i1p1f1, variables=['lhf', 'lwr', 'pr', 'shf', 'ssh', 'sst', 'swr', 'taux', 'tauy', 'thf'], split=[]
[94m     ComputeCollection: metric = BiasSstLonRmse[0m
[94m     ComputeMetric: oneVarRMSmetric, BiasSstLonRmse = ACCESS-ESM1-5_r5i1p1f1 and HadISST[0m
[94m     ComputeMetric: oneVarRMSmetric, BiasSstLonRmse = ACCESS-ESM1-5_r5i1p1f1 and Tropflux[0m
[94m     ComputeCollection: metric = BiasTauxLonRmse[0m
[94m     ComputeMetric: oneVarRMSmetric, BiasTauxLonRmse = ACCESS-ESM1-5_r5i1p1f1 and Tropflux[0m
[93m                         NOTE: Estimated landmask applied[0m
[93m                         NOTE: Estimated landmask applied[0m
[93m                         NOTE: Estimated landmask applied[0m
[93m                         NOTE: Estimated landmask applied[0m
[94m     ComputeCollection: metric = EnsoAmpl[0m
[94m     ComputeMetric: oneVarmetric = ACCESS-ESM1-5_r5i1p1f1[0m
[94m     ComputeMetric: oneVarmetric = HadISST[0m
[94m     ComputeMetric: oneVarmetric = Tropflux[0m
[94m     ComputeCollection: metric = EnsodSstOce_2[0m
[94m     ComputeMetric: twoVarmetric = ACCESS-ESM1-5_r5i1p1f1[0m
[93m               EnsoUvcdatToolsLib ReadAndSelectRegion[0m
[93m                         hfls sign reversed[0m
[93m     range old = -2.78 to +253.66[0m
[93m     range new = -253.66 to +2.78[0m
[93m               EnsoUvcdatToolsLib ReadAndSelectRegion[0m
[93m                         hfss sign reversed[0m
[93m     range old = -3.52 to +37.02[0m
[93m     range new = -37.02 to +3.52[0m
[93m               EnsoUvcdatToolsLib ReadAndSelectRegion[0m
[93m                         hfls sign reversed[0m
[93m     range old = -2.78 to +258.30[0m
[93m     range new = -258.30 to +2.78[0m
[93m               EnsoUvcdatToolsLib ReadAndSelectRegion[0m
[93m                         hfss sign reversed[0m
[93m     range old = -3.52 to +64.81[0m
[93m     range new = -64.81 to +3.52[0m
[94m     ComputeMetric: twoVarmetric = HadISST_Tropflux[0m
[93m                         NOTE: Estimated landmask applied[0m
[93m                         NOTE: Estimated landmask applied[0m
[94m     ComputeMetric: twoVarmetric = Tropflux_Tropflux[0m
[93m                         NOTE: Estimated landmask applied[0m
[93m                         NOTE: Estimated landmask applied[0m
[94m     ComputeCollection: metric = EnsoFbSshSst[0m
[94m     ComputeMetric: twoVarmetric = ACCESS-ESM1-5_r5i1p1f1[0m
[94m     ComputeMetric: twoVarmetric = HadISST_AVISO[0m
[94m     ComputeMetric: twoVarmetric = Tropflux_AVISO[0m
[94m     ComputeCollection: metric = EnsoFbSstTaux[0m
[94m     ComputeMetric: twoVarmetric = ACCESS-ESM1-5_r5i1p1f1[0m
[93m                         NOTE: Estimated landmask applied[0m
[94m     ComputeMetric: twoVarmetric = HadISST_Tropflux[0m
[93m                         NOTE: Estimated landmask applied[0m
[93m                         NOTE: Estimated landmask applied[0m
[94m     ComputeMetric: twoVarmetric = Tropflux_Tropflux[0m
[93m                         NOTE: Estimated landmask applied[0m
[93m                         NOTE: Estimated landmask applied[0m
[94m     ComputeCollection: metric = EnsoFbSstThf[0m
[94m     ComputeMetric: twoVarmetric = ACCESS-ESM1-5_r5i1p1f1[0m
[93m               EnsoUvcdatToolsLib ReadAndSelectRegion[0m
[93m                         hfls sign reversed[0m
[93m     range old = -2.78 to +253.66[0m
[93m     range new = -253.66 to +2.78[0m
[93m               EnsoUvcdatToolsLib ReadAndSelectRegion[0m
[93m                         hfss sign reversed[0m
[93m     range old = -3.52 to +37.02[0m
[93m     range new = -37.02 to +3.52[0m
[93m               EnsoUvcdatToolsLib ReadAndSelectRegion[0m
[93m                         hfls sign reversed[0m
[93m     range old = -2.78 to +258.30[0m
[93m     range new = -258.30 to +2.78[0m
[93m               EnsoUvcdatToolsLib ReadAndSelectRegion[0m
[93m                         hfss sign reversed[0m
[93m     range old = -3.52 to +64.81[0m
[93m     range new = -64.81 to +3.52[0m
[94m     ComputeMetric: twoVarmetric = HadISST_Tropflux[0m
[93m                         NOTE: Estimated landmask applied[0m
[93m                         NOTE: Estimated landmask applied[0m
[94m     ComputeMetric: twoVarmetric = Tropflux_Tropflux[0m
[93m                         NOTE: Estimated landmask applied[0m
[93m                         NOTE: Estimated landmask applied[0m
[94m     ComputeCollection: metric = EnsoFbTauxSsh[0m
[94m     ComputeMetric: twoVarmetric = ACCESS-ESM1-5_r5i1p1f1[0m
[94m     ComputeMetric: twoVarmetric = Tropflux_AVISO[0m
[93m                         NOTE: Estimated landmask applied[0m
[94m     ComputeCollection: metric = EnsoSeasonality[0m
[94m     ComputeMetric: oneVarmetric = ACCESS-ESM1-5_r5i1p1f1[0m
[94m     ComputeMetric: oneVarmetric = HadISST[0m
[94m     ComputeMetric: oneVarmetric = Tropflux[0m
[94m     ComputeCollection: metric = EnsoSstLonRmse[0m
[94m     ComputeMetric: oneVarRMSmetric, EnsoSstLonRmse = ACCESS-ESM1-5_r5i1p1f1 and HadISST[0m
[94m     ComputeMetric: oneVarRMSmetric, EnsoSstLonRmse = ACCESS-ESM1-5_r5i1p1f1 and Tropflux[0m
[94m     ComputeCollection: metric = EnsoSstSkew[0m
[94m     ComputeMetric: oneVarmetric = ACCESS-ESM1-5_r5i1p1f1[0m
[94m     ComputeMetric: oneVarmetric = HadISST[0m
[94m     ComputeMetric: oneVarmetric = Tropflux[0m
完成时间: Mon Oct  5 04:01:04 UTC 2026
输出目录: /g/data/p66/ars599/ENSO_metrics/results_gadi_full
/scratch/p66/ars599/enso_metrics_cache/pythonpath/EnsoMetrics/EnsoMetricsLib.py:12116: UserWarning: areacell is None for variable 'skewness'; synthesising cosine-latitude weights. Provide areacella/sftlf for accurate spatial averages.
  sst2, keyerror = AverageMeridional(sst2)
/scratch/p66/ars599/enso_metrics_cache/pythonpath/EnsoMetrics/EnsoUvcdatToolsLib.py:7406: UserWarning: areacell is None for variable 'tos'; synthesising cosine-latitude weights. Provide areacella/sftlf for accurate spatial averages.
  variable, areacell, keyerror3 = Read_mask_area(
/scratch/p66/ars599/enso_metrics_cache/pythonpath/EnsoMetrics/EnsoUvcdatToolsLib.py:7303: UserWarning: areacell is None for variable 'unknown'; synthesising cosine-latitude weights. Provide areacella/sftlf for accurate spatial averages.
  tab, keyerror = dict_average[average](tab, areacell, region=region, **kwargs)
/scratch/p66/ars599/enso_metrics_cache/pythonpath/EnsoMetrics/EnsoMetricsLib.py:12116: UserWarning: areacell is None for variable 'skewness'; synthesising cosine-latitude weights. Provide areacella/sftlf for accurate spatial averages.
  sst2, keyerror = AverageMeridional(sst2)
/scratch/p66/ars599/enso_metrics_cache/pythonpath/EnsoMetrics/EnsoUvcdatToolsLib.py:7406: UserWarning: areacell is None for variable 'tos'; synthesising cosine-latitude weights. Provide areacella/sftlf for accurate spatial averages.
  variable, areacell, keyerror3 = Read_mask_area(
/scratch/p66/ars599/enso_metrics_cache/pythonpath/EnsoMetrics/EnsoUvcdatToolsLib.py:7406: UserWarning: areacell is None for variable 'tos'; synthesising cosine-latitude weights. Provide areacella/sftlf for accurate spatial averages.
  variable, areacell, keyerror3 = Read_mask_area(
/scratch/p66/ars599/enso_metrics_cache/pythonpath/EnsoMetrics/EnsoUvcdatToolsLib.py:7406: UserWarning: areacell is None for variable 'tos'; synthesising cosine-latitude weights. Provide areacella/sftlf for accurate spatial averages.
  variable, areacell, keyerror3 = Read_mask_area(
/scratch/p66/ars599/enso_metrics_cache/pythonpath/EnsoMetrics/EnsoUvcdatToolsLib.py:7303: UserWarning: areacell is None for variable 'unknown'; synthesising cosine-latitude weights. Provide areacella/sftlf for accurate spatial averages.
  tab, keyerror = dict_average[average](tab, areacell, region=region, **kwargs)
/scratch/p66/ars599/enso_metrics_cache/pythonpath/EnsoMetrics/EnsoUvcdatToolsLib.py:7406: UserWarning: areacell is None for variable 'tos'; synthesising cosine-latitude weights. Provide areacella/sftlf for accurate spatial averages.
  variable, areacell, keyerror3 = Read_mask_area(
/scratch/p66/ars599/enso_metrics_cache/pythonpath/EnsoMetrics/EnsoUvcdatToolsLib.py:7406: UserWarning: areacell is None for variable 'tos'; synthesising cosine-latitude weights. Provide areacella/sftlf for accurate spatial averages.
  variable, areacell, keyerror3 = Read_mask_area(
/scratch/p66/ars599/enso_metrics_cache/pythonpath/EnsoMetrics/EnsoMetricsLib.py:12116: UserWarning: areacell is None for variable 'skewness'; synthesising cosine-latitude weights. Provide areacella/sftlf for accurate spatial averages.
  sst2, keyerror = AverageMeridional(sst2)
数据清单: /g/data/p66/ars599/ENSO_metrics/results_gadi_full/manifests/inventory.json
ACCESS-ESM1-5: root=/g/data/fs38/publications/CMIP6/CMIP/CSIRO/ACCESS-ESM1-5/historical/r4i1p1f1, variables=['lhf', 'lwr', 'pr', 'shf', 'ssh', 'sst', 'swr', 'taux', 'tauy', 'thf'], split=[]
[94m     ComputeCollection: metric = BiasSstLonRmse[0m
[94m     ComputeMetric: oneVarRMSmetric, BiasSstLonRmse = ACCESS-ESM1-5_r4i1p1f1 and HadISST[0m
[94m     ComputeMetric: oneVarRMSmetric, BiasSstLonRmse = ACCESS-ESM1-5_r4i1p1f1 and Tropflux[0m
[94m     ComputeCollection: metric = BiasTauxLonRmse[0m
[94m     ComputeMetric: oneVarRMSmetric, BiasTauxLonRmse = ACCESS-ESM1-5_r4i1p1f1 and Tropflux[0m
[93m                         NOTE: Estimated landmask applied[0m
[93m                         NOTE: Estimated landmask applied[0m
[93m                         NOTE: Estimated landmask applied[0m
[93m                         NOTE: Estimated landmask applied[0m
[94m     ComputeCollection: metric = EnsoAmpl[0m
[94m     ComputeMetric: oneVarmetric = ACCESS-ESM1-5_r4i1p1f1[0m
[94m     ComputeMetric: oneVarmetric = HadISST[0m
[94m     ComputeMetric: oneVarmetric = Tropflux[0m
[94m     ComputeCollection: metric = EnsodSstOce_2[0m
[94m     ComputeMetric: twoVarmetric = ACCESS-ESM1-5_r4i1p1f1[0m
[93m               EnsoUvcdatToolsLib ReadAndSelectRegion[0m
[93m                         hfls sign reversed[0m
[93m     range old = -3.25 to +244.98[0m
[93m     range new = -244.98 to +3.25[0m
[93m               EnsoUvcdatToolsLib ReadAndSelectRegion[0m
[93m                         hfss sign reversed[0m
[93m     range old = -2.82 to +35.93[0m
[93m     range new = -35.93 to +2.82[0m
[93m               EnsoUvcdatToolsLib ReadAndSelectRegion[0m
[93m                         hfls sign reversed[0m
[93m     range old = -3.25 to +264.02[0m
[93m     range new = -264.02 to +3.25[0m
[93m               EnsoUvcdatToolsLib ReadAndSelectRegion[0m
[93m                         hfss sign reversed[0m
[93m     range old = -2.82 to +64.73[0m
[93m     range new = -64.73 to +2.82[0m
[94m     ComputeMetric: twoVarmetric = HadISST_Tropflux[0m
[93m                         NOTE: Estimated landmask applied[0m
[93m                         NOTE: Estimated landmask applied[0m
[94m     ComputeMetric: twoVarmetric = Tropflux_Tropflux[0m
[93m                         NOTE: Estimated landmask applied[0m
[93m                         NOTE: Estimated landmask applied[0m
[94m     ComputeCollection: metric = EnsoFbSshSst[0m
[94m     ComputeMetric: twoVarmetric = ACCESS-ESM1-5_r4i1p1f1[0m
[94m     ComputeMetric: twoVarmetric = HadISST_AVISO[0m
[94m     ComputeMetric: twoVarmetric = Tropflux_AVISO[0m
[94m     ComputeCollection: metric = EnsoFbSstTaux[0m
[94m     ComputeMetric: twoVarmetric = ACCESS-ESM1-5_r4i1p1f1[0m
[93m                         NOTE: Estimated landmask applied[0m
[94m     ComputeMetric: twoVarmetric = HadISST_Tropflux[0m
[93m                         NOTE: Estimated landmask applied[0m
[93m                         NOTE: Estimated landmask applied[0m
[94m     ComputeMetric: twoVarmetric = Tropflux_Tropflux[0m
[93m                         NOTE: Estimated landmask applied[0m
[93m                         NOTE: Estimated landmask applied[0m
[94m     ComputeCollection: metric = EnsoFbSstThf[0m
[94m     ComputeMetric: twoVarmetric = ACCESS-ESM1-5_r4i1p1f1[0m
[93m               EnsoUvcdatToolsLib ReadAndSelectRegion[0m
[93m                         hfls sign reversed[0m
[93m     range old = -3.25 to +244.98[0m
[93m     range new = -244.98 to +3.25[0m
[93m               EnsoUvcdatToolsLib ReadAndSelectRegion[0m
[93m                         hfss sign reversed[0m
[93m     range old = -2.82 to +35.93[0m
[93m     range new = -35.93 to +2.82[0m
[93m               EnsoUvcdatToolsLib ReadAndSelectRegion[0m
[93m                         hfls sign reversed[0m
[93m     range old = -3.25 to +264.02[0m
[93m     range new = -264.02 to +3.25[0m
[93m               EnsoUvcdatToolsLib ReadAndSelectRegion[0m
[93m                         hfss sign reversed[0m
[93m     range old = -2.82 to +64.73[0m
[93m     range new = -64.73 to +2.82[0m
[94m     ComputeMetric: twoVarmetric = HadISST_Tropflux[0m
[93m                         NOTE: Estimated landmask applied[0m
[93m                         NOTE: Estimated landmask applied[0m
[94m     ComputeMetric: twoVarmetric = Tropflux_Tropflux[0m
[93m                         NOTE: Estimated landmask applied[0m
[93m                         NOTE: Estimated landmask applied[0m
[94m     ComputeCollection: metric = EnsoFbTauxSsh[0m
[94m     ComputeMetric: twoVarmetric = ACCESS-ESM1-5_r4i1p1f1[0m
[94m     ComputeMetric: twoVarmetric = Tropflux_AVISO[0m
[93m                         NOTE: Estimated landmask applied[0m
[94m     ComputeCollection: metric = EnsoSeasonality[0m
[94m     ComputeMetric: oneVarmetric = ACCESS-ESM1-5_r4i1p1f1[0m
[94m     ComputeMetric: oneVarmetric = HadISST[0m
[94m     ComputeMetric: oneVarmetric = Tropflux[0m
[94m     ComputeCollection: metric = EnsoSstLonRmse[0m
[94m     ComputeMetric: oneVarRMSmetric, EnsoSstLonRmse = ACCESS-ESM1-5_r4i1p1f1 and HadISST[0m
[94m     ComputeMetric: oneVarRMSmetric, EnsoSstLonRmse = ACCESS-ESM1-5_r4i1p1f1 and Tropflux[0m
[94m     ComputeCollection: metric = EnsoSstSkew[0m
[94m     ComputeMetric: oneVarmetric = ACCESS-ESM1-5_r4i1p1f1[0m
[94m     ComputeMetric: oneVarmetric = HadISST[0m
[94m     ComputeMetric: oneVarmetric = Tropflux[0m
完成时间: Mon Oct  5 04:01:07 UTC 2026
输出目录: /g/data/p66/ars599/ENSO_metrics/results_gadi_full
/scratch/p66/ars599/enso_metrics_cache/pythonpath/EnsoMetrics/EnsoMetricsLib.py:12116: UserWarning: areacell is None for variable 'skewness'; synthesising cosine-latitude weights. Provide areacella/sftlf for accurate spatial averages.
  sst2, keyerror = AverageMeridional(sst2)
数据清单: /g/data/p66/ars599/ENSO_metrics/results_gadi_full/manifests/inventory.json
ACCESS-ESM1-5: root=/g/data/fs38/publications/CMIP6/CMIP/CSIRO/ACCESS-ESM1-5/historical/r3i1p1f1, variables=['lhf', 'lwr', 'pr', 'shf', 'ssh', 'sst', 'swr', 'taux', 'tauy', 'thf'], split=[]
[94m     ComputeCollection: metric = BiasSstLonRmse[0m
[94m     ComputeMetric: oneVarRMSmetric, BiasSstLonRmse = ACCESS-ESM1-5_r3i1p1f1 and HadISST[0m
[94m     ComputeMetric: oneVarRMSmetric, BiasSstLonRmse = ACCESS-ESM1-5_r3i1p1f1 and Tropflux[0m
[94m     ComputeCollection: metric = BiasTauxLonRmse[0m
[94m     ComputeMetric: oneVarRMSmetric, BiasTauxLonRmse = ACCESS-ESM1-5_r3i1p1f1 and Tropflux[0m
[93m                         NOTE: Estimated landmask applied[0m
[93m                         NOTE: Estimated landmask applied[0m
[93m                         NOTE: Estimated landmask applied[0m
[93m                         NOTE: Estimated landmask applied[0m
[94m     ComputeCollection: metric = EnsoAmpl[0m
[94m     ComputeMetric: oneVarmetric = ACCESS-ESM1-5_r3i1p1f1[0m
[94m     ComputeMetric: oneVarmetric = HadISST[0m
[94m     ComputeMetric: oneVarmetric = Tropflux[0m
[94m     ComputeCollection: metric = EnsodSstOce_2[0m
[94m     ComputeMetric: twoVarmetric = ACCESS-ESM1-5_r3i1p1f1[0m
[93m               EnsoUvcdatToolsLib ReadAndSelectRegion[0m
[93m                         hfls sign reversed[0m
[93m     range old = -2.58 to +249.16[0m
[93m     range new = -249.16 to +2.58[0m
[93m               EnsoUvcdatToolsLib ReadAndSelectRegion[0m
[93m                         hfss sign reversed[0m
[93m     range old = -2.97 to +34.06[0m
[93m     range new = -34.06 to +2.97[0m
[93m               EnsoUvcdatToolsLib ReadAndSelectRegion[0m
[93m                         hfls sign reversed[0m
[93m     range old = -2.58 to +272.56[0m
[93m     range new = -272.56 to +2.58[0m
[93m               EnsoUvcdatToolsLib ReadAndSelectRegion[0m
[93m                         hfss sign reversed[0m
[93m     range old = -2.97 to +72.63[0m
[93m     range new = -72.63 to +2.97[0m
[94m     ComputeMetric: twoVarmetric = HadISST_Tropflux[0m
[93m                         NOTE: Estimated landmask applied[0m
[93m                         NOTE: Estimated landmask applied[0m
[94m     ComputeMetric: twoVarmetric = Tropflux_Tropflux[0m
[93m                         NOTE: Estimated landmask applied[0m
[93m                         NOTE: Estimated landmask applied[0m
[94m     ComputeCollection: metric = EnsoFbSshSst[0m
[94m     ComputeMetric: twoVarmetric = ACCESS-ESM1-5_r3i1p1f1[0m
[94m     ComputeMetric: twoVarmetric = HadISST_AVISO[0m
[94m     ComputeMetric: twoVarmetric = Tropflux_AVISO[0m
[94m     ComputeCollection: metric = EnsoFbSstTaux[0m
[94m     ComputeMetric: twoVarmetric = ACCESS-ESM1-5_r3i1p1f1[0m
[93m                         NOTE: Estimated landmask applied[0m
[94m     ComputeMetric: twoVarmetric = HadISST_Tropflux[0m
[93m                         NOTE: Estimated landmask applied[0m
[93m                         NOTE: Estimated landmask applied[0m
[94m     ComputeMetric: twoVarmetric = Tropflux_Tropflux[0m
[93m                         NOTE: Estimated landmask applied[0m
[93m                         NOTE: Estimated landmask applied[0m
[94m     ComputeCollection: metric = EnsoFbSstThf[0m
[94m     ComputeMetric: twoVarmetric = ACCESS-ESM1-5_r3i1p1f1[0m
[93m               EnsoUvcdatToolsLib ReadAndSelectRegion[0m
[93m                         hfls sign reversed[0m
[93m     range old = -2.58 to +249.16[0m
[93m     range new = -249.16 to +2.58[0m
[93m               EnsoUvcdatToolsLib ReadAndSelectRegion[0m
[93m                         hfss sign reversed[0m
[93m     range old = -2.97 to +34.06[0m
[93m     range new = -34.06 to +2.97[0m
[93m               EnsoUvcdatToolsLib ReadAndSelectRegion[0m
[93m                         hfls sign reversed[0m
[93m     range old = -2.58 to +272.56[0m
[93m     range new = -272.56 to +2.58[0m
[93m               EnsoUvcdatToolsLib ReadAndSelectRegion[0m
[93m                         hfss sign reversed[0m
[93m     range old = -2.97 to +72.63[0m
[93m     range new = -72.63 to +2.97[0m
[94m     ComputeMetric: twoVarmetric = HadISST_Tropflux[0m
[93m                         NOTE: Estimated landmask applied[0m
[93m                         NOTE: Estimated landmask applied[0m
[94m     ComputeMetric: twoVarmetric = Tropflux_Tropflux[0m
[93m                         NOTE: Estimated landmask applied[0m
[93m                         NOTE: Estimated landmask applied[0m
[94m     ComputeCollection: metric = EnsoFbTauxSsh[0m
[94m     ComputeMetric: twoVarmetric = ACCESS-ESM1-5_r3i1p1f1[0m
[94m     ComputeMetric: twoVarmetric = Tropflux_AVISO[0m
[93m                         NOTE: Estimated landmask applied[0m
[94m     ComputeCollection: metric = EnsoSeasonality[0m
[94m     ComputeMetric: oneVarmetric = ACCESS-ESM1-5_r3i1p1f1[0m
[94m     ComputeMetric: oneVarmetric = HadISST[0m
[94m     ComputeMetric: oneVarmetric = Tropflux[0m
[94m     ComputeCollection: metric = EnsoSstLonRmse[0m
[94m     ComputeMetric: oneVarRMSmetric, EnsoSstLonRmse = ACCESS-ESM1-5_r3i1p1f1 and HadISST[0m
[94m     ComputeMetric: oneVarRMSmetric, EnsoSstLonRmse = ACCESS-ESM1-5_r3i1p1f1 and Tropflux[0m
[94m     ComputeCollection: metric = EnsoSstSkew[0m
[94m     ComputeMetric: oneVarmetric = ACCESS-ESM1-5_r3i1p1f1[0m
[94m     ComputeMetric: oneVarmetric = HadISST[0m
[94m     ComputeMetric: oneVarmetric = Tropflux[0m
完成时间: Mon Oct  5 04:01:07 UTC 2026
输出目录: /g/data/p66/ars599/ENSO_metrics/results_gadi_full
